timestamp,open,high,low,close,volume,quote_asset_volume,n_trades,taker_buy_base_volume,taker_buy_quote_volume
1757462400.0,217.22,217.47,217.15,217.46,1957.413,425454.47531,1956.0,881.294,191557.47519
1757462460.0,217.46,217.52,217.39,217.45,2456.474,534205.84914,1148.0,1671.281,363450.34238
1757462520.0,217.45,217.45,217.26,217.33,1259.224,273687.30522,1036.0,347.093,75419.18015
1757462580.0,217.34,217.41,217.28,217.37,828.69,180128.45269,918.0,467.045,101517.97184
1757462640.0,217.36,217.43,217.36,217.43,729.997,158688.18978,542.0,551.479,119880.84471
1757462700.0,217.42,217.54,217.34,217.34,1532.081,333187.48656,1132.0,220.843,48022.56093
1757462760.0,217.35,217.38,217.14,217.15,2287.52,496923.1581,753.0,67.359,14636.70588
1757462820.0,217.15,217.15,217.0,217.03,1354.917,294089.76988,1000.0,282.277,61266.72896
1757462880.0,217.02,217.03,216.89,216.92,1301.756,282395.1588,655.0,493.848,107118.03933
1757462940.0,216.92,216.92,216.66,216.77,1721.563,373138.25683,1091.0,407.456,88299.34553
1757463000.0,216.76,216.87,216.65,216.87,1096.953,237765.59697,1145.0,537.301,116448.64751
1757463060.0,216.87,216.88,216.65,216.74,815.712,176848.80239,794.0,159.524,34568.34902
1757463120.0,216.74,217.07,216.74,217.01,858.238,186152.61652,764.0,533.124,115605.28102
1757463180.0,217.02,217.17,217.01,217.05,816.361,177223.43504,565.0,590.172,128121.81919
1757463240.0,217.04,217.04,216.94,216.94,551.617,119688.8472,411.0,205.764,44643.11095
1757463300.0,216.94,216.94,216.68,216.69,576.305,124948.29951,908.0,91.872,19916.94139
1757463360.0,216.69,216.85,216.65,216.65,1061.801,230135.19893,1176.0,644.984,139791.69443
1757463420.0,216.66,216.66,216.45,216.48,2556.536,553613.06938,1065.0,670.473,145204.73467
1757463480.0,216.48,216.5,215.99,216.16,66823.118,14442502.14552,5336.0,40734.248,8801946.10401
1757463540.0,216.16,216.34,216.15,216.23,1094.953,236810.82872,2327.0,354.347,76632.46256
1757463600.0,216.24,216.3,216.2,216.23,1504.698,325373.18922,656.0,144.757,31301.94073
1757463660.0,216.23,216.28,216.08,216.24,2285.022,493968.98162,1383.0,811.046,175337.09316
1757463720.0,216.23,216.23,216.09,216.13,1571.21,339591.93299,996.0,401.991,86875.36982
1757463780.0,216.12,216.12,216.0,216.09,1761.948,380679.68908,714.0,477.164,103090.92459
1757463840.0,216.08,216.41,215.99,216.4,5720.563,1236978.20678,1403.0,3730.008,806537.10632
1757463900.0,216.4,216.4,216.05,216.05,1923.692,416053.38123,987.0,187.916,40646.13581
1757463960.0,216.05,216.18,215.88,215.94,12286.57,2653670.61487,3187.0,4937.139,1066124.84364
1757464020.0,215.94,216.01,215.79,216.0,3852.26,831714.68338,2250.0,1120.557,241949.12327
1757464080.0,215.99,216.11,215.84,216.05,2265.386,489302.93479,1872.0,885.324,191219.97433
1757464140.0,216.05,216.21,216.02,216.12,974.193,210561.63302,1707.0,556.539,120288.18089
1757464200.0,216.12,216.12,215.68,215.85,6090.446,1314643.19248,2678.0,1395.439,301326.98851
1757464260.0,215.85,216.2,215.64,216.14,6723.369,1452307.60108,4168.0,4872.202,1052447.99383
1757464320.0,216.13,216.28,216.08,216.25,2247.062,485709.70826,2534.0,1636.419,353721.56211
1757464380.0,216.26,216.37,216.19,216.26,1147.009,248104.56136,1633.0,703.83,152239.8397
1757464440.0,216.27,216.31,216.02,216.05,659.919,142636.27634,697.0,127.931,27650.25819
1757464500.0,216.05,216.18,215.99,216.12,2044.588,441783.46618,2065.0,947.714,204775.16409
1757464560.0,216.12,216.44,216.08,216.38,1185.018,256377.70768,1502.0,843.456,182488.69541
1757464620.0,216.39,216.53,216.33,216.4,4502.214,974531.52634,2244.0,2902.296,628194.62877
1757464680.0,216.4,216.57,216.38,216.44,9337.893,2021409.00078,1264.0,8472.51,1834097.72337
1757464740.0,216.44,216.47,216.36,216.36,515.19,111491.44257,559.0,151.971,32885.54845
1757464800.0,216.36,216.4,216.08,216.11,999.915,216208.2046,1342.0,355.367,76858.4667
1757464860.0,216.11,216.13,215.99,216.05,1727.723,373252.25685,1075.0,1128.295,243743.59829
1757464920.0,216.06,216.24,216.06,216.16,817.082,176631.22199,1028.0,429.233,92776.21823
1757464980.0,216.15,216.25,216.15,216.24,936.764,202522.30486,758.0,755.278,163280.56183
1757465040.0,216.24,216.3,216.24,216.25,227.695,49245.58817,373.0,72.027,15577.3692
1757465100.0,216.24,216.3,216.06,216.06,431.881,93372.4391,759.0,112.762,24383.80049
1757465160.0,216.07,216.07,215.96,216.03,1462.39,315863.60434,794.0,328.667,70988.4678
1757465220.0,216.03,216.03,215.85,215.89,540.397,116679.21749,653.0,144.253,31141.13275
1757465280.0,215.89,215.9,215.73,215.73,831.439,179412.80222,525.0,265.689,57331.69634
1757465340.0,215.73,215.74,215.62,215.66,2065.289,445388.45453,810.0,824.457,177792.69119
1757465400.0,215.67,215.67,215.58,215.62,1800.236,388193.87485,972.0,1393.3,300443.78605
1757465460.0,215.61,215.63,215.38,215.44,16943.763,3650264.59602,2189.0,12231.163,2634840.25957
1757465520.0,215.45,215.5,215.42,215.44,1300.077,280124.88016,925.0,715.589,154194.49451
1757465580.0,215.45,215.49,215.38,215.39,955.948,205964.96001,724.0,270.638,58310.02388
1757465640.0,215.39,215.4,215.29,215.29,3020.832,650528.95558,1160.0,710.079,152927.44456
1757465700.0,215.29,215.42,215.2,215.21,1925.678,414577.90581,1557.0,971.842,209242.77597
1757465760.0,215.2,215.25,215.09,215.25,1985.497,427278.49498,1474.0,881.344,189685.52466
1757465820.0,215.25,215.39,215.21,215.22,1675.96,360809.01845,1399.0,1002.737,215863.19158
1757465880.0,215.22,215.25,215.15,215.15,699.508,150544.5683,595.0,191.679,41252.685
1757465940.0,215.15,215.25,215.12,215.23,3216.678,692231.64779,984.0,1295.675,278817.37246
1757466000.0,215.22,215.5,215.22,215.5,1997.999,430347.27392,1111.0,946.066,203775.82035
1757466060.0,215.5,215.57,215.28,215.28,930.456,200472.38656,1391.0,382.827,82504.51467
1757466120.0,215.29,215.3,215.15,215.28,1658.853,357010.92081,1240.0,1104.554,237714.94397
1757466180.0,215.28,215.41,215.19,215.33,1348.847,290390.56505,1607.0,621.032,133701.17284
1757466240.0,215.33,215.45,215.26,215.44,2164.391,466125.34064,1010.0,1866.038,401879.35602
1757466300.0,215.44,215.61,215.42,215.59,1663.062,358402.16199,1251.0,758.874,163572.18621
1757466360.0,215.59,215.64,215.55,215.55,1504.902,324425.28891,1048.0,1221.415,263304.67781
1757466420.0,215.56,215.56,215.26,215.37,1544.907,332750.83369,1403.0,1020.12,219689.24248
1757466480.0,215.37,215.37,215.22,215.34,1057.962,227754.93553,1309.0,584.941,125914.19931
1757466540.0,215.35,215.59,215.32,215.55,593.323,127862.42296,1400.0,369.19,79562.1282
1757466600.0,215.56,215.56,215.39,215.42,424.02,91362.61692,622.0,102.621,22107.6259
1757466660.0,215.42,215.58,215.38,215.49,2060.735,444080.73897,1512.0,1352.42,291423.61299
1757466720.0,215.49,215.54,215.28,215.4,1560.016,335965.27804,1150.0,703.813,151575.94299
1757466780.0,215.4,215.43,215.34,215.39,1007.983,217104.1878,905.0,460.309,99147.48854
1757466840.0,215.39,215.49,215.39,215.48,1409.485,303691.47991,626.0,728.88,157046.78405
1757466900.0,215.48,215.51,215.39,215.51,1083.517,233472.23541,906.0,915.064,197177.57736
1757466960.0,215.52,215.93,215.52,215.65,2477.984,534706.16131,1689.0,1651.994,356441.11933
1757467020.0,215.65,215.75,215.56,215.61,923.737,199206.48426,1342.0,361.668,77992.52264
1757467080.0,215.61,215.92,215.58,215.92,21003.481,4532464.46026,1923.0,15034.405,3243877.93302
1757467140.0,215.93,216.2,215.92,216.15,2505.852,541335.14072,1280.0,1473.102,318268.22128
1757467200.0,216.14,216.41,216.14,216.36,17127.486,3705136.0587,2591.0,11005.553,2380424.78813
1757467260.0,216.37,216.43,216.0,216.02,1768.934,382539.35374,1639.0,1028.976,222534.433
1757467320.0,216.02,216.12,215.91,215.95,2449.343,529067.13491,1585.0,1543.672,333422.99022
1757467380.0,215.96,216.25,215.96,216.17,937.669,202648.83323,1342.0,580.579,125454.14307
1757467440.0,216.17,216.29,216.14,216.15,1043.433,225572.79907,861.0,685.475,148184.55841
1757467500.0,216.14,216.35,216.13,216.24,848.507,183454.49473,1151.0,618.135,133646.54456
1757467560.0,216.24,216.39,216.14,216.15,2244.457,485495.29788,1159.0,2048.07,443027.96399
1757467620.0,216.14,216.21,215.96,215.97,1278.068,276183.47471,1030.0,618.218,133612.75085
1757467680.0,215.96,216.01,215.74,215.8,11484.349,2478540.65201,1040.0,6782.7,1463694.23085
1757467740.0,215.8,215.85,215.71,215.85,1420.229,306474.42784,751.0,1096.033,236524.23848
1757467800.0,215.85,216.16,215.85,216.16,1452.236,313675.24598,1664.0,572.451,123640.51766
1757467860.0,216.16,216.28,215.98,216.01,1156.034,249876.06569,1655.0,488.726,105639.65726
1757467920.0,216.0,216.0,215.81,215.85,685.567,148008.06246,1059.0,381.307,82311.24944
1757467980.0,215.85,216.05,215.85,215.93,1003.655,216726.0536,1151.0,454.595,98150.30317
1757468040.0,215.94,216.25,215.94,216.24,687.623,148572.40081,1067.0,615.705,133035.1991
1757468100.0,216.24,216.4,216.12,216.12,1385.825,299721.58558,1728.0,708.252,153176.65995
1757468160.0,216.11,216.42,216.11,216.42,2082.674,450424.08056,1452.0,1952.043,422171.10473
1757468220.0,216.41,216.54,216.37,216.38,2566.178,555492.06848,1085.0,1921.145,415857.49673
1757468280.0,216.38,216.39,216.08,216.15,1091.005,235832.43877,1035.0,646.505,139727.43247
1757468340.0,216.16,216.16,216.07,216.1,483.58,104513.73186,594.0,127.979,27658.6266
1757468400.0,216.09,216.09,215.78,215.86,1757.285,379428.68098,1221.0,393.237,84900.1546
1757468460.0,215.86,216.06,215.8,216.06,3026.817,653436.57009,1643.0,2572.464,555325.76325
1757468520.0,216.05,216.06,215.95,216.02,796.631,172092.44066,757.0,163.745,35369.08731
1757468580.0,216.02,216.09,215.96,216.09,602.688,130196.18884,714.0,399.246,86250.58993
1757468640.0,216.09,216.09,215.96,216.0,465.416,100538.60958,534.0,138.747,29968.77672
1757468700.0,216.0,216.03,215.75,215.85,2767.834,597561.09024,1156.0,1271.497,274494.31499
1757468760.0,215.85,215.85,215.61,215.62,1351.134,291483.41374,713.0,129.626,27964.81599
1757468820.0,215.61,215.75,215.6,215.75,1233.048,265917.62567,876.0,769.482,165942.27498
1757468880.0,215.74,215.92,215.74,215.87,1257.579,271399.55294,1067.0,526.491,113609.72425
1757468940.0,215.86,215.87,215.76,215.82,1467.523,316742.82068,1111.0,596.91,128833.9826
1757469000.0,215.83,215.84,215.6,215.72,1538.268,331801.38953,1448.0,672.953,145126.06502
1757469060.0,215.73,215.76,215.64,215.75,1148.0,247647.23825,849.0,888.467,191654.63505
1757469120.0,215.75,216.02,215.75,215.92,671.218,144907.75931,1026.0,393.707,84970.40232
1757469180.0,215.91,215.92,215.8,215.86,573.482,123795.12625,807.0,307.12,66293.2385
1757469240.0,215.86,215.86,215.76,215.81,581.779,125539.95562,559.0,422.427,91151.86651
1757469300.0,215.8,215.8,215.75,215.76,242.474,52318.2137,287.0,52.511,11330.318
1757469360.0,215.77,215.93,215.72,215.93,784.57,169306.1968,994.0,574.454,123970.18223
1757469420.0,215.93,216.07,215.92,216.04,627.689,135595.87057,604.0,325.998,70421.9269
1757469480.0,216.04,216.16,216.03,216.14,1567.68,338823.21495,623.0,1428.284,308695.08734
1757469540.0,216.14,216.32,216.13,216.31,9277.28,2006399.13752,1181.0,6991.253,1511939.99959
1757469600.0,216.32,216.56,216.32,216.55,2474.372,535574.11571,1004.0,2236.595,484107.99447
1757469660.0,216.56,216.74,216.56,216.74,4293.961,930179.73876,1546.0,3377.166,731556.08884
1757469720.0,216.74,217.19,216.73,217.14,13157.408,2854912.51674,2758.0,9607.078,2084336.44569
1757469780.0,217.14,217.27,217.08,217.11,3753.332,815112.23252,1680.0,2108.741,457967.26915
1757469840.0,217.11,217.14,217.05,217.13,1380.431,299672.5854,697.0,916.477,198953.12599
1757469900.0,217.13,217.15,217.0,217.06,5329.897,1156652.91302,1235.0,599.746,130167.50218
1757469960.0,217.06,217.06,216.83,216.96,16324.855,3542153.66077,1502.0,889.473,192900.49334
1757470020.0,216.96,217.29,216.85,217.28,2732.455,593217.0213,1732.0,2231.039,484332.63581
1757470080.0,217.27,217.78,217.27,217.46,23301.059,5070856.07249,4644.0,11610.439,2526051.13914
1757470140.0,217.46,217.59,217.4,217.45,2013.038,437791.27471,1509.0,1271.654,276558.8403
1757470200.0,217.45,217.76,217.43,217.75,3364.865,731990.13269,1546.0,2474.066,538191.11582
1757470260.0,217.75,218.1,217.75,217.81,12900.531,2811138.70783,3864.0,10373.911,2260536.47328
1757470320.0,217.8,218.31,217.79,217.95,9122.198,1989650.44083,4596.0,6317.488,1377836.14737
1757470380.0,217.94,218.13,217.79,218.08,2513.643,547876.60054,1949.0,1660.893,362029.75959
1757470440.0,218.08,218.09,217.88,217.95,1406.578,306611.43791,1152.0,691.242,150666.02324
1757470500.0,217.95,217.97,217.8,217.81,3210.505,699536.74335,1619.0,2353.34,512764.79816
1757470560.0,217.81,218.0,217.69,217.99,8540.549,1860218.16121,2079.0,3097.977,674838.99944
1757470620.0,217.99,217.99,217.58,217.58,2274.72,495351.5427,1608.0,685.985,149434.71919
1757470680.0,217.58,217.58,217.4,217.44,1552.296,337588.44972,949.0,889.638,193481.42043
1757470740.0,217.44,217.63,217.29,217.63,3221.504,700412.84862,1544.0,2269.138,493391.43289
1757470800.0,217.62,217.63,217.48,217.54,917.463,199603.66348,1236.0,214.417,46644.04998
1757470860.0,217.55,218.05,217.54,217.96,5729.461,1248276.933,2710.0,3680.159,801706.9882
1757470920.0,217.95,218.44,217.93,218.31,5470.036,1193887.68059,3087.0,4142.807,904176.27601
1757470980.0,218.31,218.48,218.26,218.41,3184.653,695546.29873,2348.0,2004.234,437732.10328
1757471040.0,218.41,219.09,218.35,218.96,44289.741,9695455.31576,6695.0,23601.87,5165201.98439
1757471100.0,218.96,219.17,218.93,219.16,5268.475,1154125.11898,3990.0,3137.512,687285.42898
1757471160.0,219.17,219.49,219.09,219.1,7266.817,1593631.05937,4388.0,4607.129,1010317.91446
1757471220.0,219.11,219.24,218.94,219.09,6282.701,1376393.83526,2792.0,4173.412,914296.92697
1757471280.0,219.09,219.14,218.97,219.0,3324.466,728198.31496,2531.0,780.047,170838.70672
1757471340.0,219.01,219.18,218.84,218.84,10586.198,2318836.3397,3099.0,8455.726,1852207.8851
1757471400.0,218.83,218.93,218.62,218.7,2470.355,540435.01239,2411.0,1039.967,227578.93184
1757471460.0,218.71,219.25,218.71,218.99,5340.275,1169846.28733,3519.0,3352.544,734302.35405
1757471520.0,218.99,219.06,218.81,219.03,11996.339,2626643.97365,3001.0,1069.722,234191.31659
1757471580.0,219.04,219.45,219.02,219.41,10817.423,2372610.36171,1960.0,8240.195,1807542.88972
1757471640.0,219.42,219.48,219.19,219.27,3390.465,743703.45339,2308.0,2030.858,445465.14608
1757471700.0,219.27,219.41,219.1,219.36,4743.708,1040371.69749,2141.0,2306.423,505782.10095
1757471760.0,219.37,219.59,219.12,219.49,10463.551,2296417.92604,3147.0,8478.214,1860790.28492
1757471820.0,219.48,219.5,219.02,219.02,10937.369,2398794.20261,3532.0,7060.589,1548494.50299
1757471880.0,219.02,219.02,218.84,218.93,2175.957,476379.28763,1446.0,607.271,132939.2366
1757471940.0,218.94,219.04,218.77,219.03,2142.918,469008.69213,1480.0,1390.311,304277.27468
1757472000.0,219.03,219.39,218.94,219.38,1929.634,422903.94497,2214.0,999.339,219050.2281
1757472060.0,219.39,219.53,219.39,219.5,3359.674,737399.54629,1478.0,2096.982,460255.32685
1757472120.0,219.5,219.54,219.31,219.31,2228.121,488974.19827,1421.0,480.194,105378.70764
1757472180.0,219.32,219.47,219.25,219.46,1749.415,383667.31679,1325.0,1374.755,301492.04379
1757472240.0,219.46,219.51,219.3,219.44,7706.584,1691030.35682,1902.0,6410.692,1406673.99811
1757472300.0,219.43,219.65,219.36,219.36,5012.587,1100450.22677,2178.0,2762.677,606510.37468
1757472360.0,219.35,219.36,219.14,219.14,8068.707,1769235.7816,2019.0,733.638,160843.14617
1757472420.0,219.14,219.29,219.1,219.22,2706.567,593276.14335,1917.0,1440.29,315687.09956
1757472480.0,219.21,219.28,219.15,219.25,2135.606,468123.52228,1439.0,1159.773,254216.18873
1757472540.0,219.24,219.3,219.13,219.28,1642.3,360063.14251,1379.0,914.253,200459.00788
1757472600.0,219.29,219.42,219.23,219.23,2135.657,468397.78702,1463.0,1203.074,263858.64156
1757472660.0,219.23,219.49,219.17,219.34,2286.701,501564.31432,2112.0,1338.923,293644.26073
1757472720.0,219.35,219.39,219.13,219.13,2760.899,605382.60794,1297.0,1413.054,309856.41766
1757472780.0,219.13,219.13,219.02,219.13,5634.976,1234392.1943,1110.0,4473.085,979876.35381
1757472840.0,219.12,219.2,219.06,219.12,1739.502,381169.10952,1086.0,1023.981,224367.61176
1757472900.0,219.11,219.13,218.94,219.06,12062.538,2641723.03713,1570.0,1158.545,253719.52878
1757472960.0,219.06,219.09,218.93,218.93,1568.544,343510.61642,1346.0,1020.982,223602.95404
1757473020.0,218.93,219.04,218.92,219.02,462.51,101272.72499,628.0,252.813,55356.37909
1757473080.0,219.02,219.18,219.02,219.16,900.637,197313.46196,605.0,507.583,111205.54001
1757473140.0,219.17,219.25,219.14,219.19,1944.722,426253.29612,1149.0,1248.11,273562.41235
1757473200.0,219.19,219.19,219.01,219.02,1310.948,287240.93024,1013.0,198.266,43438.16157
1757473260.0,219.01,219.02,218.86,218.97,1481.46,324338.15128,1476.0,553.237,121108.51671
1757473320.0,218.97,219.1,218.89,218.89,1440.003,315335.99652,1444.0,706.515,154716.25883
1757473380.0,218.89,218.89,218.69,218.76,1562.459,341769.26465,1081.0,508.207,111153.84275
1757473440.0,218.76,218.89,218.69,218.75,1113.874,243712.8975,1339.0,498.514,109065.67282
1757473500.0,218.74,218.75,218.55,218.58,3941.58,861784.22227,1440.0,635.223,138881.86462
1757473560.0,218.58,218.95,218.51,218.93,2619.597,572861.73035,1454.0,1795.997,392775.46736
1757473620.0,218.93,219.1,218.8,218.97,4087.661,894959.28516,2472.0,2991.167,654893.31736
1757473680.0,218.97,219.0,218.66,218.78,1846.412,403978.65997,1668.0,431.625,94445.12766
1757473740.0,218.79,218.79,218.52,218.56,1347.578,294572.56608,1207.0,463.625,101331.7849
1757473800.0,218.56,218.69,218.52,218.68,778.434,170163.48293,778.0,480.142,104962.56647
1757473860.0,218.69,218.94,218.69,218.93,1795.737,392893.02445,937.0,1310.185,286659.9859
1757473920.0,218.94,218.97,218.81,218.93,2083.096,455935.04118,1304.0,1594.068,348902.34215
1757473980.0,218.93,219.1,218.93,219.06,4983.002,1091199.9106,930.0,3892.567,852408.61759
1757474040.0,219.06,219.1,218.93,219.09,1493.185,326991.21983,1040.0,435.766,95423.48793
1757474100.0,219.1,219.4,219.1,219.39,2803.505,614657.05863,1262.0,2113.262,463373.26478
1757474160.0,219.39,219.49,219.25,219.3,2479.118,543941.07862,1925.0,1137.865,249634.53141
1757474220.0,219.3,219.53,219.15,219.17,3526.692,773711.42188,2055.0,1677.105,367970.04273
1757474280.0,219.18,219.22,218.87,218.87,1908.516,418056.08513,1541.0,349.696,76598.47967
1757474340.0,218.86,218.9,218.77,218.77,1392.512,304699.04473,836.0,797.349,174465.9366
1757474400.0,218.77,218.9,218.63,218.68,845.417,184955.6483,1509.0,205.313,44918.97897
1757474460.0,218.68,219.01,218.66,218.97,4176.077,914154.65903,1483.0,3324.9,727846.7726
1757474520.0,218.97,219.04,218.92,219.02,464.88,101797.12399,603.0,161.178,35295.29322
1757474580.0,219.01,219.03,218.86,218.88,1350.315,295614.7035,1378.0,792.128,173393.59816
1757474640.0,218.88,218.89,218.73,218.81,929.993,203459.01878,599.0,773.176,169146.276
1757474700.0,218.8,218.84,218.63,218.74,842.606,184298.86888,1006.0,385.654,84345.88295
1757474760.0,218.75,218.76,218.64,218.64,1125.747,246203.00344,696.0,510.093,111546.62308
1757474820.0,218.64,218.74,218.57,218.7,2634.362,576016.72679,896.0,1687.122,368905.03773
1757474880.0,218.69,218.7,218.31,218.34,2388.065,521741.63412,1715.0,231.289,50532.2127
1757474940.0,218.35,218.41,218.06,218.17,4310.205,940406.62285,1886.0,968.626,211332.74596
1757475000.0,218.18,218.33,218.11,218.26,2245.567,490036.19248,1283.0,1158.435,252800.07416
1757475060.0,218.25,218.43,218.2,218.43,1367.343,298458.26123,962.0,1245.477,271858.73325
1757475120.0,218.43,218.48,218.35,218.35,248.232,54222.85927,485.0,51.51,11250.04231
1757475180.0,218.36,218.48,218.35,218.47,421.777,92126.14366,401.0,241.783,52805.24766
1757475240.0,218.47,218.54,218.33,218.33,877.959,191792.71219,994.0,150.055,32782.52233
1757475300.0,218.32,218.32,218.09,218.27,1182.495,257999.80625,1118.0,476.286,103908.18525
1757475360.0,218.26,218.46,218.19,218.46,2222.176,485011.52849,1066.0,1886.57,411755.47186
1757475420.0,218.46,218.58,218.43,218.57,843.356,184277.71805,780.0,553.453,120933.04916
1757475480.0,218.57,218.7,218.54,218.69,1356.003,296410.03607,911.0,936.01,204590.93592
1757475540.0,218.69,218.74,218.56,218.67,929.654,203277.48144,1160.0,575.742,125891.52382
1757475600.0,218.67,218.7,218.61,218.62,843.856,184514.69259,457.0,148.593,32491.79212
1757475660.0,218.62,218.77,218.62,218.77,588.215,128651.17342,650.0,408.299,89295.39413
1757475720.0,218.76,218.93,218.76,218.86,1070.979,234399.23975,1054.0,545.171,119311.33987
1757475780.0,218.86,218.93,218.8,218.89,517.275,113226.2625,744.0,195.837,42864.66175
1757475840.0,218.9,218.97,218.9,218.97,269.532,59012.77468,211.0,224.124,49070.28842
1757475900.0,218.97,219.1,218.9,218.96,2838.125,621507.67236,1196.0,1160.48,254145.22242
1757475960.0,218.97,219.05,218.94,218.94,1196.936,262132.84832,884.0,655.575,143574.57722
1757476020.0,218.95,218.96,218.78,218.87,763.447,167072.56764,775.0,398.773,87264.08855
1757476080.0,218.88,219.2,218.88,219.06,1313.404,287760.85979,1420.0,761.453,166816.75246
1757476140.0,219.06,219.18,219.04,219.04,920.767,201737.6084,949.0,690.027,151177.633
1757476200.0,219.05,219.15,219.03,219.12,668.144,146382.13534,586.0,438.731,96121.73088
1757476260.0,219.12,219.12,219.04,219.12,1135.809,248860.58646,681.0,949.694,208083.48477
1757476320.0,219.11,219.14,218.96,219.01,2016.057,441596.0403,681.0,1503.806,329394.89766
1757476380.0,219.02,219.08,218.86,218.88,1770.308,387727.21738,992.0,1071.411,234687.11865
1757476440.0,218.87,219.08,218.87,219.07,1811.984,396747.38366,890.0,853.227,186816.10739
1757476500.0,219.07,219.08,218.98,219.07,1087.815,238258.49673,514.0,928.078,203269.81616
1757476560.0,219.07,219.23,219.04,219.23,3093.718,677881.46385,907.0,2514.289,550905.84922
1757476620.0,219.23,219.25,219.12,219.13,785.118,172110.94492,498.0,452.119,99116.49476
1757476680.0,219.12,219.13,219.04,219.1,796.887,174580.91848,698.0,444.645,97410.3201
1757476740.0,219.1,219.2,219.05,219.2,522.629,114512.71267,548.0,419.266,91869.32294
1757476800.0,219.2,219.2,219.08,219.12,363.004,79550.98498,599.0,138.268,30299.96573
1757476860.0,219.12,219.13,218.89,218.98,1978.444,433301.06228,1509.0,461.584,101071.62972
1757476920.0,218.98,219.07,218.88,218.88,663.118,145218.00229,878.0,147.736,32353.11752
1757476980.0,218.88,219.09,218.88,219.01,845.27,185099.17002,850.0,587.627,128661.45001
1757477040.0,219.0,219.0,218.78,218.93,1468.83,321486.06857,1154.0,872.753,191040.04533
1757477100.0,218.94,219.0,218.78,218.78,1830.066,400613.49124,956.0,1449.638,317346.72694
1757477160.0,218.79,218.81,218.76,218.81,553.826,121169.81199,432.0,156.525,34246.447
1757477220.0,218.8,218.86,218.74,218.82,3863.751,845427.96,1072.0,1145.442,250611.96867
1757477280.0,218.82,218.86,218.63,218.65,1127.346,246666.97758,1080.0,68.014,14877.52127
1757477340.0,218.64,218.65,218.55,218.62,878.633,192069.20127,850.0,706.475,154434.60586
1757477400.0,218.63,218.7,218.56,218.62,826.744,180750.85708,1113.0,335.387,73328.24638
1757477460.0,218.62,218.64,218.51,218.52,544.283,118980.78428,602.0,121.655,26593.04084
1757477520.0,218.51,218.58,218.5,218.5,396.599,86664.31494,350.0,161.032,35188.49776
1757477580.0,218.51,218.78,218.51,218.77,1197.772,261881.28128,1042.0,1022.725,223599.60278
1757477640.0,218.78,218.87,218.76,218.83,762.076,166742.72986,624.0,553.071,121012.56879
1757477700.0,218.83,218.83,218.6,218.69,824.051,180204.9956,1120.0,351.69,76898.39826
1757477760.0,218.69,218.88,218.67,218.79,1397.282,305727.4247,1245.0,759.584,166185.97131
1757477820.0,218.8,218.93,218.8,218.91,650.066,142280.91068,939.0,506.0,110748.67321
1757477880.0,218.91,218.91,218.72,218.84,1399.614,306280.08213,1357.0,907.552,198592.78735
1757477940.0,218.84,218.91,218.74,218.75,709.886,155341.07965,720.0,352.325,77103.70316
1757478000.0,218.75,218.8,218.6,218.6,377.175,82500.90707,949.0,226.4,49524.0902
1757478060.0,218.6,218.63,218.55,218.58,736.317,160959.58944,714.0,497.564,108770.34006
1757478120.0,218.58,218.76,218.57,218.73,1060.266,231784.92878,816.0,569.688,124544.9529
1757478180.0,218.74,218.74,218.66,218.69,825.094,180436.82152,808.0,561.468,122782.9265
1757478240.0,218.69,218.76,218.68,218.7,349.1,76354.09627,382.0,136.448,29842.76741
1757478300.0,218.69,218.75,218.68,218.69,349.271,76392.43261,498.0,165.756,36253.06442
1757478360.0,218.68,218.69,218.58,218.63,858.294,187646.0898,882.0,490.621,107262.12846
1757478420.0,218.63,218.88,218.63,218.87,1605.219,351106.14887,922.0,1038.576,227159.57917
1757478480.0,218.87,218.97,218.76,218.76,729.854,159760.86882,986.0,423.99,92814.46379
1757478540.0,218.77,218.87,218.76,218.86,727.921,159282.91003,599.0,607.577,132948.09637
1757478600.0,218.85,218.99,218.71,218.99,1164.436,254834.51441,1039.0,954.4,208861.51654
1757478660.0,218.98,219.15,218.95,218.96,1597.623,349941.79984,953.0,1183.279,259181.40156
1757478720.0,218.95,219.0,218.78,218.78,610.883,133734.06446,675.0,103.548,22671.86839
1757478780.0,218.79,218.79,218.63,218.64,711.812,155673.12378,463.0,389.356,85150.86096
1757478840.0,218.63,218.71,218.41,218.71,9149.257,1999347.65151,1146.0,1010.609,220881.44438
1757478900.0,218.71,218.81,218.62,218.8,1679.154,367250.44832,944.0,398.416,87144.77015
1757478960.0,218.81,218.9,218.8,218.87,589.152,128945.32285,347.0,227.504,49787.23344
1757479020.0,218.87,218.89,218.68,218.72,1567.798,342949.95449,1276.0,1231.834,269447.13705
1757479080.0,218.72,218.84,218.67,218.7,276.506,60484.62605,689.0,99.427,21749.21385
1757479140.0,218.7,218.7,218.47,218.48,638.001,139421.12886,757.0,248.756,54355.34686
1757479200.0,218.49,218.49,218.32,218.38,2127.521,464584.99797,904.0,488.274,106625.43189
1757479260.0,218.38,218.38,218.06,218.14,7565.811,1650696.3732,1706.0,1342.696,293021.99544
1757479320.0,218.14,218.15,218.09,218.1,196.464,42852.00562,277.0,54.063,11791.88319
1757479380.0,218.09,218.1,218.04,218.06,448.984,97902.9455,430.0,98.76,21535.70646
1757479440.0,218.06,218.06,217.82,217.9,4006.7,873044.24765,2111.0,1433.965,312428.28045
1757479500.0,217.89,217.98,217.85,217.94,2658.262,579258.7496,1620.0,1908.571,415886.91009
1757479560.0,217.94,218.06,217.92,218.05,1381.958,301228.48472,1036.0,765.811,166944.80081
1757479620.0,218.06,218.22,218.01,218.11,1073.788,234215.97342,1148.0,466.969,101841.29119
1757479680.0,218.1,218.1,218.06,218.06,315.936,68900.18413,267.0,109.706,23925.66899
1757479740.0,218.07,218.07,217.92,218.0,1936.813,422237.81995,849.0,404.989,88270.57968
1757479800.0,217.99,218.14,217.99,218.13,1459.393,318198.06836,919.0,1298.234,283050.50349
1757479860.0,218.13,218.27,218.11,218.27,1616.506,352664.91187,680.0,1353.677,295336.22744
1757479920.0,218.28,218.41,218.26,218.36,6059.66,1323097.09982,1199.0,4280.958,934669.00527
1757479980.0,218.35,218.46,218.35,218.42,1041.656,227538.15974,590.0,804.945,175830.28348
1757480040.0,218.41,218.42,218.35,218.39,520.94,113769.0356,489.0,349.494,76324.61589
1757480100.0,218.4,218.43,218.31,218.35,1242.384,271327.81857,885.0,710.835,155255.13541
1757480160.0,218.36,218.58,218.36,218.37,1137.637,248527.61081,1154.0,716.442,156517.6465
1757480220.0,218.37,218.37,218.32,218.32,177.258,38702.03922,198.0,105.448,23023.18093
1757480280.0,218.32,218.36,218.27,218.36,1286.183,280805.96249,510.0,864.84,188827.19195
1757480340.0,218.36,218.51,218.34,218.4,1763.227,385069.05891,972.0,582.778,127278.99218
1757480400.0,218.4,218.4,218.14,218.15,824.426,179982.56926,736.0,142.612,31122.7992
1757480460.0,218.15,218.27,218.05,218.05,1225.828,267427.67902,962.0,796.401,173752.90648
1757480520.0,218.05,218.21,218.0,218.21,1652.223,360360.90782,1181.0,1124.72,245318.82119
1757480580.0,218.2,218.21,217.99,218.0,700.487,152794.52852,1349.0,286.014,62386.19754
1757480640.0,218.0,218.03,217.9,217.96,1337.963,291612.29228,956.0,582.853,127032.18134
1757480700.0,217.97,218.09,217.97,218.09,1700.143,370696.63351,1005.0,1370.578,298846.52397
1757480760.0,218.08,218.3,218.04,218.27,844.651,184284.72379,1724.0,506.191,110439.61158
1757480820.0,218.27,218.4,218.21,218.22,2050.753,447658.98796,1157.0,1740.679,379974.92113
1757480880.0,218.22,218.25,217.9,217.95,1164.765,254015.97803,958.0,755.129,164708.81176
1757480940.0,217.95,218.2,217.86,218.15,1633.993,356200.18627,1397.0,765.612,166882.31151
1757481000.0,218.15,218.22,218.14,218.19,793.55,173129.65192,703.0,518.883,113202.52559
1757481060.0,218.2,218.32,218.13,218.25,2803.14,611660.89308,1139.0,2551.587,556759.83149
1757481120.0,218.24,218.34,218.17,218.31,956.468,208775.4323,798.0,398.346,86935.65071
1757481180.0,218.31,218.42,218.3,218.42,4617.067,1008089.97546,802.0,3330.636,727211.59694
1757481240.0,218.41,218.65,218.41,218.65,1518.468,331811.74152,1048.0,1170.57,255806.14246
1757481300.0,218.64,218.77,218.48,218.48,1777.495,388665.91706,1997.0,663.352,145036.71527
1757481360.0,218.48,218.48,218.27,218.4,760.299,166004.05965,1370.0,262.657,57348.80829
1757481420.0,218.4,218.4,218.23,218.24,960.587,209717.98364,1049.0,700.304,152901.12221
1757481480.0,218.25,218.25,218.14,218.16,857.405,187058.51026,518.0,616.678,134531.7447
1757481540.0,218.16,218.22,218.04,218.2,907.997,198061.41382,1245.0,586.655,127974.69279
1757481600.0,218.2,218.41,218.1,218.4,999.713,218246.59099,1275.0,579.258,126453.89829
1757481660.0,218.41,218.5,218.24,218.27,1388.165,303111.30636,1784.0,458.591,100121.83633
1757481720.0,218.27,218.36,218.16,218.23,2734.222,596713.54765,1130.0,358.689,78271.49057
1757481780.0,218.22,218.56,218.22,218.44,1895.276,413947.92797,1531.0,1391.781,303975.94882
1757481840.0,218.43,218.44,218.3,218.36,985.627,215218.2026,999.0,440.661,96213.93641
1757481900.0,218.35,218.54,218.34,218.53,1119.77,244557.43879,996.0,864.101,188720.19491
1757481960.0,218.53,218.63,218.5,218.5,2578.702,563555.94764,1001.0,2081.922,454978.91578
1757482020.0,218.49,218.54,218.38,218.54,1555.848,339837.641,918.0,482.778,105460.74545
1757482080.0,218.54,218.69,218.54,218.67,1072.511,234474.78637,742.0,818.893,179017.17456
1757482140.0,218.68,218.7,218.56,218.65,692.156,151340.92228,787.0,269.215,58865.69274
1757482200.0,218.64,218.77,218.61,218.62,1134.653,248131.85106,1300.0,630.722,137930.1134
1757482260.0,218.62,218.72,218.58,218.63,1020.748,223170.4848,800.0,856.097,187171.88482
1757482320.0,218.63,218.71,218.46,218.52,965.917,211137.73398,984.0,686.422,150042.13199
1757482380.0,218.53,218.64,218.31,218.38,1839.746,401896.94876,1430.0,1239.334,270725.50183
1757482440.0,218.38,218.56,218.31,218.53,1559.304,340591.32851,912.0,1290.318,281838.45063
1757482500.0,218.53,218.6,218.47,218.54,595.841,130213.83186,797.0,273.043,59669.33748
1757482560.0,218.55,218.65,218.53,218.54,486.739,106393.36288,939.0,188.894,41289.64745
1757482620.0,218.55,218.59,218.49,218.5,671.326,146718.31405,951.0,381.485,83375.87631
1757482680.0,218.5,218.58,218.44,218.56,448.79,98066.68518,566.0,210.084,45904.07905
1757482740.0,218.56,218.81,218.55,218.81,1613.688,352777.11034,863.0,1488.726,325439.48097
1757482800.0,218.8,218.96,218.8,218.96,3449.544,755084.40992,827.0,3129.351,684981.52602
1757482860.0,218.96,219.06,218.95,218.95,2178.204,477001.23921,787.0,1705.771,373541.54059
1757482920.0,218.94,218.99,218.92,218.96,439.271,96179.61296,404.0,215.418,47165.80543
1757482980.0,218.97,218.97,218.92,218.97,999.455,218828.92791,373.0,617.271,135151.36681
1757483040.0,218.97,219.05,218.96,218.96,1408.967,308595.46913,807.0,733.423,160634.57706
1757483100.0,218.96,219.15,218.96,219.15,2242.881,491387.51356,908.0,1957.585,428877.30003
1757483160.0,219.15,219.15,219.02,219.12,3787.046,829731.90568,1334.0,2546.007,557796.40425
1757483220.0,219.12,219.29,218.98,218.98,3572.212,782860.17005,1742.0,1947.09,426751.72651
1757483280.0,218.98,219.03,218.9,219.02,893.902,195742.19636,812.0,420.84,92153.28759
1757483340.0,219.02,219.08,218.98,219.02,1183.419,259202.72691,735.0,199.841,43771.58077
1757483400.0,219.03,219.15,218.87,218.88,3356.159,735236.79505,1538.0,2564.479,561827.90955
1757483460.0,218.88,218.93,218.74,218.75,1168.528,255710.88977,871.0,378.757,82883.336
1757483520.0,218.75,218.77,218.41,218.47,4473.373,977722.03032,1706.0,1141.628,249460.43049
1757483580.0,218.48,218.48,218.06,218.23,2487.769,543045.29023,2349.0,968.291,211318.4999
1757483640.0,218.23,218.23,217.88,218.07,3883.481,846716.03137,2784.0,1364.564,297533.34096
1757483700.0,218.08,218.27,217.94,218.24,2109.232,459914.65251,1987.0,1450.501,316237.19875
1757483760.0,218.25,218.37,218.17,218.36,1486.858,324505.88689,1387.0,451.904,98640.27934
1757483820.0,218.37,218.6,218.35,218.59,1057.083,230942.11102,1259.0,842.913,184159.01894
1757483880.0,218.58,218.6,218.43,218.44,1103.252,241113.27571,969.0,383.719,83856.28353
1757483940.0,218.45,218.66,218.44,218.63,1221.838,267055.94159,971.0,744.454,162704.33676
1757484000.0,218.63,218.64,218.39,218.42,1020.38,222944.12689,1093.0,287.074,62711.66636
1757484060.0,218.42,218.46,218.25,218.35,1718.369,375243.22525,952.0,721.788,157589.34386
1757484120.0,218.35,218.49,218.34,218.37,1643.117,358837.1474,753.0,1395.804,304824.32018
1757484180.0,218.38,218.6,218.38,218.59,1206.062,263571.02301,888.0,590.365,129002.00851
1757484240.0,218.6,218.73,218.54,218.73,1230.209,268948.10158,1070.0,587.445,128444.63973
1757484300.0,218.73,218.77,218.33,218.34,1772.977,387432.56575,1404.0,701.714,153277.31262
1757484360.0,218.33,218.34,218.05,218.06,1821.774,397505.19906,1196.0,690.058,150560.17705
1757484420.0,218.05,218.3,218.0,218.25,995.208,217025.62175,1075.0,582.639,127058.74201
1757484480.0,218.25,218.38,218.17,218.33,1143.599,249646.26516,1060.0,250.185,54616.66882
1757484540.0,218.34,218.38,218.21,218.26,1733.671,378440.6592,1330.0,385.311,84103.6682
1757484600.0,218.27,218.29,218.09,218.23,620.378,135364.58172,897.0,259.909,56708.41867
1757484660.0,218.24,218.34,218.15,218.31,1033.223,225491.76819,1414.0,546.53,119268.58463
1757484720.0,218.32,218.48,218.29,218.46,949.417,207334.80029,1014.0,433.633,94693.57456
1757484780.0,218.47,218.52,218.46,218.47,1246.97,272460.57035,699.0,336.694,73566.91378
1757484840.0,218.47,218.6,218.47,218.55,2360.339,515758.13668,1029.0,1707.641,373102.99101
1757484900.0,218.56,218.77,218.51,218.77,799.179,174727.00436,1069.0,633.336,138475.84182
1757484960.0,218.77,219.0,218.77,218.93,2692.373,589414.51164,1596.0,1466.375,320994.16153
1757485020.0,218.92,219.01,218.92,219.01,798.911,174946.61462,428.0,617.673,135262.20132
1757485080.0,219.01,219.15,218.97,218.98,3342.95,732419.85971,1509.0,1957.277,428839.87373
1757485140.0,218.98,218.98,218.83,218.83,1693.152,370641.46831,1093.0,821.187,179753.16273
1757485200.0,218.83,218.88,218.71,218.87,824.507,180367.4421,1159.0,505.724,110632.12848
1757485260.0,218.88,219.11,218.87,218.95,1938.098,424465.53861,1381.0,933.856,204500.23015
1757485320.0,218.94,219.08,218.87,219.04,2144.18,469572.19145,1483.0,1418.428,310642.06516
1757485380.0,219.03,219.05,218.87,219.03,2441.46,534649.29563,1773.0,1370.221,300044.02808
1757485440.0,219.02,219.09,218.96,218.98,1379.083,302066.03532,1239.0,406.855,89117.93669
1757485500.0,218.98,219.1,218.87,219.1,1824.427,399502.65544,1001.0,1633.583,357710.89899
1757485560.0,219.1,219.23,219.09,219.12,5684.175,1245843.3402,788.0,4494.651,985165.95449
1757485620.0,219.11,219.27,219.11,219.23,1821.496,399310.45344,738.0,1008.199,221015.35382
1757485680.0,219.23,219.36,219.23,219.35,6983.661,1531713.54412,1089.0,2777.304,609090.39576
1757485740.0,219.35,219.35,219.22,219.22,1417.918,310977.23579,701.0,349.881,76742.35267
1757485800.0,219.22,219.38,219.19,219.2,2543.581,557857.82266,1035.0,1893.43,415283.0676
1757485860.0,219.2,219.27,219.08,219.09,1684.558,369200.56736,1201.0,948.474,207895.37204
1757485920.0,219.09,219.26,218.98,219.11,3577.143,783910.23157,2228.0,2113.041,463035.75692
1757485980.0,219.1,219.21,219.1,219.2,827.597,181382.37307,638.0,600.12,131531.46058
1757486040.0,219.2,219.21,218.95,219.07,1923.793,421609.81552,1270.0,422.043,92487.50567
1757486100.0,219.07,219.17,218.88,218.97,2740.081,600164.08579,1356.0,843.84,184842.34474
1757486160.0,218.97,218.97,218.75,218.93,2626.517,574942.97084,1492.0,1127.997,246932.58291
1757486220.0,218.94,219.1,218.89,219.08,2005.242,439192.09637,888.0,512.487,112252.18586
1757486280.0,219.08,219.2,218.98,219.16,2671.38,585276.74571,1089.0,999.557,218951.93948
1757486340.0,219.16,219.23,219.15,219.22,448.256,98267.00927,244.0,316.868,69464.98096
1757486400.0,219.23,219.48,219.23,219.46,3857.17,846101.49381,1086.0,3165.885,694442.70113
1757486460.0,219.47,219.52,219.42,219.52,4334.574,951379.67065,794.0,3551.904,779611.95803
1757486520.0,219.51,219.55,219.29,219.47,3668.852,805121.033,1314.0,1172.542,257220.62826
1757486580.0,219.48,219.51,219.34,219.35,1868.676,409996.31392,1077.0,791.757,173693.93971
1757486640.0,219.35,219.45,219.28,219.37,2536.654,556442.07882,1007.0,883.953,193889.72509
1757486700.0,219.38,219.56,219.37,219.51,1360.615,298661.10533,1469.0,720.855,158221.52877
1757486760.0,219.51,219.55,219.5,219.54,836.29,183583.42728,576.0,442.238,97079.8543
1757486820.0,219.54,219.63,219.53,219.57,2237.114,491240.37798,756.0,1712.387,376014.33637
1757486880.0,219.57,219.57,219.45,219.45,2205.99,484181.54286,883.0,1133.886,248868.19904
1757486940.0,219.45,219.48,219.4,219.43,1259.929,276479.03678,483.0,757.184,166161.69223
1757487000.0,219.42,219.47,219.38,219.47,2344.192,514361.33051,1113.0,968.181,212439.59293
1757487060.0,219.47,219.49,219.43,219.44,884.97,194230.47172,343.0,682.845,149869.8208
1757487120.0,219.44,219.49,219.37,219.48,2104.944,461868.15832,902.0,1516.991,332862.8735
1757487180.0,219.47,219.48,219.32,219.37,2873.998,630536.10419,1227.0,1817.841,398802.15747
1757487240.0,219.38,219.45,219.17,219.19,1925.586,422330.35833,1234.0,829.726,181980.38146
1757487300.0,219.2,219.34,219.19,219.28,1846.007,404747.82589,1126.0,999.866,219224.51745
1757487360.0,219.28,219.31,219.19,219.19,1370.535,300502.00586,687.0,415.447,91096.14418
1757487420.0,219.2,219.2,219.07,219.14,1452.692,318337.33324,646.0,335.139,73440.48472
1757487480.0,219.13,219.14,219.05,219.07,2219.7,486348.02225,668.0,962.002,210778.68652
1757487540.0,219.06,219.21,219.06,219.19,2357.138,516510.58718,759.0,1768.588,387559.28233
1757487600.0,219.2,219.24,219.13,219.19,2062.754,452166.2588,694.0,669.349,146717.56198
1757487660.0,219.19,219.28,219.18,219.28,1588.641,348232.19543,553.0,727.463,159469.76769
1757487720.0,219.28,219.36,219.23,219.24,1963.218,430602.68371,735.0,330.124,72403.75978
1757487780.0,219.23,219.4,219.23,219.37,2735.944,600088.30163,915.0,1967.31,431490.06817
1757487840.0,219.38,219.45,219.38,219.42,761.227,167017.0181,361.0,534.658,117308.85805
1757487900.0,219.41,219.5,219.38,219.38,8384.7,1840031.85396,771.0,1592.006,349378.6037
1757487960.0,219.39,219.49,219.38,219.4,4446.161,975636.25492,785.0,2775.971,609132.12589
1757488020.0,219.39,219.39,219.19,219.19,2611.634,572716.14623,1085.0,538.944,118171.49312
1757488080.0,219.19,219.23,219.09,219.23,1895.657,415453.22683,747.0,704.436,154388.72002
1757488140.0,219.23,219.42,219.23,219.38,899.755,197379.37789,656.0,557.664,122329.6542
1757488200.0,219.39,219.43,219.38,219.42,909.759,199597.02827,269.0,762.949,167388.46392
1757488260.0,219.42,219.47,219.42,219.45,1442.197,316501.73427,401.0,476.522,104576.88398
1757488320.0,219.44,219.55,219.44,219.46,12587.52,2762794.5593,940.0,8697.164,1908822.27413
1757488380.0,219.46,219.65,219.45,219.62,8271.715,1815799.78455,1097.0,7199.78,1580462.58302
1757488440.0,219.62,219.95,219.62,219.88,16243.355,3569970.1229,4273.0,12602.908,2769941.23954
1757488500.0,219.88,220.99,219.87,220.38,78072.11,17196295.51995,22805.0,57152.902,12585708.4215
1757488560.0,220.37,220.67,220.36,220.37,8886.208,1959489.54146,4262.0,5661.61,1248510.30429
1757488620.0,220.37,220.37,219.97,220.1,7574.382,1667184.92314,3636.0,4629.007,1018819.10936
1757488680.0,220.09,220.18,219.91,220.05,4496.809,989577.0521,2494.0,2762.891,608000.20046
1757488740.0,220.06,220.59,219.91,220.58,8367.267,1841702.1605,3200.0,4525.874,996572.96506
1757488800.0,220.59,220.66,220.28,220.48,4557.614,1004575.72464,2451.0,2938.374,647609.18983
1757488860.0,220.48,220.64,220.29,220.34,6761.133,1490684.23576,2321.0,4403.402,970856.49498
1757488920.0,220.33,220.49,220.33,220.45,6279.729,1384161.47431,1874.0,5054.045,1113960.03202
1757488980.0,220.46,220.6,220.39,220.56,2451.695,540595.14023,1266.0,1284.879,283286.86996
1757489040.0,220.56,220.63,220.41,220.62,9782.472,2157137.24939,2149.0,8243.326,1817701.89889
1757489100.0,220.62,220.7,220.45,220.52,5615.677,1238893.48512,1786.0,3991.68,880696.39587
1757489160.0,220.51,220.85,220.51,220.73,5426.033,1197848.0969,1831.0,4068.032,898062.50168
1757489220.0,220.74,220.91,220.73,220.9,2837.514,626619.67304,2049.0,1994.159,440378.34121
1757489280.0,220.9,221.46,220.9,221.33,24783.733,5482380.85729,7103.0,17484.503,3867158.44816
1757489340.0,221.33,221.96,221.32,221.6,18231.661,4042776.06177,7415.0,12111.528,2685680.77197
1757489400.0,221.6,222.0,221.56,221.89,8463.452,1877575.26316,4277.0,5161.469,1145106.64319
1757489460.0,221.88,222.16,221.63,222.06,30088.456,6677742.35133,8418.0,18093.602,4016166.36158
1757489520.0,222.07,222.81,222.0,222.55,42195.0,9385175.32046,11578.0,30712.419,6830373.83288
1757489580.0,222.56,222.85,222.33,222.54,27316.339,6079115.34132,8416.0,10812.911,2406892.68817
1757489640.0,222.53,222.61,221.87,222.2,13788.172,3065383.59249,7113.0,7191.282,1599013.24561
1757489700.0,222.2,222.39,221.8,221.8,4775.894,1060614.12473,3833.0,2114.077,469488.94268
1757489760.0,221.8,222.06,221.77,221.85,5493.067,1219068.27159,4245.0,2618.701,581131.45739
1757489820.0,221.84,222.01,221.71,221.76,6935.636,1538546.07952,3539.0,4156.47,922009.86843
1757489880.0,221.75,221.78,221.21,221.31,5414.687,1199292.27873,4167.0,948.599,210109.7976
1757489940.0,221.3,221.57,221.3,221.4,3802.543,841896.25249,2817.0,1797.647,398002.10316
1757490000.0,221.41,221.62,221.41,221.61,2060.629,456425.79689,1588.0,926.052,205120.56265
1757490060.0,221.61,221.88,221.53,221.82,8718.263,1932498.57122,2588.0,3803.291,843249.00538
1757490120.0,221.82,221.99,221.67,221.97,4144.266,919277.57014,2233.0,2424.419,537830.58022
1757490180.0,221.96,222.29,221.96,222.23,10508.435,2334473.8053,3559.0,7000.1,1555044.83457
1757490240.0,222.23,222.65,222.12,222.32,11391.138,2533867.26682,4565.0,7467.011,1660933.81484
1757490300.0,222.31,222.59,222.25,222.25,5778.453,1285163.05887,2991.0,2987.165,664421.85396
1757490360.0,222.25,222.25,222.02,222.05,7960.874,1768249.71622,2691.0,4646.263,1031994.33802
1757490420.0,222.04,222.13,221.95,222.03,4493.381,997680.33623,1469.0,1210.893,268868.04855
1757490480.0,222.03,222.09,221.88,221.93,3570.922,792603.69214,1543.0,1307.49,290200.94284
1757490540.0,221.93,222.3,221.92,222.27,4694.748,1042952.72696,2060.0,3724.051,827289.28998
1757490600.0,222.27,222.48,222.22,222.42,6694.036,1488562.76794,2810.0,2834.258,630271.09167
1757490660.0,222.42,222.67,222.41,222.54,3629.78,807714.87423,2314.0,2338.69,520408.5964
1757490720.0,222.55,222.55,222.37,222.42,5245.59,1166851.94776,1172.0,2558.402,569072.26954
1757490780.0,222.42,222.58,222.24,222.58,6578.896,1462725.39287,2363.0,5067.253,1126637.5749
1757490840.0,222.58,222.86,222.58,222.77,4388.762,977459.14989,2091.0,2596.336,578254.16716
1757490900.0,222.78,222.89,222.63,222.66,5466.061,1218002.65615,2008.0,3156.717,703437.00159
1757490960.0,222.66,222.75,222.57,222.71,4621.536,1029142.18678,2002.0,2413.484,537450.21379
1757491020.0,222.71,222.71,222.31,222.39,9770.137,2174066.25463,3983.0,5136.897,1142949.71415
1757491080.0,222.38,222.48,222.22,222.45,5447.723,1211254.9415,1757.0,3487.699,775458.2633
1757491140.0,222.45,222.45,222.23,222.25,4372.643,972238.62481,1472.0,1717.527,381868.51887
1757491200.0,222.25,222.39,222.21,222.21,5551.257,1234006.22654,1960.0,2940.76,653678.0946
1757491260.0,222.22,222.22,222.14,222.19,2875.078,638783.11297,1038.0,1050.852,233478.74836
1757491320.0,222.19,222.24,222.01,222.21,4991.4,1108585.00995,1805.0,1562.446,347038.34645
1757491380.0,222.21,222.22,221.83,221.9,5254.184,1166279.02684,2201.0,1529.683,339508.33977
1757491440.0,221.91,221.94,221.55,221.67,4641.156,1029184.15042,2488.0,2642.172,585921.85263
1757491500.0,221.67,221.89,221.67,221.74,2233.771,495468.6658,1612.0,1068.813,237047.74556
1757491560.0,221.73,222.03,221.72,222.03,1727.32,383255.14629,1123.0,1238.422,274790.07747
1757491620.0,222.03,222.07,221.96,221.98,3125.421,693904.98962,1415.0,1153.266,256032.64518
1757491680.0,221.97,221.97,221.64,221.68,3472.595,770089.19675,2031.0,1022.733,226771.46708
1757491740.0,221.69,221.9,221.69,221.74,2165.149,480192.53392,1485.0,1292.011,286533.90401
1757491800.0,221.75,222.31,221.74,222.27,8535.168,1896093.72418,2159.0,5420.246,1203781.53311
1757491860.0,222.28,222.4,222.28,222.34,4490.966,998601.76093,1615.0,1147.684,255181.68868
1757491920.0,222.35,222.45,222.19,222.24,3036.761,675080.23101,2695.0,1443.263,320829.04952
1757491980.0,222.24,222.36,222.13,222.14,2842.149,631596.56678,1343.0,1175.46,261262.29501
1757492040.0,222.13,222.14,222.04,222.07,1218.702,270656.34228,758.0,320.985,71281.57977
1757492100.0,222.08,222.34,222.07,222.15,2892.25,642579.68416,1828.0,1093.909,243046.38235
1757492160.0,222.16,222.26,222.05,222.08,4378.909,972600.99863,1529.0,768.135,170626.03226
1757492220.0,222.08,222.12,221.89,221.94,2603.217,577927.13753,1541.0,797.482,177025.17298
1757492280.0,221.93,221.93,221.6,221.6,7338.549,1627690.9723,1707.0,1371.153,304095.15119
1757492340.0,221.6,221.72,221.52,221.55,4173.256,924799.03966,1984.0,2324.388,515086.35173
1757492400.0,221.54,221.8,221.54,221.64,9093.449,2016200.46989,2238.0,6629.438,1469863.56871
1757492460.0,221.63,221.64,221.47,221.5,4052.834,897857.40392,1483.0,953.627,211269.48969
1757492520.0,221.5,221.57,221.22,221.25,7519.938,1664919.69379,2455.0,3860.945,854979.36843
1757492580.0,221.25,221.49,221.19,221.44,4885.808,1081264.03954,2217.0,2760.511,610910.8981
1757492640.0,221.43,221.56,221.37,221.48,5776.183,1279214.78511,2067.0,3544.495,784992.4642
1757492700.0,221.48,221.75,221.38,221.69,5653.744,1252673.02465,2566.0,3365.938,745802.32397
1757492760.0,221.7,221.7,221.54,221.62,1994.989,442147.03807,1579.0,577.583,128003.65996
1757492820.0,221.62,221.62,221.37,221.4,3048.157,675066.80829,1507.0,1333.639,295333.18553
1757492880.0,221.39,221.39,221.27,221.27,1866.589,413117.76818,783.0,175.517,38846.7797
1757492940.0,221.28,221.31,221.22,221.3,1508.859,333828.17923,717.0,695.634,153910.42185
1757493000.0,221.3,221.38,221.19,221.38,3192.95,706544.36221,1103.0,1354.201,299688.20286
1757493060.0,221.38,221.46,221.26,221.27,2570.084,568920.33261,840.0,1025.851,227078.84142
1757493120.0,221.27,221.33,221.02,221.08,4348.95,961638.26279,1270.0,665.009,147092.72342
1757493180.0,221.09,221.23,221.04,221.04,5488.945,1213672.11096,1518.0,1902.106,420630.32856
1757493240.0,221.05,221.05,220.92,220.93,3369.485,744674.49286,1326.0,1236.689,273321.34222
1757493300.0,220.92,221.1,220.77,220.84,11897.743,2628559.36755,2637.0,5984.607,1322515.43935
1757493360.0,220.84,220.96,220.79,220.94,2319.339,512230.86187,1041.0,916.64,202428.88137
1757493420.0,220.93,221.05,220.88,221.04,2627.003,580448.35336,1517.0,980.6,216659.68981
1757493480.0,221.04,221.08,220.94,221.0,2158.069,476966.846,1162.0,639.838,141421.17035
1757493540.0,221.0,221.12,220.92,221.01,2577.994,569817.18337,1382.0,815.06,180143.35861
1757493600.0,221.01,221.08,220.91,220.97,1993.115,440504.22648,1919.0,779.311,172219.7155
1757493660.0,220.97,220.98,220.77,220.78,1235.812,272969.31582,906.0,252.331,55736.956
1757493720.0,220.77,220.84,220.71,220.77,2749.106,606873.28543,1244.0,1685.471,372054.88846
1757493780.0,220.77,220.78,220.48,220.61,3874.737,854802.08778,2748.0,1341.024,295829.8962
1757493840.0,220.6,220.69,220.58,220.58,1158.935,255693.80258,632.0,487.981,107664.43923
1757493900.0,220.58,220.68,220.5,220.51,3130.002,690375.58571,1232.0,1135.68,250504.57136
1757493960.0,220.51,220.76,220.49,220.61,1725.172,380669.56729,1187.0,1042.729,230075.67615
1757494020.0,220.61,220.78,220.6,220.78,1291.918,285126.6989,1017.0,791.418,174669.43803
1757494080.0,220.78,220.78,220.68,220.7,1940.792,428393.93523,1169.0,756.203,166902.51673
1757494140.0,220.7,220.8,220.63,220.68,1348.165,297590.72055,1199.0,643.969,142151.27469
1757494200.0,220.69,220.84,220.68,220.84,1187.81,262228.37756,1035.0,952.427,210263.05348
1757494260.0,220.84,220.91,220.62,220.67,2454.552,541908.95478,1578.0,583.603,128875.36161
1757494320.0,220.67,220.69,220.56,220.61,1174.761,259183.85326,921.0,324.375,71567.44724
1757494380.0,220.61,220.67,220.54,220.54,1359.766,300017.5273,1208.0,523.209,115446.55125
1757494440.0,220.54,220.54,220.45,220.45,1180.348,260252.8363,656.0,275.043,60645.64713
1757494500.0,220.45,220.64,220.42,220.63,1764.546,389083.31443,1392.0,1081.797,238542.04593
1757494560.0,220.63,220.77,220.58,220.77,1781.494,393131.76404,1088.0,1337.766,295223.249
1757494620.0,220.77,220.84,220.76,220.81,1386.251,306096.32176,726.0,909.889,200910.69
1757494680.0,220.81,220.82,220.68,220.81,1731.226,382183.90324,911.0,996.768,220038.79922
1757494740.0,220.81,220.81,220.7,220.74,5112.738,1128599.79249,859.0,1343.582,296601.83381
1757494800.0,220.74,221.0,220.74,220.95,5276.364,1165485.28922,1599.0,4239.492,936438.1535
1757494860.0,220.95,221.2,220.95,221.1,5132.448,1134890.54575,2067.0,3873.181,856423.59687
1757494920.0,221.1,221.1,220.96,221.02,973.615,215196.0713,1004.0,434.706,96079.13444
1757494980.0,221.02,221.03,220.8,220.82,1784.27,394197.84635,1297.0,746.365,164876.08206
1757495040.0,220.82,220.85,220.74,220.75,1816.783,401143.398,1051.0,926.57,204589.10216
1757495100.0,220.74,220.74,220.34,220.62,17178.806,3787163.14742,2621.0,2102.852,463701.87494
1757495160.0,220.62,220.67,220.44,220.48,2574.586,567815.31025,1801.0,867.169,191243.1937
1757495220.0,220.48,220.49,219.91,220.12,6721.888,1479628.69715,4206.0,1083.437,238502.62276
1757495280.0,220.11,220.49,220.11,220.4,3766.7,830012.51737,2679.0,1822.183,401531.41
1757495340.0,220.39,220.47,220.25,220.44,1432.886,315786.46882,1602.0,493.043,108656.15724
1757495400.0,220.43,220.64,220.43,220.51,2651.233,584718.8405,1238.0,2037.204,449284.43906
1757495460.0,220.51,220.63,220.49,220.59,1091.901,240847.12992,851.0,572.156,126203.58342
1757495520.0,220.6,220.72,220.59,220.63,1566.74,345721.48062,1175.0,619.047,136585.31799
1757495580.0,220.62,220.62,220.46,220.59,1368.237,301718.10758,905.0,527.651,116360.49522
1757495640.0,220.59,220.7,220.59,220.63,1534.837,338647.19176,787.0,740.194,163316.48617
1757495700.0,220.62,220.63,220.24,220.25,3281.799,723484.84313,1578.0,398.347,87818.63201
1757495760.0,220.25,220.32,220.16,220.24,2333.262,513930.4613,1341.0,632.344,139283.62618
1757495820.0,220.23,220.37,220.21,220.33,1192.583,262714.08647,979.0,584.462,128755.90057
1757495880.0,220.34,220.45,220.33,220.43,1121.139,247102.57677,886.0,295.575,65135.28301
1757495940.0,220.43,220.5,220.43,220.47,1493.899,329355.24091,698.0,613.389,135225.82643
1757496000.0,220.47,220.51,220.38,220.51,1067.51,235341.09325,687.0,353.348,77902.28992
1757496060.0,220.51,220.65,220.5,220.64,1639.816,361733.72522,1029.0,1168.876,257856.01482
1757496120.0,220.64,220.85,220.64,220.85,1693.417,373870.72719,979.0,1248.261,275593.94821
1757496180.0,220.84,220.99,220.81,220.81,4088.473,903090.61479,1695.0,2200.533,486079.73503
1757496240.0,220.81,220.83,220.78,220.8,692.137,152834.76132,538.0,316.728,69939.87866
1757496300.0,220.81,220.94,220.81,220.92,462.109,102080.01182,685.0,346.426,76524.91586
1757496360.0,220.92,221.03,220.92,220.97,1649.517,364548.68856,864.0,910.012,201120.74328
1757496420.0,220.96,221.0,220.88,220.98,2764.122,610749.68062,924.0,1936.168,427809.58078
1757496480.0,220.98,221.04,220.73,220.89,4368.48,964722.87029,1966.0,1486.08,328222.12577
1757496540.0,220.89,220.95,220.84,220.85,2102.344,464438.10558,666.0,785.926,173623.44878
1757496600.0,220.85,220.91,220.75,220.76,1880.48,415319.77914,959.0,719.796,158979.38243
1757496660.0,220.75,220.88,220.63,220.88,1486.634,328152.21496,1071.0,787.057,173761.44784
1757496720.0,220.88,220.91,220.68,220.71,1553.661,343075.16377,1120.0,379.592,83808.89051
1757496780.0,220.71,220.86,220.71,220.83,3333.122,735993.00925,1262.0,1757.161,387969.59145
1757496840.0,220.84,221.13,220.84,221.0,4527.092,1000498.86966,2071.0,3454.716,763443.91419
1757496900.0,221.0,221.25,220.99,221.2,3701.377,818517.2857,1423.0,2484.867,549457.93345
1757496960.0,221.21,221.21,221.0,221.01,2474.601,547075.83509,1347.0,1181.559,261187.24528
1757497020.0,221.01,221.1,220.94,221.0,1610.602,355935.24601,1020.0,734.842,162394.76663
1757497080.0,221.01,221.01,220.89,220.92,1515.222,334732.49851,789.0,537.147,118659.14562
1757497140.0,220.92,220.92,220.84,220.87,1592.283,351719.20668,558.0,335.17,74036.08263
1757497200.0,220.88,221.12,220.85,221.01,2101.908,464561.18625,1452.0,1115.41,246540.4369
1757497260.0,221.0,221.06,220.96,221.01,1318.348,291365.26428,593.0,594.188,131310.49286
1757497320.0,221.01,221.01,220.8,220.8,2193.599,484496.34855,943.0,396.202,87504.81953
1757497380.0,220.8,220.81,220.67,220.68,1209.695,267062.97764,622.0,147.583,32576.29689
1757497440.0,220.67,220.68,220.59,220.62,6174.922,1362234.48956,827.0,5149.301,1135944.66016
1757497500.0,220.62,220.62,220.51,220.59,1913.604,422097.71423,908.0,450.673,99401.81396
1757497560.0,220.6,220.94,220.57,220.93,13450.795,2968134.99346,1653.0,11882.461,2622056.7349
1757497620.0,220.94,220.94,220.76,220.8,8986.183,1984429.92307,1372.0,7436.751,1642255.32745
1757497680.0,220.8,220.92,220.8,220.91,2506.198,553557.13502,824.0,1569.799,346712.85164
1757497740.0,220.92,220.98,220.92,220.93,1430.598,316094.11127,437.0,1191.31,263226.34296
1757497800.0,220.92,220.99,220.85,220.89,1309.206,289235.55755,795.0,681.685,150597.32697
1757497860.0,220.88,220.99,220.75,220.75,2267.977,501001.18597,1017.0,1369.298,302493.95987
1757497920.0,220.76,220.84,220.71,220.83,1840.093,406291.78269,800.0,1286.928,284152.23984
1757497980.0,220.83,220.88,220.77,220.87,1883.57,415952.21087,563.0,1502.058,331705.82407
1757498040.0,220.87,220.93,220.61,220.61,6781.814,1497526.818,1355.0,1044.135,230461.05005
1757498100.0,220.61,220.65,220.55,220.59,2407.876,531179.53553,890.0,576.407,127148.58947
1757498160.0,220.59,220.67,220.52,220.53,3592.387,792489.44975,1212.0,1169.233,257931.51329
1757498220.0,220.53,220.56,220.52,220.52,1236.76,272754.92783,571.0,758.99,167389.4597
1757498280.0,220.52,220.57,220.46,220.46,1958.673,431896.65424,912.0,634.692,139953.5616
1757498340.0,220.46,220.47,220.45,220.45,321.351,70846.3005,152.0,138.588,30554.41929
1757498400.0,220.45,220.5,220.45,220.48,884.044,194919.74018,466.0,312.013,68793.25916
1757498460.0,220.48,220.48,220.13,220.18,6218.231,1369672.45635,2003.0,1390.68,306259.13021
1757498520.0,220.19,220.29,220.06,220.26,3541.986,779752.41401,1214.0,1066.121,234670.04219
1757498580.0,220.26,220.5,220.08,220.5,7669.889,1689615.74538,2018.0,5252.032,1157197.39637
1757498640.0,220.5,220.59,220.2,220.24,2767.163,609718.85487,1437.0,1365.942,300980.73922
1757498700.0,220.23,220.32,220.16,220.24,1954.808,430546.98173,845.0,619.04,136354.18152
1757498760.0,220.23,220.32,220.06,220.28,7839.894,1726146.29384,1284.0,1250.725,275421.94664
1757498820.0,220.29,220.36,220.28,220.35,760.375,167526.21938,431.0,519.426,114438.21238
1757498880.0,220.35,220.36,220.0,220.01,8208.145,1806683.49047,1531.0,2734.706,602105.30785
1757498940.0,220.01,220.13,220.0,220.01,2534.717,557789.19086,872.0,1290.538,283978.41347
1757499000.0,220.02,220.02,219.88,219.99,5639.131,1240324.9401,1105.0,807.419,177573.4863
1757499060.0,219.99,220.03,219.89,219.99,3184.954,700603.26778,883.0,2510.308,552211.03121
1757499120.0,220.0,220.02,219.65,219.77,6199.289,1362452.14926,2611.0,2372.229,521300.18153
1757499180.0,219.78,220.14,219.74,219.93,9421.328,2072331.9041,2336.0,6616.8,1455393.02683
1757499240.0,219.93,220.0,219.86,219.95,1998.607,439621.4008,1525.0,390.058,85796.49172
1757499300.0,219.94,219.95,219.7,219.7,920.368,202296.12361,846.0,170.976,37580.93676
1757499360.0,219.71,219.73,219.6,219.71,2044.64,449140.17334,1009.0,844.6,185507.45241
1757499420.0,219.71,219.72,219.63,219.67,2427.708,533300.55658,799.0,1481.272,325377.50802
1757499480.0,219.66,219.67,219.4,219.57,9461.415,2076594.65211,4464.0,4168.677,914960.83617
1757499540.0,219.56,219.67,219.47,219.62,2695.462,591871.07719,1681.0,1328.884,291827.6763
1757499600.0,219.62,219.62,219.48,219.49,1235.052,271146.3463,624.0,254.55,55880.90795
1757499660.0,219.49,219.54,219.24,219.34,5222.962,1145778.23597,2214.0,1306.69,286650.76672
1757499720.0,219.34,219.4,218.77,219.06,26460.124,5795514.52967,4496.0,3957.696,867095.44735
1757499780.0,219.07,219.5,219.07,219.47,3815.26,837019.89804,1548.0,2626.302,576134.55348
1757499840.0,219.47,219.59,219.47,219.57,2476.634,543723.69157,1021.0,1169.779,256818.59239
1757499900.0,219.57,219.6,219.44,219.51,1517.744,333170.05051,994.0,496.408,108964.71763
1757499960.0,219.51,219.53,219.44,219.47,1514.841,332502.47046,514.0,772.464,169559.10706
1757500020.0,219.47,219.47,219.04,219.18,5822.559,1276391.53236,1944.0,2301.974,504440.14795
1757500080.0,219.18,219.39,219.18,219.39,2608.354,572035.68793,1084.0,773.29,169577.66022
1757500140.0,219.4,219.58,219.4,219.58,1902.986,417697.16031,774.0,1558.602,342100.91068
1757500200.0,219.58,219.85,219.57,219.79,4058.938,891767.25577,1518.0,2937.272,645299.5129
1757500260.0,219.79,220.12,219.75,219.98,8948.526,1968716.56276,2602.0,5833.253,1283353.7857
1757500320.0,219.98,220.17,219.97,220.03,3194.534,703027.96797,1398.0,1753.888,385955.90325
1757500380.0,220.03,220.12,219.95,219.99,2450.119,539147.80823,1063.0,1324.239,291399.82977
1757500440.0,219.99,220.08,219.92,219.93,2825.484,621673.28514,848.0,1855.537,408284.62205
1757500500.0,219.93,220.18,219.93,220.15,1745.019,383987.7624,730.0,1303.16,286713.56146
1757500560.0,220.16,220.19,220.1,220.16,949.666,209077.25647,716.0,175.574,38651.91544
1757500620.0,220.17,220.25,220.15,220.24,1405.99,309577.79816,607.0,1036.976,228324.75797
1757500680.0,220.24,220.28,220.15,220.24,4050.522,891890.53707,863.0,3260.971,718011.44907
1757500740.0,220.23,220.31,220.23,220.28,1463.023,322286.8566,522.0,494.369,108899.41828
1757500800.0,220.27,220.28,220.2,220.27,544.562,119941.3706,394.0,288.838,63618.60892
1757500860.0,220.27,220.27,220.2,220.24,1280.277,281953.06727,496.0,285.552,62885.8477
1757500920.0,220.25,220.38,220.03,220.13,11788.328,2595687.1654,1733.0,2023.146,445481.63614
1757500980.0,220.12,220.29,220.07,220.2,3635.94,800488.44103,1367.0,2007.584,441933.6103
1757501040.0,220.2,220.4,220.2,220.33,1110.42,244677.35708,725.0,511.793,112756.90526
1757501100.0,220.32,220.4,220.28,220.28,1479.249,325948.31092,922.0,682.54,150396.60807
1757501160.0,220.28,220.29,220.1,220.11,1115.293,245532.25725,1214.0,358.553,78933.60498
1757501220.0,220.11,220.25,220.1,220.25,1473.997,324548.09226,936.0,816.327,179736.26701
1757501280.0,220.25,220.33,220.07,220.09,2464.089,542502.31764,1481.0,1148.438,252854.9365
1757501340.0,220.09,220.14,220.01,220.09,1800.848,396295.99401,1100.0,717.428,157875.06534
1757501400.0,220.09,220.14,220.03,220.06,1685.966,371037.5356,868.0,1044.658,229911.18911
1757501460.0,220.05,220.07,219.89,219.93,1290.463,283897.75181,860.0,167.803,36909.63329
1757501520.0,219.92,219.94,219.84,219.94,1324.14,291156.44437,646.0,548.487,120594.9321
1757501580.0,219.94,220.06,219.92,220.03,1058.458,232859.5122,638.0,575.045,126508.55973
1757501640.0,220.03,220.03,219.92,219.93,825.367,181571.14797,621.0,175.14,38526.30828
1757501700.0,219.92,220.0,219.81,219.86,961.991,211564.54865,881.0,330.353,72651.38132
1757501760.0,219.86,219.88,219.74,219.86,2447.372,537941.90397,1040.0,859.123,188849.91659
1757501820.0,219.87,220.08,219.87,220.06,1028.433,226232.88632,605.0,383.943,84468.767
1757501880.0,220.05,220.11,220.01,220.1,997.558,219513.90827,655.0,450.766,99189.46991
1757501940.0,220.11,220.11,220.05,220.09,781.981,172106.31386,423.0,160.366,35294.73575
1757502000.0,220.09,220.28,220.03,220.24,1505.783,331449.72564,980.0,916.309,201712.47146
1757502060.0,220.24,220.4,220.24,220.4,1677.399,369610.47095,777.0,1099.228,242199.76086
1757502120.0,220.4,220.43,220.28,220.32,2369.871,522196.67296,833.0,1441.819,317678.93723
1757502180.0,220.32,220.35,220.16,220.19,1382.629,304553.46529,769.0,527.306,116152.96395
1757502240.0,220.18,220.26,220.1,220.25,1334.211,293715.9066,903.0,882.885,194348.71234
1757502300.0,220.26,220.34,220.24,220.33,1361.089,299853.89809,529.0,680.599,149947.76188
1757502360.0,220.34,220.35,220.16,220.22,1076.474,237127.60152,728.0,322.493,71034.24381
1757502420.0,220.22,220.22,220.1,220.1,865.502,190529.83513,563.0,424.731,93493.71585
1757502480.0,220.11,220.12,220.02,220.12,930.659,204827.12857,546.0,205.113,45141.24593
1757502540.0,220.11,220.22,220.11,220.22,1247.78,274694.32693,591.0,529.596,116586.57966
1757502600.0,220.22,220.28,220.22,220.25,1238.907,272873.32614,401.0,286.153,63025.80826
1757502660.0,220.25,220.25,220.08,220.08,1243.194,273740.66294,901.0,163.562,36017.06496
1757502720.0,220.08,220.19,220.03,220.08,2585.769,569166.07587,1073.0,1261.932,277760.12591
1757502780.0,220.08,220.09,219.94,220.06,1488.927,327587.2816,739.0,667.087,146774.18954
1757502840.0,220.06,220.14,220.05,220.14,463.884,102096.15694,348.0,258.51,56894.91784
1757502900.0,220.13,220.21,220.04,220.1,827.462,182147.63156,707.0,182.777,40232.80896
1757502960.0,220.11,220.25,220.09,220.2,1010.807,222560.21525,830.0,205.603,45264.80883
1757503020.0,220.21,220.34,220.12,220.13,1135.845,250205.20242,952.0,433.179,95423.69249
1757503080.0,220.13,220.16,220.09,220.14,1438.503,316641.10175,556.0,1013.898,223168.995
1757503140.0,220.13,220.15,220.09,220.14,506.026,111384.56151,399.0,256.14,56381.04891
1757503200.0,220.14,220.38,220.13,220.19,2079.683,458087.29137,1252.0,701.232,154445.88754
1757503260.0,220.19,220.2,219.65,219.7,8030.079,1765016.98336,2541.0,2474.569,543901.2124
1757503320.0,219.7,219.84,219.67,219.81,1944.932,427387.68675,1316.0,1444.012,317302.96262
1757503380.0,219.81,219.94,219.81,219.93,551.677,121295.19035,936.0,318.676,70064.79476
1757503440.0,219.94,219.98,219.85,219.98,749.641,164857.34489,671.0,180.476,39689.55143
1757503500.0,219.98,219.99,219.88,219.89,476.426,104792.07593,364.0,171.158,37646.26872
1757503560.0,219.88,219.89,219.79,219.79,1045.71,229883.58659,530.0,198.838,43708.77962
1757503620.0,219.79,219.8,219.71,219.76,1174.83,258168.73213,496.0,793.226,174307.15199
1757503680.0,219.75,219.99,219.75,219.96,1950.063,428577.58237,619.0,1766.455,388216.63864
1757503740.0,219.95,220.0,219.88,219.97,876.956,192894.04728,591.0,129.621,28509.94925
1757503800.0,219.97,219.98,219.66,219.7,2648.582,582126.13598,1134.0,767.324,168591.40712
1757503860.0,219.7,219.73,219.62,219.62,1134.886,249292.98521,607.0,337.78,74198.65295
1757503920.0,219.63,219.65,219.6,219.65,565.004,124084.88524,449.0,174.291,38278.47731
1757503980.0,219.65,219.82,219.64,219.82,1023.261,224788.0855,564.0,773.363,169894.53504
1757504040.0,219.82,219.96,219.68,219.68,3108.108,683270.21071,1044.0,548.662,120631.88392
1757504100.0,219.68,219.75,219.62,219.65,1833.052,402712.77489,752.0,564.078,123917.07664
1757504160.0,219.65,219.65,219.32,219.6,4988.253,1094847.04472,2045.0,1246.768,273648.88925
1757504220.0,219.6,219.64,219.45,219.45,1401.27,307671.3485,654.0,464.941,102098.34331
1757504280.0,219.45,219.5,219.29,219.35,1982.731,434984.25596,1292.0,694.946,152473.44496
1757504340.0,219.34,219.42,219.21,219.21,2385.193,523190.33542,1345.0,775.707,170153.7578
1757504400.0,219.22,219.26,219.03,219.25,3514.908,770195.148,1720.0,1459.585,319827.05353
1757504460.0,219.26,219.26,218.98,219.11,2448.103,536324.91101,1407.0,532.022,116548.09056
1757504520.0,219.11,219.29,218.93,219.14,4045.536,886244.68502,2184.0,1774.234,388599.26018
1757504580.0,219.14,219.3,219.13,219.19,1906.506,417926.09405,984.0,1077.216,236135.00236
1757504640.0,219.19,219.36,219.13,219.15,2089.872,458139.92495,1024.0,568.798,124679.82222
1757504700.0,219.15,219.36,219.14,219.34,1027.315,225265.66748,1163.0,568.602,124666.78231
1757504760.0,219.34,219.43,219.28,219.43,1006.376,220765.68257,711.0,516.815,113371.89189
1757504820.0,219.43,219.5,219.28,219.49,3497.547,767379.15569,1123.0,798.966,175319.83214
1757504880.0,219.49,219.49,219.37,219.38,1310.589,287606.9592,637.0,780.297,171234.81136
1757504940.0,219.38,219.53,219.38,219.45,872.337,191469.32033,729.0,364.393,79972.91746
1757505000.0,219.46,219.54,219.39,219.39,2963.95,650503.69802,1332.0,1622.697,356131.51436
1757505060.0,219.39,219.53,219.29,219.52,910.697,199785.33063,920.0,651.658,142965.05713
1757505120.0,219.52,220.15,219.52,220.13,7943.257,1746317.24427,2412.0,6737.165,1481021.58011
1757505180.0,220.13,220.16,219.9,219.93,4105.015,903148.90732,1479.0,908.69,199889.12696
1757505240.0,219.93,219.93,219.83,219.92,1592.37,350132.57138,1017.0,678.156,149100.1074
1757505300.0,219.92,220.03,219.91,220.03,701.98,154396.20575,464.0,310.958,68397.40397
1757505360.0,220.02,220.1,219.95,220.0,1496.725,329359.47435,766.0,595.186,130965.19931
1757505420.0,220.0,220.09,219.96,220.08,604.673,133034.22061,772.0,290.886,63995.39972
1757505480.0,220.08,220.16,220.06,220.09,681.393,149989.41947,492.0,428.903,94408.28037
1757505540.0,220.09,220.3,220.08,220.25,1086.638,239287.91234,967.0,817.938,180109.27529
1757505600.0,220.24,220.25,220.14,220.18,1091.299,240304.60509,1255.0,394.32,86828.82919
1757505660.0,220.18,220.33,220.14,220.21,1761.879,388022.3656,1383.0,810.605,178517.98002
1757505720.0,220.22,220.22,219.88,219.99,2264.86,498266.28138,1491.0,604.924,133061.60731
1757505780.0,219.99,220.14,219.98,220.12,1718.826,378223.21019,1521.0,1133.797,249489.1381
1757505840.0,220.12,220.21,220.1,220.17,538.363,118529.34826,832.0,329.632,72574.96514
1757505900.0,220.18,220.29,220.15,220.22,846.457,186396.61826,1209.0,327.844,72188.74344
1757505960.0,220.23,220.27,220.07,220.08,2175.277,478951.93251,1090.0,391.55,86208.43908
1757506020.0,220.08,220.1,219.97,220.03,3530.73,776883.1161,952.0,1008.232,221806.00877
1757506080.0,220.04,220.15,220.03,220.14,1609.895,354296.976,633.0,250.208,55070.60418
1757506140.0,220.15,220.25,220.12,220.25,710.122,156349.56656,487.0,536.392,118100.16712
1757506200.0,220.25,220.34,220.15,220.17,1952.738,430122.49889,1033.0,997.7,219762.21903
1757506260.0,220.16,220.24,219.91,219.92,2796.02,615151.71066,1238.0,574.113,126333.3725
1757506320.0,219.92,220.01,219.84,219.88,1293.51,284480.90509,1008.0,860.438,189239.539
1757506380.0,219.88,220.16,219.84,220.04,2194.606,482718.87581,1429.0,1227.244,269938.30331
1757506440.0,220.04,220.09,219.94,220.03,926.959,203933.87851,827.0,624.614,137411.50644
1757506500.0,220.03,220.03,219.74,219.85,1548.994,340530.0167,1273.0,522.214,114800.41194
1757506560.0,219.85,220.03,219.85,219.95,1982.973,436179.15503,1294.0,1319.38,290202.97886
1757506620.0,219.94,220.13,219.94,220.13,1019.584,224316.41368,1180.0,447.323,98414.11943
1757506680.0,220.13,220.42,220.09,220.2,3067.316,675785.39133,2418.0,1126.818,248222.08529
1757506740.0,220.19,220.22,220.07,220.13,1015.017,223448.08818,1264.0,364.501,80242.1408
1757506800.0,220.12,220.16,220.0,220.11,1125.346,247687.98828,1398.0,442.93,97484.23635
1757506860.0,220.11,220.29,220.11,220.18,3770.844,830320.43472,1475.0,2681.246,590410.74414
1757506920.0,220.18,220.35,220.18,220.19,2069.069,455723.78475,1624.0,1320.311,290796.12546
1757506980.0,220.2,220.47,220.19,220.47,2727.944,601211.653,1142.0,2282.141,502967.70638
1757507040.0,220.46,220.62,220.43,220.44,5023.456,1107807.17672,2323.0,3549.81,782815.26487
1757507100.0,220.44,220.58,220.35,220.43,2522.094,556036.86403,1480.0,1426.12,314397.15801
1757507160.0,220.43,220.46,220.29,220.37,2438.094,537343.20473,1957.0,1148.095,253016.84594
1757507220.0,220.37,220.56,220.34,220.49,2400.274,529227.57321,1098.0,1091.373,240616.3743
1757507280.0,220.49,220.8,220.49,220.68,3574.782,788679.51818,1653.0,2218.086,489279.06531
1757507340.0,220.68,220.82,220.62,220.8,2537.295,560067.69981,1260.0,1225.014,270413.18888
1757507400.0,220.79,223.3,220.74,223.26,86073.147,19126065.94733,20889.0,67445.468,14986814.58217
1757507460.0,223.26,224.9,222.72,223.32,109597.815,24544704.63759,33647.0,54979.799,12309531.69129
1757507520.0,223.31,224.54,222.75,223.98,40209.147,8997661.21654,21723.0,23175.202,5186180.54859
1757507580.0,223.99,224.41,223.11,223.25,30603.955,6850541.29649,12974.0,15483.986,3467558.04395
1757507640.0,223.24,224.23,222.95,223.9,31382.83,7017424.72735,14826.0,18304.076,4092892.48279
1757507700.0,223.9,224.23,223.68,223.68,18479.957,4139473.76487,9665.0,10498.158,2351723.19487
1757507760.0,223.69,224.18,223.6,223.8,15514.602,3474598.73961,7074.0,8590.798,1923932.42222
1757507820.0,223.81,223.9,223.16,223.19,29303.875,6549559.70522,8747.0,12010.586,2684495.61557
1757507880.0,223.19,223.63,223.02,223.37,11147.581,2489907.99633,7195.0,4892.135,1092697.63496
1757507940.0,223.37,223.51,222.53,222.74,14835.795,3309291.41047,8327.0,6635.86,1480330.93351
1757508000.0,222.73,223.39,222.73,223.05,9949.226,2220402.63938,8433.0,5423.835,1210475.05811
1757508060.0,223.05,223.33,222.93,223.31,5815.762,1297972.89629,4932.0,3459.231,772079.23158
1757508120.0,223.31,223.68,223.31,223.59,10548.781,2358186.24749,5252.0,6758.959,1510832.54097
1757508180.0,223.6,223.76,223.29,223.43,8961.046,2003269.23331,4476.0,5144.317,1150123.74967
1757508240.0,223.43,223.81,223.43,223.8,5912.036,1322313.47665,3562.0,3151.732,704923.43034
1757508300.0,223.8,223.96,223.52,223.52,5259.117,1177002.20473,3936.0,2620.891,586601.79177
1757508360.0,223.53,223.53,223.27,223.3,6240.84,1393795.95137,3422.0,3713.912,829395.43879
1757508420.0,223.3,223.63,223.16,223.39,5447.95,1217107.31301,4491.0,2766.312,617992.30964
1757508480.0,223.39,223.49,222.97,223.06,6007.457,1340915.96359,3063.0,2066.285,461237.45493
1757508540.0,223.06,223.07,222.63,222.64,10034.111,2236218.03818,5350.0,3268.68,728454.39889
1757508600.0,222.64,222.97,222.46,222.91,9472.808,2109854.58737,5435.0,5426.332,1208694.93868
1757508660.0,222.91,222.95,222.63,222.95,4817.978,1073603.74907,3764.0,2113.805,471019.03758
1757508720.0,222.95,223.26,222.89,223.14,4570.735,1019539.44311,3175.0,3047.581,679813.87262
1757508780.0,223.15,223.59,223.15,223.53,6234.457,1392712.01007,3019.0,4004.522,894529.19998
1757508840.0,223.54,223.6,223.43,223.56,3763.312,841186.05702,2176.0,2401.669,536849.9866
1757508900.0,223.56,223.71,223.3,223.35,7368.719,1646918.01287,3027.0,3968.742,887067.97617
1757508960.0,223.36,223.36,223.07,223.07,5495.867,1226770.57833,3425.0,3519.66,785690.46644
1757509020.0,223.08,223.33,223.03,223.23,3265.744,728824.00601,1985.0,2130.436,475447.75407
1757509080.0,223.23,223.42,223.23,223.34,3028.727,676369.18945,1303.0,1941.095,433472.17091
1757509140.0,223.34,223.48,223.32,223.43,2877.948,642894.71403,1203.0,1767.088,394749.35368
1757509200.0,223.42,223.99,223.39,223.43,15997.049,3579853.80597,4651.0,12883.118,2883360.35123
1757509260.0,223.42,223.81,223.36,223.45,6623.894,1481287.34489,5545.0,2926.558,654409.11672
1757509320.0,223.45,223.51,223.22,223.38,5285.018,1180407.48204,3432.0,2307.32,515361.98662
1757509380.0,223.38,223.53,223.34,223.34,6755.998,1509662.80735,2387.0,3257.502,727926.69602
1757509440.0,223.35,223.72,223.35,223.62,2930.506,655112.82005,2410.0,2113.086,472398.51993
1757509500.0,223.62,223.89,223.59,223.75,5995.836,1341738.98207,2164.0,3731.722,835064.39272
1757509560.0,223.76,224.1,223.75,224.01,6364.193,1425491.32068,2404.0,4959.003,1110691.48255
1757509620.0,224.01,224.26,224.0,224.0,19083.445,4277023.29255,3410.0,14617.413,3276228.52079
1757509680.0,224.0,224.19,223.88,224.16,29824.688,6680869.10956,3617.0,2417.656,541633.77487
1757509740.0,224.17,224.63,224.15,224.49,26006.835,5835130.6587,5521.0,15227.357,3416949.93122
1757509800.0,224.5,224.7,224.26,224.27,7629.978,1713212.37807,5199.0,4053.914,910264.73072
1757509860.0,224.26,224.5,224.17,224.18,6016.349,1349584.50326,4100.0,3112.8,698303.75537
1757509920.0,224.18,224.39,224.17,224.34,4908.737,1100953.6388,3135.0,2784.976,624603.15914
1757509980.0,224.34,224.66,224.29,224.49,4771.793,1071275.3921,2031.0,2071.616,465080.39395
1757510040.0,224.49,224.57,224.29,224.3,2260.024,507146.90099,1774.0,1076.455,241585.13796
1757510100.0,224.29,224.56,224.24,224.39,6040.976,1355789.10685,2348.0,3899.654,875236.23593
1757510160.0,224.39,224.67,224.27,224.3,4502.81,1010759.75173,2874.0,2515.262,564689.67322
1757510220.0,224.3,224.42,224.16,224.17,8182.47,1835319.27045,2501.0,3525.185,790825.34348
1757510280.0,224.16,224.25,224.07,224.1,4680.333,1049149.62234,2299.0,1871.929,419643.74393
1757510340.0,224.1,224.14,224.0,224.03,4989.669,1118141.78238,2567.0,2057.156,461001.06969
1757510400.0,224.03,224.25,223.94,223.94,4351.84,975365.67236,2076.0,1101.777,246953.30587
1757510460.0,223.95,224.1,223.95,223.98,3218.547,721083.37152,1783.0,1410.586,315987.98973
1757510520.0,223.97,223.98,223.58,223.58,15366.337,3439737.98923,3002.0,2556.658,572119.75904
1757510580.0,223.57,223.59,223.1,223.35,12266.758,2739648.95054,3361.0,3991.877,891546.28412
1757510640.0,223.35,223.36,222.9,223.3,7380.776,1646672.1864,3701.0,3651.313,814781.52981
1757510700.0,223.3,223.53,223.3,223.52,3223.602,720247.14838,2254.0,1255.182,280463.74358
1757510760.0,223.52,223.52,223.32,223.32,2167.775,484302.91141,1394.0,512.994,114615.8573
1757510820.0,223.33,223.49,223.22,223.48,2478.947,553640.22662,1603.0,1127.672,251922.18866
1757510880.0,223.48,223.55,223.31,223.55,2084.661,465801.25187,1760.0,519.952,116185.26798
1757510940.0,223.54,223.65,223.46,223.62,3459.858,773423.7649,1711.0,2429.014,542996.87466
1757511000.0,223.63,223.63,223.05,223.16,5451.448,1217096.78061,3549.0,1682.928,375765.03274
1757511060.0,223.15,223.31,222.8,223.06,3218.163,717815.37142,4264.0,784.228,174922.29154
1757511120.0,223.07,223.31,222.53,222.74,6391.756,1423888.89992,5757.0,1525.136,339882.94573
1757511180.0,222.75,223.19,222.75,223.1,2755.206,614325.3025,3623.0,1446.809,322589.40995
1757511240.0,223.1,223.4,222.9,222.93,5035.915,1123878.60792,3019.0,1789.49,399464.02384
1757511300.0,222.93,223.32,222.91,223.08,1854.863,413760.46409,2724.0,845.276,188570.68432
1757511360.0,223.07,223.23,222.88,222.9,4617.972,1029756.81582,2681.0,1522.731,339559.29263
1757511420.0,222.89,223.25,222.81,223.11,2259.605,503973.08953,3460.0,827.809,184636.4721
1757511480.0,223.12,223.58,223.12,223.42,4441.864,992319.76667,3295.0,3091.451,690612.59021
1757511540.0,223.43,223.66,223.35,223.62,2558.043,571809.32592,3019.0,1158.475,259004.9187
1757511600.0,223.62,223.81,223.6,223.81,4546.061,1017138.13552,2762.0,3016.575,674940.63723
1757511660.0,223.8,223.99,223.75,223.86,4916.273,1100566.06489,2939.0,3172.708,710301.85796
1757511720.0,223.87,223.97,223.8,223.85,4660.298,1043359.57123,2229.0,2873.097,643263.30468
1757511780.0,223.86,224.37,223.86,224.28,6200.169,1389962.54771,3431.0,4836.385,1084186.76649
1757511840.0,224.27,224.4,224.21,224.29,2548.484,571679.97686,1675.0,806.877,181018.46381
1757511900.0,224.3,224.66,224.3,224.39,7055.749,1584258.77462,4418.0,4500.17,1010541.92939
1757511960.0,224.38,224.99,224.22,224.83,13221.593,2971900.66843,5930.0,9446.381,2123459.25599
1757512020.0,224.84,226.0,224.84,225.33,68372.165,15404150.18362,19215.0,53531.016,12058378.90488
1757512080.0,225.33,225.83,225.25,225.42,14484.694,3267974.19847,6472.0,10747.515,2424922.72261
1757512140.0,225.42,225.59,224.61,224.81,17207.374,3873908.25432,6929.0,7851.841,1767766.75281
1757512200.0,224.81,224.98,224.01,224.28,14957.499,3358109.42639,9033.0,6261.689,1406023.53031
1757512260.0,224.29,224.34,223.93,223.93,7611.12,1706081.47844,6478.0,3854.953,864182.97877
1757512320.0,223.93,224.27,223.85,224.2,9117.944,2043029.11995,5375.0,4401.92,986380.39966
1757512380.0,224.2,224.34,224.03,224.12,27044.761,6065276.88815,4787.0,6229.948,1397002.05779
1757512440.0,224.12,224.25,223.57,223.66,9066.0,2029413.812,6298.0,3807.947,852630.24227
1757512500.0,223.65,223.99,223.63,223.82,5886.884,1317673.97862,3967.0,2526.372,565452.08046
1757512560.0,223.83,223.98,223.78,223.87,2070.642,463538.91589,2351.0,971.627,217491.76786
1757512620.0,223.87,224.3,223.86,224.17,8055.917,1805449.37882,3105.0,4671.598,1046759.63105
1757512680.0,224.18,224.22,223.93,224.06,3965.861,888543.69486,3192.0,2366.186,530124.00066
1757512740.0,224.07,224.3,224.06,224.18,1966.219,440854.81804,1592.0,955.244,214162.29163
1757512800.0,224.18,224.73,224.18,224.62,8610.73,1932851.26946,5067.0,5662.418,1271162.18297
1757512860.0,224.62,225.06,224.62,224.81,15420.979,3467996.30012,6256.0,8841.893,1988338.19802
1757512920.0,224.81,224.9,224.56,224.62,5764.825,1295413.54869,3786.0,2734.457,614526.38997
1757512980.0,224.63,224.75,224.23,224.41,7626.149,1711699.99539,3505.0,4168.189,935580.42577
1757513040.0,224.42,224.6,224.23,224.6,3232.937,725472.38238,2385.0,2067.314,463910.63938
1757513100.0,224.6,224.81,224.54,224.56,2992.512,672418.5432,3196.0,1365.931,306915.52567
1757513160.0,224.56,224.89,224.46,224.7,3819.848,858120.86498,3201.0,1654.133,371568.34945
1757513220.0,224.71,225.08,224.7,224.77,9958.925,2240445.23412,3877.0,4181.26,940671.49433
1757513280.0,224.77,224.93,224.53,224.61,3519.166,790675.70859,3243.0,1720.679,386600.82339
1757513340.0,224.61,224.68,224.14,224.17,3527.382,791540.58168,3204.0,738.51,165728.96975
1757513400.0,224.16,224.4,224.03,224.03,3196.846,716487.3896,3496.0,1394.167,312470.39444
1757513460.0,224.03,224.03,223.64,223.71,13285.906,2973343.14429,4500.0,6100.439,1365172.16371
1757513520.0,223.7,224.1,223.7,223.99,3434.67,769205.32745,2095.0,727.676,162955.66782
1757513580.0,223.98,224.01,223.76,223.88,2958.417,662361.49194,2204.0,622.239,139330.69564
1757513640.0,223.87,223.88,223.67,223.79,3101.747,694094.59664,1898.0,669.15,149731.74766
1757513700.0,223.8,224.07,223.8,223.97,2385.702,534229.07174,2258.0,1020.631,228520.549
1757513760.0,223.98,224.13,223.85,224.02,2155.187,482749.77281,1977.0,1291.807,289347.44315
1757513820.0,224.02,224.15,223.94,223.95,2022.487,453147.11731,2201.0,951.654,213218.31512
1757513880.0,223.96,223.99,223.38,223.41,7034.841,1573101.82805,2997.0,2501.104,559436.85444
1757513940.0,223.41,223.78,223.37,223.77,3791.324,847288.67838,2155.0,1433.021,320315.43905
1757514000.0,223.77,223.92,223.52,223.53,4700.947,1051878.44727,2586.0,1500.86,335826.6421
1757514060.0,223.53,223.66,223.47,223.48,2023.024,452261.79784,1662.0,586.221,131056.91006
1757514120.0,223.47,223.57,223.42,223.52,1810.596,404639.981,1151.0,317.371,70933.44821
1757514180.0,223.52,223.7,223.49,223.56,2508.873,560921.15341,1864.0,913.418,204204.40167
1757514240.0,223.55,223.79,223.4,223.78,1444.963,323110.53774,1728.0,474.617,106136.06542
1757514300.0,223.78,223.85,223.59,223.84,2704.31,605156.29786,1674.0,1452.046,324948.4051
1757514360.0,223.83,223.85,223.4,223.41,2576.35,576045.83208,2047.0,995.788,222656.48325
1757514420.0,223.41,223.53,223.39,223.45,5884.436,1314858.24531,1358.0,473.748,105862.55736
1757514480.0,223.45,223.54,223.22,223.24,3566.191,796637.91867,1856.0,1501.659,335485.48893
1757514540.0,223.24,223.29,223.16,223.17,5210.201,1163044.3688,1376.0,993.534,221785.97421
1757514600.0,223.17,223.41,223.13,223.37,1999.599,446470.35795,2097.0,1100.403,245684.64533
1757514660.0,223.38,223.52,223.37,223.45,1366.439,305307.22677,1620.0,501.18,111990.96205
1757514720.0,223.45,223.54,223.38,223.4,2524.397,564046.74405,2013.0,1016.159,227037.61841
1757514780.0,223.39,223.39,223.11,223.15,1741.839,388828.4934,1786.0,533.968,119196.88545
1757514840.0,223.15,223.15,222.69,222.74,7993.281,1781707.29602,3833.0,864.596,192627.13743
1757514900.0,222.74,222.97,222.63,222.96,3491.088,777904.03386,2264.0,676.002,150655.1256
1757514960.0,222.97,223.22,222.63,222.69,5336.798,1189588.27635,2619.0,3204.962,714349.35676
1757515020.0,222.69,223.02,222.64,222.98,2018.667,449910.96876,2238.0,843.886,188077.95346
1757515080.0,222.98,223.15,222.73,222.76,2093.181,466794.23562,2245.0,986.203,219945.72823
1757515140.0,222.77,222.81,222.31,222.44,7156.857,1592381.07553,4999.0,1087.212,241866.10742
1757515200.0,222.44,223.0,222.42,222.98,2269.595,505809.76289,2158.0,1611.717,359152.09165
1757515260.0,222.99,223.31,222.99,223.31,2450.615,546737.17072,1836.0,1709.597,381405.95816
1757515320.0,223.31,223.55,223.21,223.34,17202.065,3842730.23147,3858.0,14568.132,3254379.11854
1757515380.0,223.34,223.53,223.34,223.4,1979.035,442162.25349,1530.0,936.217,209147.39617
1757515440.0,223.4,223.65,223.39,223.62,2803.573,626656.33863,1751.0,1670.505,373394.37368
1757515500.0,223.61,223.65,223.19,223.27,13123.352,2930262.62257,2679.0,5324.665,1188573.32614
1757515560.0,223.27,223.38,223.06,223.1,1779.628,397224.60479,2114.0,490.398,109460.2134
1757515620.0,223.1,223.14,222.75,222.91,7141.351,1592405.95605,3674.0,1309.789,292064.87525
1757515680.0,222.91,223.1,222.9,223.04,1814.498,404675.85919,1514.0,859.57,191715.43664
1757515740.0,223.05,223.23,223.05,223.15,1002.931,223821.13543,1234.0,474.194,105818.79261
1757515800.0,223.14,223.4,223.14,223.15,1697.545,379067.37428,2108.0,783.769,175023.84147
1757515860.0,223.14,223.25,223.0,223.12,2272.037,506940.09987,1864.0,837.85,186962.09073
1757515920.0,223.12,223.21,223.02,223.07,1660.45,370427.03734,1556.0,444.317,99120.43532
1757515980.0,223.07,223.17,223.0,223.01,1748.753,390073.112,1126.0,459.261,102441.64393
1757516040.0,223.0,223.1,222.72,222.78,6315.993,1407215.25205,2747.0,505.972,112735.54898
1757516100.0,222.77,223.18,222.72,223.09,5487.297,1222862.13399,1523.0,3002.249,669016.17308
1757516160.0,223.09,223.15,222.97,223.01,1483.419,330878.39878,1245.0,564.693,125945.79458
1757516220.0,223.0,223.02,222.71,222.72,10282.253,2292292.98846,1599.0,587.967,131035.31872
1757516280.0,222.71,222.85,222.56,222.62,4171.074,928869.06759,2040.0,944.956,210485.3565
1757516340.0,222.62,222.73,222.59,222.71,4670.29,1039810.66955,1419.0,469.622,104565.34567
1757516400.0,222.7,223.03,222.7,223.03,3756.995,837193.85614,2710.0,2824.14,629290.17657
1757516460.0,223.03,223.09,222.89,222.95,1444.773,322174.42141,1523.0,384.957,85847.93475
1757516520.0,222.95,223.0,222.82,222.98,1902.675,424162.49497,2102.0,674.497,150361.83499
1757516580.0,222.99,223.07,222.9,223.0,1579.552,352221.98563,1930.0,586.235,130719.93122
1757516640.0,223.01,223.31,222.97,223.19,2691.773,600633.85028,1974.0,1375.613,306943.68381
1757516700.0,223.19,223.54,223.12,223.46,5186.253,1158591.19662,2235.0,3644.507,814113.4347
1757516760.0,223.47,223.81,223.47,223.68,16298.211,3646710.56916,2457.0,7732.194,1729741.60547
1757516820.0,223.67,223.87,223.67,223.87,4049.934,906334.30003,1986.0,2802.002,627068.99676
1757516880.0,223.86,223.87,223.64,223.76,3066.778,686235.55515,2010.0,938.177,209911.07352
1757516940.0,223.77,223.89,223.71,223.82,3432.464,768242.26878,1997.0,1796.457,402074.08609
1757517000.0,223.81,224.16,223.81,224.05,9341.025,2091954.57965,2409.0,5601.85,1254617.70485
1757517060.0,224.04,224.04,223.6,223.74,3672.533,821630.39858,2483.0,1503.713,336354.7141
1757517120.0,223.73,223.85,223.65,223.75,1572.339,351823.55663,2054.0,581.505,130108.9957
1757517180.0,223.75,223.83,223.6,223.66,2478.686,554484.75865,1783.0,1082.4,242134.92979
1757517240.0,223.65,223.77,223.56,223.77,2043.015,456855.30227,1338.0,642.273,143638.0739
1757517300.0,223.76,223.83,223.58,223.62,3459.77,774138.89536,2111.0,1728.314,386726.51434
1757517360.0,223.61,223.67,223.16,223.32,11336.495,2532858.10603,3238.0,2438.955,544918.92992
1757517420.0,223.32,223.5,223.32,223.46,4589.148,1025178.85369,2136.0,3825.694,854599.66173
1757517480.0,223.46,223.59,223.45,223.45,1192.671,266565.35784,1098.0,547.255,122311.04792
1757517540.0,223.44,223.51,223.05,223.05,2330.501,520355.31294,1881.0,1423.032,317740.78809
1757517600.0,223.06,223.1,222.91,223.02,2448.279,545985.25306,1880.0,649.435,144839.31552
1757517660.0,223.01,223.33,222.97,223.31,2607.881,582117.67907,1871.0,854.397,190633.35084
1757517720.0,223.31,223.44,223.19,223.37,2156.583,481594.98931,1283.0,909.633,203143.19622
1757517780.0,223.37,223.65,223.37,223.49,9388.337,2098843.29408,2538.0,7419.103,1658666.59051
1757517840.0,223.5,223.76,223.5,223.67,2385.516,533542.6558,2037.0,1278.261,285896.21423
1757517900.0,223.66,223.66,223.49,223.57,1260.321,281796.07872,2257.0,514.748,115095.8728
1757517960.0,223.58,223.73,223.56,223.57,1760.235,393659.63267,1559.0,314.26,70279.18676
1757518020.0,223.56,223.57,223.35,223.46,1283.645,286837.44491,1856.0,415.849,92923.867
1757518080.0,223.45,223.72,223.45,223.71,1457.223,325855.89633,1368.0,721.884,161409.1593
1757518140.0,223.71,223.71,223.56,223.61,1077.625,240988.28988,780.0,573.289,128197.73733
1757518200.0,223.61,223.67,223.3,223.32,1743.631,389682.04924,2510.0,611.407,136618.32877
1757518260.0,223.32,223.43,223.22,223.33,2433.603,543508.87123,1894.0,924.421,206460.30277
1757518320.0,223.32,223.49,223.12,223.39,4051.099,904134.53333,1780.0,1380.11,308012.99099
1757518380.0,223.39,223.46,223.3,223.35,8434.448,1884094.21377,2393.0,4371.868,976588.86904
1757518440.0,223.36,223.44,223.06,223.41,2683.437,599090.13375,2765.0,558.966,124795.34652
1757518500.0,223.42,223.69,223.41,223.64,1595.046,356629.99912,1322.0,893.028,199675.43396
1757518560.0,223.64,223.72,223.46,223.46,4335.722,969777.14461,1810.0,826.951,184963.66479
1757518620.0,223.47,223.51,223.35,223.5,2012.96,449718.38528,1819.0,1267.457,283164.33146
1757518680.0,223.49,223.54,223.39,223.53,1711.041,382393.29389,1219.0,920.847,205785.63034
1757518740.0,223.54,223.71,223.54,223.7,1039.212,232380.2675,791.0,752.233,168203.93804
1757518800.0,223.7,223.7,223.56,223.64,1025.325,229271.74059,1069.0,626.709,140128.94998
1757518860.0,223.64,223.74,223.56,223.73,563.607,126049.69845,947.0,340.28,76109.95389
1757518920.0,223.74,223.85,223.73,223.74,3296.984,737835.17588,1139.0,1665.432,372711.01661
1757518980.0,223.74,224.01,223.73,224.0,4369.442,978499.75421,1120.0,2932.274,656590.25769
1757519040.0,224.0,224.04,223.92,224.03,2480.319,555566.48288,505.0,750.894,168203.25709
1757519100.0,224.04,224.04,223.96,223.99,1612.306,361157.68329,736.0,738.007,165315.51741
1757519160.0,223.99,223.99,222.79,223.15,19803.288,4418990.61492,7163.0,9197.924,2051431.80656
1757519220.0,223.15,223.18,222.89,223.1,1834.123,409046.18233,2858.0,630.304,140575.69681
1757519280.0,223.09,223.16,222.97,222.98,2793.905,623137.86352,2277.0,775.883,173045.18987
1757519340.0,222.97,223.58,222.97,223.38,5468.142,1221254.2648,3015.0,3487.32,778801.74438
1757519400.0,223.38,223.52,223.26,223.4,2492.408,556756.07008,2232.0,1482.173,331091.77054
1757519460.0,223.4,223.4,223.19,223.25,1960.02,437689.61042,1703.0,767.381,171329.96557
1757519520.0,223.25,223.25,223.07,223.17,1164.127,259794.45462,1745.0,693.479,154756.29176
1757519580.0,223.16,223.3,223.15,223.25,2629.485,586884.51133,1261.0,1515.472,338235.83709
1757519640.0,223.26,223.5,223.25,223.45,1111.344,248266.39188,1328.0,822.702,183772.40816
1757519700.0,223.44,223.47,223.33,223.4,1403.513,313563.24822,1237.0,535.276,119587.73224
1757519760.0,223.39,223.43,223.18,223.2,4820.952,1076540.99351,1146.0,1197.977,267498.00602
1757519820.0,223.2,223.3,223.13,223.13,2903.571,648207.86066,1297.0,1448.774,323452.1958
1757519880.0,223.13,223.23,223.04,223.08,2422.345,540504.85062,1150.0,892.113,199029.28159
1757519940.0,223.08,223.17,223.01,223.17,1575.933,351560.09082,1359.0,1075.679,239952.53168
1757520000.0,223.16,223.28,222.98,222.98,1646.169,367262.20439,1953.0,520.598,116162.97723
1757520060.0,222.98,223.23,222.98,223.08,1942.342,433453.93479,1977.0,741.337,165455.3709
1757520120.0,223.07,223.21,222.97,222.97,2166.629,483353.59837,1654.0,1336.457,298141.81953
1757520180.0,222.97,223.15,222.94,223.05,2078.316,463498.34856,1389.0,942.747,210231.64387
1757520240.0,223.04,223.04,222.82,222.84,3659.631,815797.88064,1453.0,1517.099,338191.24483
1757520300.0,222.84,222.96,222.78,222.9,3338.081,743945.99024,1225.0,2290.288,510431.64376
1757520360.0,222.9,223.01,222.76,222.76,2813.473,627051.20306,1620.0,679.11,151354.54348
1757520420.0,222.77,222.86,222.61,222.61,2237.066,498372.09758,1342.0,608.735,135611.91403
1757520480.0,222.62,222.67,222.51,222.66,3545.316,789123.52329,2549.0,1716.514,382075.51399
1757520540.0,222.66,222.98,222.66,222.98,2219.256,494409.35496,1653.0,1378.839,307190.8647
1757520600.0,222.98,223.23,222.93,222.98,4520.567,1008192.28292,2535.0,3404.285,759178.77851
1757520660.0,222.98,223.01,222.71,222.8,4454.972,992767.24462,3047.0,1028.95,229293.80657
1757520720.0,222.79,222.86,222.61,222.66,8429.246,1877584.79124,2300.0,5106.997,1137429.86579
1757520780.0,222.65,222.93,222.65,222.82,1586.46,353475.30128,2038.0,705.097,157088.21651
1757520840.0,222.83,222.97,222.83,222.92,1919.535,427890.81928,1297.0,1047.969,233607.54769
1757520900.0,222.92,223.42,222.92,223.38,3493.872,779726.44435,1983.0,2033.614,454020.48052
1757520960.0,223.38,223.41,223.07,223.19,3325.589,742260.23756,2124.0,1917.433,427860.38608
1757521020.0,223.19,223.22,223.0,223.07,1797.429,401000.21327,1666.0,563.547,125729.9347
1757521080.0,223.07,223.14,222.89,223.01,1832.134,408630.08723,1645.0,971.081,216605.43467
1757521140.0,223.02,223.17,223.02,223.11,926.362,206664.35357,1172.0,463.879,103491.7609
1757521200.0,223.11,223.17,222.98,222.98,1599.812,356861.29124,1590.0,526.374,117417.51495
1757521260.0,222.98,223.09,222.89,223.06,1169.543,260760.98519,1695.0,663.545,147941.18768
1757521320.0,223.05,223.18,222.83,223.17,3788.573,844860.9257,3012.0,1784.445,397919.95804
1757521380.0,223.18,223.35,223.11,223.26,2562.994,572151.29389,1942.0,1018.452,227351.86138
1757521440.0,223.26,223.36,223.07,223.3,1823.577,407152.8516,1630.0,870.297,194331.06169
1757521500.0,223.3,223.33,223.07,223.21,3379.906,754519.42512,2881.0,2147.373,479349.54909
1757521560.0,223.22,223.29,223.05,223.27,3972.53,886502.20285,2347.0,1957.255,436758.9501
1757521620.0,223.27,223.33,223.14,223.33,1391.313,310602.70427,1667.0,674.986,150682.23322
1757521680.0,223.33,223.39,223.13,223.13,2410.758,538351.55602,2291.0,1204.374,268964.48109
1757521740.0,223.12,223.29,223.12,223.23,1121.669,250414.52409,1018.0,713.108,159207.39709
1757521800.0,223.23,223.28,222.96,223.02,947.028,211292.29207,2080.0,411.866,91893.71984
1757521860.0,223.03,223.07,222.92,222.96,2110.878,470713.99364,1996.0,942.577,210179.92191
1757521920.0,222.96,222.96,222.64,222.75,2601.152,579453.47799,2022.0,622.004,138557.72385
1757521980.0,222.74,222.86,222.6,222.86,1239.526,276108.51366,1339.0,982.176,218790.24278
1757522040.0,222.87,222.89,222.72,222.81,1916.797,427090.17404,1469.0,508.202,113236.01473
1757522100.0,222.81,222.92,222.8,222.86,2848.18,634752.61588,1023.0,516.218,115050.6165
1757522160.0,222.85,222.94,222.75,222.76,890.643,198496.08652,1041.0,268.258,59784.88205
1757522220.0,222.76,222.77,222.5,222.58,2455.501,546570.68275,1552.0,524.163,116691.58904
1757522280.0,222.57,222.78,222.51,222.57,1548.688,344779.26584,1568.0,1101.468,245225.89506
1757522340.0,222.57,222.57,222.42,222.43,8772.89,1951735.5119,1074.0,386.571,86002.55477
1757522400.0,222.43,222.56,222.42,222.5,1566.89,348677.61679,1136.0,1170.001,260360.28045
1757522460.0,222.51,222.86,222.5,222.83,1217.668,271151.121,933.0,408.424,90974.93499
1757522520.0,222.83,222.97,222.82,222.86,1752.299,390574.34477,755.0,1011.751,225518.52482
1757522580.0,222.86,223.19,222.86,222.94,7535.294,1680960.13018,1942.0,6197.114,1382539.21876
1757522640.0,222.94,222.94,222.69,222.72,1288.676,287088.39629,1368.0,542.936,120951.6244
1757522700.0,222.71,222.72,222.51,222.59,1698.848,378140.59638,1424.0,924.62,205811.42684
1757522760.0,222.58,222.97,222.58,222.96,837.374,186582.94931,1548.0,472.06,105190.60676
1757522820.0,222.97,223.18,222.94,223.13,4240.268,945956.35155,797.0,3834.682,855478.74295
1757522880.0,223.13,223.2,222.92,222.93,1471.986,328375.34815,1175.0,514.272,114748.06944
1757522940.0,222.92,223.06,222.86,223.03,1489.2,332032.5454,1345.0,830.049,185062.62027
1757523000.0,223.03,223.14,223.02,223.11,1188.973,265249.57701,840.0,490.759,109487.7849
1757523060.0,223.11,223.27,222.97,223.26,888.105,198139.10398,950.0,374.492,83570.00966
1757523120.0,223.27,223.66,223.25,223.6,6003.222,1341530.97418,2078.0,4622.356,1032820.24569
1757523180.0,223.6,223.66,223.5,223.56,4496.305,1005358.47287,2024.0,3645.965,815217.63687
1757523240.0,223.55,223.6,223.47,223.47,1796.311,401555.16711,1433.0,943.231,210857.48085
1757523300.0,223.46,223.65,223.39,223.65,3376.484,754780.664,1831.0,1902.065,425190.43013
1757523360.0,223.65,223.83,223.64,223.78,4999.438,1118723.03738,1670.0,3367.343,753516.75985
1757523420.0,223.78,223.97,223.78,223.91,3564.383,797969.71458,1500.0,2597.137,581431.87777
1757523480.0,223.9,223.96,223.73,223.73,1752.893,392409.99019,1163.0,515.105,115328.15957
1757523540.0,223.73,223.86,223.73,223.77,2014.889,450898.23099,725.0,1256.308,281126.05736
1757523600.0,223.76,223.84,223.58,223.69,1866.495,417595.43035,1987.0,1303.877,291736.18707
1757523660.0,223.69,223.93,223.69,223.89,3254.829,728541.52336,1771.0,2568.673,574952.25518
1757523720.0,223.89,224.13,223.58,223.63,7360.262,1647999.8341,4441.0,5376.381,1203849.42589
1757523780.0,223.62,223.9,223.61,223.8,944.832,211448.62842,1122.0,709.626,158805.36519
1757523840.0,223.8,223.81,223.65,223.81,1400.56,313334.06611,965.0,1099.49,245969.07715
1757523900.0,223.81,223.96,223.67,223.69,2482.852,555681.76083,1716.0,1276.04,285592.4122
1757523960.0,223.69,223.69,223.41,223.45,1965.988,439411.62652,1457.0,903.372,201892.13038
1757524020.0,223.46,223.47,223.35,223.39,1771.641,395791.26611,1231.0,1230.203,274834.14544
1757524080.0,223.4,223.5,223.37,223.44,1509.632,337311.30991,756.0,1241.412,277383.85859
1757524140.0,223.43,223.58,223.39,223.58,1073.713,239965.16576,698.0,646.064,144415.30196
1757524200.0,223.57,223.58,223.52,223.54,672.649,150375.09909,390.0,478.756,107030.35935
1757524260.0,223.54,223.66,223.52,223.54,2064.996,461666.60075,1146.0,1514.935,338678.90904
1757524320.0,223.55,223.65,223.54,223.59,1175.634,262873.03132,743.0,882.556,197337.72547
1757524380.0,223.58,223.7,223.52,223.59,4707.094,1052528.96429,1118.0,4050.67,905739.16964
1757524440.0,223.58,223.59,223.44,223.45,629.229,140642.136,1099.0,210.181,46976.7688
1757524500.0,223.46,223.5,223.39,223.41,1245.234,278210.59491,723.0,886.544,198070.89135
1757524560.0,223.41,223.59,223.35,223.52,3472.513,776029.41344,1030.0,2558.914,571880.5919
1757524620.0,223.51,223.7,223.47,223.66,2665.75,596101.97216,1648.0,2234.329,499650.63515
1757524680.0,223.66,223.78,223.42,223.42,1057.985,236654.92408,1427.0,389.437,87112.10394
1757524740.0,223.42,223.42,223.12,223.12,1820.998,406501.09007,1341.0,405.001,90410.29614
1757524800.0,223.13,223.21,222.69,222.8,7045.2,1570982.58658,3058.0,1767.495,394135.71248
1757524860.0,222.8,223.01,222.8,222.83,2960.63,659971.76736,2161.0,2021.992,450744.60083
1757524920.0,222.83,222.85,222.69,222.72,833.072,185592.5948,1753.0,420.002,93566.15195
1757524980.0,222.73,222.82,222.59,222.77,2764.184,615566.25552,1920.0,2008.808,447367.9611
1757525040.0,222.78,222.78,222.66,222.73,1346.364,299847.79087,1036.0,1017.977,226709.10037
1757525100.0,222.74,222.74,222.56,222.62,544.812,121302.27488,1101.0,270.991,60336.82025
1757525160.0,222.61,222.67,222.45,222.45,3429.738,763214.0319,1394.0,673.618,149950.59592
1757525220.0,222.46,222.53,221.92,221.93,16637.053,3697197.96702,4338.0,3325.825,738891.05767
1757525280.0,221.93,221.99,221.81,221.93,7629.228,1693023.46105,3713.0,2063.67,457978.00869
1757525340.0,221.93,222.04,221.66,221.86,7652.928,1697907.2741,3593.0,2696.954,598374.5904
1757525400.0,221.86,221.96,221.55,221.94,3584.397,794734.08771,3774.0,1357.982,301135.49817
1757525460.0,221.94,222.27,221.92,222.22,2693.943,598398.76741,3300.0,1758.534,390613.14306
1757525520.0,222.21,222.35,222.04,222.25,2133.712,474146.41321,2080.0,932.902,207280.19458
1757525580.0,222.26,222.26,221.93,222.01,1334.31,296243.14259,2007.0,355.31,78880.61111
1757525640.0,222.02,222.08,221.83,221.91,2872.642,637583.28431,2317.0,921.123,204432.77835
1757525700.0,221.91,222.1,221.87,222.03,2209.195,490403.03649,1662.0,1353.583,300475.04809
1757525760.0,222.02,222.26,221.97,222.24,681.853,151467.08108,1358.0,521.774,115909.78652
1757525820.0,222.24,222.35,222.16,222.21,1352.265,300505.84262,1438.0,565.863,125756.62664
1757525880.0,222.2,222.23,222.06,222.07,890.993,197926.77586,1417.0,425.872,94610.92292
1757525940.0,222.07,222.16,222.06,222.11,1192.155,264803.17309,1038.0,880.493,195579.48427
1757526000.0,222.1,222.14,222.04,222.14,887.893,197192.91264,993.0,454.114,100860.10302
1757526060.0,222.14,222.59,222.14,222.41,3327.36,740142.4489,2151.0,2483.846,552473.16511
1757526120.0,222.4,222.41,222.28,222.4,672.404,149519.09063,1140.0,380.686,84656.03154
1757526180.0,222.41,222.45,222.31,222.45,1176.077,261515.18094,996.0,752.755,167380.5496
1757526240.0,222.46,222.58,222.46,222.57,894.29,199012.43097,752.0,739.096,164474.11033
1757526300.0,222.58,222.58,222.39,222.39,552.824,122995.90984,1089.0,188.783,42002.37924
1757526360.0,222.38,222.6,222.38,222.6,525.272,116897.24837,824.0,472.856,105234.38127
1757526420.0,222.6,222.6,222.48,222.58,757.125,168502.41698,994.0,267.117,59446.48183
1757526480.0,222.57,222.67,222.45,222.65,699.727,155734.02878,965.0,327.944,73002.24119
1757526540.0,222.64,222.69,222.52,222.69,795.287,177064.89216,775.0,631.613,140625.19275
1757526600.0,222.69,222.87,222.68,222.87,1323.988,294965.69871,807.0,1189.924,265098.3532
1757526660.0,222.87,223.03,222.78,222.79,2825.701,629927.82402,1896.0,1857.54,414084.73108
1757526720.0,222.78,222.8,222.28,222.41,5574.893,1240424.61363,2592.0,2389.411,531370.16645
1757526780.0,222.4,222.52,222.32,222.41,1821.766,405135.91117,1377.0,467.014,103860.93082
1757526840.0,222.41,222.51,222.4,222.49,435.503,96874.49402,491.0,325.433,72389.1432
1757526900.0,222.49,222.55,222.36,222.51,580.975,129230.82637,865.0,449.007,99872.76022
1757526960.0,222.52,222.55,222.44,222.45,474.832,105650.24632,641.0,194.791,43336.80391
1757527020.0,222.44,222.52,222.44,222.51,519.709,115623.26329,544.0,248.689,55325.70489
1757527080.0,222.51,222.65,222.5,222.54,928.599,206683.79889,762.0,208.287,46357.00796
1757527140.0,222.54,222.67,222.54,222.67,268.902,59862.06197,429.0,194.024,43193.01953
1757527200.0,222.66,222.73,222.53,222.71,1251.228,278569.76514,1288.0,461.054,102668.94751
1757527260.0,222.7,222.73,222.59,222.72,438.014,97509.21278,790.0,241.364,53733.18915
1757527320.0,222.72,222.95,222.72,222.89,912.868,203465.11341,708.0,480.588,107120.21964
1757527380.0,222.88,223.2,222.85,223.08,9254.306,2064446.12622,1705.0,8632.743,1925796.95645
1757527440.0,223.07,223.11,222.85,222.85,2038.626,454647.88827,1178.0,659.443,147100.58099
1757527500.0,222.86,222.94,222.8,222.84,675.317,150498.48924,1012.0,493.118,109890.56056
1757527560.0,222.83,222.87,222.68,222.69,1053.183,234640.73507,1036.0,808.322,180093.85347
1757527620.0,222.7,222.9,222.7,222.77,2323.986,517882.49035,1186.0,1668.749,371866.20626
1757527680.0,222.76,222.84,222.6,222.74,842.288,187587.52138,1236.0,507.211,112969.14687
1757527740.0,222.74,222.77,222.59,222.61,1535.713,341967.19009,702.0,985.499,219465.8692
1757527800.0,222.62,222.62,222.3,222.54,10403.294,2313633.15154,1687.0,3580.338,795982.76043
1757527860.0,222.54,222.62,222.35,222.36,1764.951,392770.09401,1162.0,638.567,142124.56736
1757527920.0,222.36,222.41,222.35,222.36,352.788,78454.39112,758.0,258.507,57487.42822
1757527980.0,222.36,222.4,222.29,222.37,1554.403,345612.94496,1175.0,1007.598,224039.43739
1757528040.0,222.38,222.56,222.32,222.55,600.373,133529.77436,854.0,339.797,75575.60595
1757528100.0,222.56,222.56,222.39,222.39,1451.133,322846.04305,1142.0,659.3,146647.6423
1757528160.0,222.38,222.38,222.23,222.3,865.097,192297.00355,901.0,500.276,111192.63033
1757528220.0,222.3,222.34,222.22,222.3,811.13,180292.30269,831.0,514.69,114403.13661
1757528280.0,222.29,222.3,222.11,222.18,1218.244,270652.10723,1047.0,269.257,59818.39616
1757528340.0,222.18,222.18,222.02,222.02,1299.538,288635.14933,1069.0,222.181,49343.91068
1757528400.0,222.02,222.05,221.88,221.88,2411.035,535164.38463,1229.0,660.424,146606.99719
1757528460.0,221.89,222.0,221.73,221.98,10618.38,2355031.36553,1985.0,8169.653,1811867.41831
1757528520.0,221.99,222.08,221.89,222.07,2575.429,571674.32813,1708.0,1907.145,423322.93149
1757528580.0,222.08,222.17,221.87,221.92,1595.756,354377.54509,917.0,1170.857,260009.80494
1757528640.0,221.91,221.91,221.74,221.77,1781.536,395099.73184,830.0,417.901,92684.34337
1757528700.0,221.78,221.79,221.55,221.68,3243.253,718913.11309,1898.0,1460.282,323668.09548
1757528760.0,221.68,221.81,221.63,221.65,2577.673,571500.18187,1732.0,607.068,134591.01836
1757528820.0,221.65,221.72,221.29,221.5,7677.591,1700036.71137,3404.0,1551.473,343502.31861
1757528880.0,221.5,221.54,221.36,221.52,880.068,194919.87177,1571.0,352.081,77981.98729
1757528940.0,221.53,221.67,221.53,221.65,1458.051,323140.79512,793.0,1129.308,250276.42468
1757529000.0,221.65,221.67,221.51,221.67,844.369,187099.08823,1377.0,566.967,125627.77099
1757529060.0,221.67,222.06,221.67,222.01,2595.093,575823.94119,1713.0,1693.48,375701.90479
1757529120.0,222.02,222.02,221.79,221.9,960.317,213097.70002,1213.0,471.586,104631.35322
1757529180.0,221.91,222.14,221.88,222.09,2932.406,651023.25893,1285.0,2694.564,598229.41509
1757529240.0,222.09,222.27,222.09,222.13,4305.598,956608.94573,1158.0,3157.735,701583.40535
1757529300.0,222.13,222.46,222.12,222.31,3689.261,820076.61792,2064.0,2654.054,589867.08783
1757529360.0,222.31,222.44,222.29,222.38,608.026,135207.76674,826.0,493.484,109738.03029
1757529420.0,222.38,222.47,222.37,222.4,831.851,185031.94748,705.0,458.125,101902.27124
1757529480.0,222.39,222.44,222.35,222.35,831.407,184890.62167,596.0,328.552,73067.79781
1757529540.0,222.34,222.41,222.3,222.35,979.317,217746.51022,619.0,573.939,127606.21453
1757529600.0,222.35,222.49,222.35,222.45,754.245,167764.76988,695.0,466.649,103793.08126
1757529660.0,222.45,222.45,222.27,222.38,1282.092,285104.38863,1005.0,211.314,46981.04571
1757529720.0,222.38,222.38,222.11,222.26,3248.252,721858.81865,1301.0,605.739,134607.20898
1757529780.0,222.25,222.41,222.23,222.23,13479.993,2996623.37705,1233.0,13322.463,2961595.11611
1757529840.0,222.24,222.29,222.22,222.25,629.703,139953.05926,452.0,361.03,80239.00365
1757529900.0,222.24,222.4,222.17,222.31,1366.36,303722.48243,1259.0,309.752,68857.48893
1757529960.0,222.31,222.49,222.28,222.28,1250.443,278094.20289,1324.0,940.307,209129.24164
1757530020.0,222.29,222.33,222.11,222.17,2079.081,462027.89727,1146.0,233.97,51995.22795
1757530080.0,222.17,222.17,221.93,221.93,928.693,206215.04025,863.0,142.741,31692.09801
1757530140.0,221.94,222.05,221.84,222.05,716.648,159044.19172,943.0,338.16,75050.60973
1757530200.0,222.04,222.12,221.76,221.99,3192.944,708516.72209,2465.0,1271.216,282077.02456
1757530260.0,221.99,222.0,221.91,221.92,410.904,91210.46158,701.0,272.204,60422.90194
1757530320.0,221.92,222.05,221.84,222.04,1412.16,313401.28747,1007.0,304.831,67658.82045
1757530380.0,222.05,222.23,222.04,222.22,1058.219,235063.53967,671.0,844.203,187524.05797
1757530440.0,222.23,222.38,222.22,222.34,836.744,186020.41205,660.0,542.006,120489.76167
1757530500.0,222.34,222.59,222.33,222.57,1650.56,367223.68012,1077.0,1448.727,322311.47145
1757530560.0,222.57,222.57,222.4,222.57,1184.874,263629.17417,954.0,682.157,151777.47132
1757530620.0,222.57,222.69,222.53,222.67,3801.958,846303.63494,1029.0,3598.503,801008.57014
1757530680.0,222.67,222.91,222.66,222.86,11493.413,2561173.41227,1607.0,10357.159,2307935.13091
1757530740.0,222.86,222.88,222.77,222.86,890.602,198454.39667,853.0,577.549,128697.64249
1757530800.0,222.86,222.89,222.67,222.72,935.519,208419.5812,1137.0,511.1,113845.40854
1757530860.0,222.71,222.83,222.71,222.79,1180.948,263124.26902,594.0,186.471,41539.00453
1757530920.0,222.8,222.8,222.47,222.48,1330.707,296183.87723,962.0,302.287,67262.97459
1757530980.0,222.48,222.5,222.27,222.3,1331.368,296085.6959,881.0,752.094,167247.30717
1757531040.0,222.29,222.31,222.12,222.13,1366.021,303551.77772,955.0,504.56,112147.27561
1757531100.0,222.13,222.37,222.03,222.36,1140.9,253501.68958,1490.0,750.573,166800.41916
1757531160.0,222.36,222.39,222.11,222.11,1392.737,309538.65117,863.0,298.47,66350.86762
1757531220.0,222.12,222.38,222.1,222.38,586.806,130440.1319,911.0,542.506,120596.4625
1757531280.0,222.38,222.66,222.37,222.66,1877.605,417923.76612,976.0,1569.567,349360.45696
1757531340.0,222.66,222.69,222.62,222.68,432.055,96201.84036,802.0,175.406,39057.66287
1757531400.0,222.69,222.72,222.58,222.72,624.508,139030.74089,701.0,209.392,46625.31572
1757531460.0,222.72,222.73,222.5,222.5,1674.886,372848.2836,933.0,253.652,56490.58473
1757531520.0,222.5,222.51,222.27,222.27,1270.923,282670.5787,1091.0,801.643,178271.98304
1757531580.0,222.28,222.34,221.91,222.04,13246.882,2941544.15541,2238.0,1005.685,223368.58143
1757531640.0,222.05,222.1,221.77,221.79,2995.583,665004.45734,1713.0,1348.71,299402.45956
1757531700.0,221.8,221.89,221.65,221.87,2930.206,649767.87198,2502.0,1424.678,315934.49642
1757531760.0,221.87,222.08,221.81,222.08,1537.417,341275.4503,1540.0,1178.435,261586.82879
1757531820.0,222.08,222.22,221.96,222.08,2123.541,471698.50697,1553.0,1082.16,240375.44091
1757531880.0,222.08,222.08,221.77,221.92,6978.639,1548384.52711,1473.0,593.832,131785.44286
1757531940.0,221.92,221.92,221.62,221.71,3193.743,708222.37893,1681.0,393.422,87227.47504
1757532000.0,221.71,221.71,221.35,221.52,2431.409,538470.50284,2072.0,932.337,206467.53876
1757532060.0,221.53,221.55,221.31,221.43,3315.677,734022.4009,2010.0,886.023,196157.93571
1757532120.0,221.44,221.67,221.34,221.56,1837.971,407206.80776,2402.0,709.166,157123.3201
1757532180.0,221.57,221.57,221.4,221.46,1185.08,262462.60303,1643.0,400.926,88792.59807
1757532240.0,221.46,221.48,221.29,221.3,2575.192,570057.8434,1611.0,621.131,137504.79883
1757532300.0,221.29,221.42,221.2,221.27,3577.731,791831.04446,2505.0,957.823,211958.1523
1757532360.0,221.28,221.3,221.02,221.21,2916.99,645028.86729,2929.0,932.898,206304.50455
1757532420.0,221.21,221.21,220.92,220.93,12265.634,2710952.53617,2905.0,1071.602,236851.86533
1757532480.0,220.93,221.26,220.93,221.17,1714.522,379131.07053,1818.0,893.709,197608.56603
1757532540.0,221.17,221.28,221.17,221.28,1138.429,251882.01813,835.0,1034.077,228793.85383
1757532600.0,221.28,221.6,221.24,221.6,2924.621,647397.48626,1633.0,2326.276,514961.74507
1757532660.0,221.6,221.62,221.26,221.38,1623.711,359521.00926,1710.0,811.629,179728.48959
1757532720.0,221.37,221.37,221.06,221.14,2799.662,619111.3367,2087.0,1217.116,269153.52311
1757532780.0,221.14,221.24,221.09,221.19,1589.822,351633.48815,1090.0,1325.512,293178.82569
1757532840.0,221.18,221.19,220.89,220.91,2311.144,510672.17038,1529.0,795.162,175709.29687
1757532900.0,220.91,221.21,220.91,221.03,1977.77,437184.70217,2293.0,859.209,189932.80686
1757532960.0,221.03,221.03,220.6,220.7,6092.746,1344746.86521,2852.0,1086.214,239711.72365
1757533020.0,220.69,220.85,220.53,220.6,4021.387,887418.24737,3154.0,1955.04,431425.44951
1757533080.0,220.61,221.02,220.6,220.99,1711.55,377999.97893,1911.0,1216.529,268654.13803
1757533140.0,221.0,221.0,220.64,220.7,3233.046,713702.68971,2196.0,904.767,199716.95079
1757533200.0,220.7,220.9,220.59,220.9,2208.681,487496.94282,1636.0,1373.687,303162.5204
1757533260.0,220.89,221.29,220.89,221.27,3259.983,721010.69032,2029.0,2497.256,552301.84069
1757533320.0,221.26,221.29,221.12,221.12,777.424,172002.92758,819.0,379.281,83921.58751
1757533380.0,221.13,221.54,221.13,221.47,4025.591,891164.66683,1893.0,3381.869,748618.42115
1757533440.0,221.46,221.55,221.33,221.51,2380.617,527141.14187,1222.0,1422.412,314979.17304
1757533500.0,221.51,221.51,221.18,221.26,2411.081,533693.51509,1646.0,525.532,116330.37392
1757533560.0,221.26,221.28,221.1,221.27,2050.875,453673.02587,1682.0,1589.582,351636.50424
1757533620.0,221.27,221.46,221.16,221.45,1182.703,261788.72669,1610.0,713.975,158034.84581
1757533680.0,221.44,221.5,221.4,221.43,750.624,166220.26261,1109.0,263.89,58437.09045
1757533740.0,221.43,221.5,221.43,221.5,379.081,83952.82231,482.0,148.442,32874.01638
1757533800.0,221.5,221.63,221.44,221.57,989.153,219161.25969,1342.0,761.573,168739.53287
1757533860.0,221.57,221.77,221.47,221.59,4236.801,939328.74784,1497.0,3249.763,720540.50039
1757533920.0,221.6,221.77,221.59,221.68,1518.799,336712.19647,826.0,741.775,164421.15475
1757533980.0,221.67,221.77,221.65,221.77,571.34,126653.33102,431.0,477.958,105950.68266
1757534040.0,221.77,221.77,221.5,221.5,1477.629,327618.11916,694.0,738.316,163725.372
1757534100.0,221.51,221.55,221.28,221.54,3340.458,739621.46521,1475.0,2311.911,511906.4009
1757534160.0,221.54,221.88,221.54,221.87,3509.677,778152.96812,1064.0,3379.685,749337.04418
1757534220.0,221.88,221.96,221.76,221.77,2528.839,561185.8702,1301.0,1961.523,435288.84941
1757534280.0,221.77,221.84,221.65,221.68,1944.91,431261.95453,1112.0,1395.408,309407.06217
1757534340.0,221.69,221.72,220.95,221.23,6254.838,1384357.03692,3812.0,1894.831,419507.57464
1757534400.0,221.23,221.31,220.95,221.28,1725.636,381596.56753,1963.0,854.542,188976.24462
1757534460.0,221.27,221.44,221.27,221.39,3915.548,866724.75881,1216.0,846.618,187415.43394
1757534520.0,221.38,221.42,221.21,221.22,2054.416,454696.63958,1324.0,411.882,91158.8362
1757534580.0,221.21,221.21,221.06,221.12,719.194,159031.27348,1153.0,534.314,118146.69942
1757534640.0,221.12,221.28,221.05,221.05,842.482,186352.70608,1482.0,515.726,114070.51523
1757534700.0,221.06,221.15,220.95,221.07,1586.178,350590.95102,1529.0,1054.601,233096.96708
1757534760.0,221.07,221.66,221.07,221.4,2578.199,570815.38217,2967.0,1702.471,376900.0925
1757534820.0,221.4,221.43,221.24,221.28,2321.599,513800.09667,1506.0,927.731,205314.0715
1757534880.0,221.28,221.71,221.27,221.49,1806.746,400266.24543,1743.0,1426.695,316066.99267
1757534940.0,221.48,221.66,221.48,221.61,560.095,124120.17368,947.0,334.391,74099.33387
1757535000.0,221.61,221.65,221.42,221.63,1021.079,226211.68549,978.0,682.588,151220.95053
1757535060.0,221.63,221.75,221.41,221.75,902.839,200012.57062,1280.0,431.136,95537.70018
1757535120.0,221.75,221.92,221.7,221.9,3031.678,672349.67846,1218.0,2587.02,573735.97233
1757535180.0,221.9,221.94,221.88,221.94,527.164,116989.60589,274.0,481.193,106788.4544
1757535240.0,221.94,221.94,221.7,221.75,1423.16,315670.49029,768.0,728.672,161629.21586
1757535300.0,221.75,221.88,221.74,221.8,670.23,148641.07512,1080.0,198.783,44087.34279
1757535360.0,221.81,221.85,221.6,221.61,1871.803,415044.62339,1007.0,252.96,56088.72066
1757535420.0,221.61,221.76,221.53,221.74,6180.715,1370212.02947,1299.0,5752.317,1275261.53093
1757535480.0,221.75,221.98,221.75,221.95,6190.113,1373338.16536,1401.0,5367.98,1190893.63737
1757535540.0,221.95,222.02,221.88,222.02,1927.168,427746.78059,926.0,1063.856,236148.89954
1757535600.0,222.02,222.02,221.81,221.89,863.953,191728.94229,1166.0,207.91,46139.08612
1757535660.0,221.88,221.89,221.78,221.88,629.255,139598.33219,940.0,215.295,47764.79375
1757535720.0,221.87,221.89,221.53,221.83,3301.995,732002.1624,1631.0,1039.448,230379.53247
1757535780.0,221.84,222.01,221.84,221.93,1154.803,256310.77689,905.0,736.344,163429.7515
1757535840.0,221.93,222.23,221.91,222.2,6760.433,1501806.13847,1349.0,6199.515,1377221.73145
1757535900.0,222.21,222.3,222.11,222.12,2997.417,666054.86274,1236.0,1179.743,262166.48106
1757535960.0,222.12,222.18,221.94,221.95,1144.659,254150.17344,898.0,678.269,150585.77462
1757536020.0,221.96,222.05,221.92,222.02,529.727,117575.64355,784.0,450.301,99946.9327
1757536080.0,222.02,222.12,222.02,222.08,605.491,134471.67465,395.0,514.464,114254.72248
1757536140.0,222.08,222.09,222.0,222.0,289.765,64342.72565,239.0,153.113,33997.34932
1757536200.0,222.0,222.1,221.88,222.09,758.872,168470.27117,807.0,671.817,149148.97565
1757536260.0,222.09,222.17,222.08,222.11,1181.362,262405.62707,500.0,723.289,160657.13357
1757536320.0,222.12,222.12,221.83,221.88,1337.425,296846.86416,775.0,354.307,78623.88613
1757536380.0,221.89,221.97,221.76,221.81,977.165,216747.10641,757.0,146.423,32484.00395
1757536440.0,221.82,221.82,221.56,221.6,1738.481,385363.48277,1016.0,488.48,108253.73749
1757536500.0,221.59,221.64,221.56,221.58,509.363,112874.10672,1159.0,319.212,70735.70902
1757536560.0,221.58,221.69,221.57,221.69,659.854,146269.26098,395.0,229.738,50923.88655
1757536620.0,221.69,221.85,221.68,221.79,632.379,140242.04532,720.0,568.519,126076.91084
1757536680.0,221.78,221.79,221.72,221.79,1006.918,223295.10016,535.0,147.223,32646.90801
1757536740.0,221.8,222.0,221.79,221.99,505.452,112176.98079,682.0,435.254,96594.80259
1757536800.0,221.99,222.05,221.99,222.03,771.253,171236.6278,581.0,323.232,71761.41065
1757536860.0,222.03,222.04,221.95,222.03,439.531,97581.18405,467.0,197.908,43936.53432
1757536920.0,222.03,222.08,221.97,222.04,474.071,105267.19364,485.0,348.088,77291.82443
1757536980.0,222.04,222.08,222.03,222.08,516.833,114771.97494,281.0,106.236,23591.01767
1757537040.0,222.08,222.12,222.08,222.12,1018.567,226216.76137,290.0,993.46,220640.84779
1757537100.0,222.11,222.2,222.11,222.18,1518.36,337339.4461,862.0,985.904,219045.76852
1757537160.0,222.17,222.2,222.17,222.2,277.504,61655.14007,201.0,118.757,26385.6992
1757537220.0,222.2,222.31,222.2,222.27,791.35,175878.09154,465.0,725.511,161243.79786
1757537280.0,222.27,222.27,222.03,222.18,1504.977,334323.5814,1063.0,568.462,126273.67946
1757537340.0,222.17,222.33,222.17,222.32,3310.049,735661.87733,1414.0,2697.847,599578.30319
1757537400.0,222.33,222.46,222.3,222.45,2770.283,616115.48464,1265.0,2123.975,472359.33941
1757537460.0,222.46,222.55,222.31,222.32,2255.837,501873.93434,1468.0,1823.692,405735.21896
1757537520.0,222.31,222.31,222.07,222.17,2085.73,463329.29643,1090.0,337.094,74882.47974
1757537580.0,222.18,222.4,222.17,222.39,1155.79,256926.21172,1015.0,784.294,174331.16099
1757537640.0,222.39,222.47,222.39,222.46,557.736,124045.04932,527.0,450.437,100179.10924
1757537700.0,222.46,222.52,222.35,222.4,1186.24,263877.64212,834.0,557.757,124083.51508
1757537760.0,222.4,222.5,222.4,222.46,1098.193,244285.77399,422.0,919.892,204622.38048
1757537820.0,222.46,222.58,222.43,222.57,1138.776,253411.13244,881.0,714.689,159032.88095
1757537880.0,222.57,222.6,222.54,222.58,1774.621,395006.13459,437.0,1678.964,373715.66103
1757537940.0,222.58,222.63,222.5,222.52,2426.275,540076.33637,731.0,1727.096,384448.88212
1757538000.0,222.53,222.65,222.35,222.65,1180.431,262736.7329,1475.0,852.086,189679.01928
1757538060.0,222.65,222.7,222.62,222.64,1751.816,390040.08303,659.0,1655.715,368643.25009
1757538120.0,222.64,222.75,222.63,222.72,1125.499,250637.55003,938.0,910.589,202775.39896
1757538180.0,222.73,222.82,222.73,222.81,1767.797,393837.70327,1071.0,1670.417,372142.91748
1757538240.0,222.81,222.98,222.79,222.9,3613.667,805460.94988,1542.0,2887.948,643685.44259
1757538300.0,222.9,223.0,222.84,222.95,4097.027,913342.90912,1195.0,1630.826,363559.48338
1757538360.0,222.94,223.22,222.94,223.2,5413.354,1207416.80435,1709.0,5101.217,1137767.90133
1757538420.0,223.19,223.22,222.9,222.93,3117.502,695430.76775,939.0,1741.041,388437.3008
1757538480.0,222.93,223.12,222.93,223.07,1467.352,327230.15157,1326.0,684.7,152702.05681
1757538540.0,223.07,223.16,223.04,223.05,1207.545,269399.01306,655.0,1070.719,238872.37805
1757538600.0,223.05,223.18,223.04,223.09,1456.137,324911.15654,747.0,785.476,175244.90992
1757538660.0,223.08,223.08,222.81,222.81,4310.287,961036.77736,1158.0,720.997,160761.87107
1757538720.0,222.82,222.82,222.75,222.77,2131.229,474835.12512,563.0,1007.872,224550.80834
1757538780.0,222.78,222.93,222.7,222.92,1436.672,320050.47911,1299.0,706.489,157384.35243
1757538840.0,222.93,222.93,222.72,222.83,814.801,181556.2471,938.0,225.835,50313.31722
1757538900.0,222.83,223.13,222.72,223.06,2465.511,549861.71455,1485.0,1276.365,284646.90506
1757538960.0,223.06,223.18,223.06,223.12,1030.14,229849.53087,907.0,508.903,113542.47856
1757539020.0,223.12,223.16,222.99,223.11,1644.669,366823.84329,1014.0,731.115,163076.14979
1757539080.0,223.1,223.1,222.84,222.86,1880.761,419283.90372,887.0,1181.128,263280.80698
1757539140.0,222.86,223.05,222.86,223.04,969.712,216221.32163,933.0,138.955,30980.20855
1757539200.0,223.05,223.05,223.0,223.01,238.872,53273.84582,365.0,59.14,13189.49561
1757539260.0,223.01,223.02,222.84,222.92,1007.948,224735.38317,858.0,214.188,47743.12196
1757539320.0,222.92,222.92,222.85,222.86,285.48,63632.26834,345.0,64.888,14463.70385
1757539380.0,222.86,222.97,222.82,222.83,819.403,182630.61152,922.0,238.506,53157.63446
1757539440.0,222.82,223.05,222.82,223.04,324.557,72370.23417,694.0,179.982,40127.64183
1757539500.0,223.05,223.07,223.0,223.01,149.563,33357.69945,540.0,60.747,13548.58286
1757539560.0,223.02,223.07,223.0,223.03,1333.353,297358.85237,514.0,708.899,158098.30739
1757539620.0,223.02,223.03,222.99,222.99,1241.57,276873.7203,211.0,298.102,66480.17382
1757539680.0,222.99,223.0,222.92,222.93,1015.633,226467.07443,433.0,691.509,154197.187
1757539740.0,222.93,223.09,222.92,223.05,596.372,132990.20332,472.0,529.03,117971.09841
1757539800.0,223.06,223.15,222.92,222.94,1479.792,330031.61033,1059.0,523.966,116864.2114
1757539860.0,222.94,223.23,222.94,223.17,738.04,164684.08531,857.0,654.371,146013.43104
1757539920.0,223.18,223.4,223.13,223.3,3685.026,822690.86842,1353.0,3406.115,760431.18624
1757539980.0,223.31,223.31,223.11,223.12,462.886,103324.51022,486.0,174.534,38961.49198
1757540040.0,223.12,223.22,223.11,223.22,530.623,118426.21856,383.0,509.188,113642.78453
1757540100.0,223.23,223.28,223.1,223.28,1185.964,264665.0068,690.0,514.463,114815.25297
1757540160.0,223.28,223.73,223.27,223.71,9370.866,2093985.36273,2259.0,8418.884,1881206.06969
1757540220.0,223.7,223.73,223.39,223.49,2608.321,582971.53569,1458.0,706.45,157885.78535
1757540280.0,223.49,223.6,223.25,223.37,1662.416,371414.70279,1184.0,419.758,93785.83937
1757540340.0,223.37,223.37,223.25,223.25,307.531,68676.1468,278.0,44.524,9943.79318
1757540400.0,223.25,223.27,223.11,223.13,1224.957,273429.79293,708.0,330.459,73751.50341
1757540460.0,223.13,223.18,223.08,223.18,911.008,203247.80154,573.0,660.92,147453.69085
1757540520.0,223.18,223.28,223.18,223.28,563.966,125886.84432,274.0,351.645,78492.86847
1757540580.0,223.28,223.35,223.23,223.24,1366.619,305173.2307,660.0,359.865,80356.29643
1757540640.0,223.23,223.23,223.09,223.09,415.234,92676.09398,557.0,222.867,49741.20263
1757540700.0,223.1,223.21,223.09,223.21,621.523,138683.54224,542.0,554.907,123819.19149
1757540760.0,223.22,223.38,223.21,223.29,929.205,207503.62188,1261.0,329.639,73607.2278
1757540820.0,223.29,223.5,223.28,223.48,504.234,112640.22747,809.0,235.672,52639.1166
1757540880.0,223.48,223.48,223.31,223.32,994.02,222071.10034,596.0,294.634,65818.02467
1757540940.0,223.32,223.43,223.31,223.42,266.334,59482.91164,436.0,192.055,42894.51677
1757541000.0,223.42,223.46,223.41,223.46,694.087,155079.65802,286.0,190.299,42522.40179
1757541060.0,223.46,223.54,223.46,223.49,425.035,95001.09038,983.0,175.483,39220.5241
1757541120.0,223.48,223.52,223.48,223.51,202.855,45336.31883,216.0,151.723,33908.82187
1757541180.0,223.52,223.55,223.42,223.42,1398.51,312599.02688,599.0,642.186,143553.35418
1757541240.0,223.42,223.43,223.14,223.36,2239.503,500058.28206,1269.0,950.633,212193.42917
1757541300.0,223.35,223.51,223.35,223.43,408.055,91164.08426,554.0,288.681,64489.1238
1757541360.0,223.43,223.46,223.42,223.43,336.207,75120.33313,207.0,292.652,65388.72889
1757541420.0,223.43,223.46,223.38,223.46,816.935,182512.20017,371.0,290.158,64823.47433
1757541480.0,223.46,223.72,223.42,223.59,2309.099,516269.41851,1303.0,1391.41,311075.75604
1757541540.0,223.6,223.61,223.46,223.47,607.835,135850.64646,925.0,508.901,113737.40433
1757541600.0,223.47,223.63,223.42,223.51,717.77,160478.78267,997.0,444.378,99347.73828
1757541660.0,223.52,223.83,223.42,223.43,6592.781,1475112.94126,1851.0,6002.653,1343132.82445
1757541720.0,223.43,223.5,223.23,223.43,2661.697,594513.1714,2881.0,467.417,104382.32011
1757541780.0,223.42,223.58,223.42,223.48,2148.228,480138.21768,2213.0,1154.003,257926.97682
1757541840.0,223.47,223.71,223.44,223.64,9503.516,2124937.13752,1565.0,6887.581,1540037.10895
1757541900.0,223.63,223.73,223.58,223.65,4333.899,969346.35401,1195.0,3949.038,883271.09119
1757541960.0,223.66,223.73,223.6,223.71,3185.878,712561.55564,849.0,2959.174,661850.5016
1757542020.0,223.7,223.79,223.67,223.7,3539.751,791898.65054,902.0,3071.134,687058.11524
1757542080.0,223.69,223.76,223.56,223.69,4519.559,1010951.00048,1119.0,4212.576,942285.31164
1757542140.0,223.68,223.71,223.53,223.62,13296.232,2973892.57598,1479.0,6974.891,1559859.74642
1757542200.0,223.62,223.68,223.47,223.67,2117.673,473345.55279,1074.0,1919.237,428980.05155
1757542260.0,223.68,223.77,223.68,223.76,637.68,142668.424,626.0,83.468,18674.7708
1757542320.0,223.76,223.77,223.72,223.72,463.421,103687.5305,348.0,80.209,17947.99489
1757542380.0,223.73,223.78,223.72,223.78,412.473,92290.92478,229.0,242.661,54296.51946
1757542440.0,223.78,223.82,223.77,223.81,243.211,54432.71742,214.0,214.985,48115.66991
1757542500.0,223.82,223.93,223.78,223.84,4546.513,1017763.78679,994.0,3468.302,776379.10349
1757542560.0,223.84,223.84,223.63,223.67,962.018,215235.01508,898.0,349.527,78181.40384
1757542620.0,223.66,223.83,223.66,223.83,222.155,49700.73538,432.0,168.18,37622.57735
1757542680.0,223.83,223.91,223.78,223.82,1217.163,272476.78665,557.0,227.327,50895.91633
1757542740.0,223.82,223.85,223.6,223.63,378.167,84601.69385,657.0,129.68,29011.91828
1757542800.0,223.62,223.62,223.44,223.5,827.022,184823.93511,957.0,569.312,127217.45456
1757542860.0,223.5,223.51,223.5,223.51,286.663,64071.13939,114.0,196.399,43897.13539
1757542920.0,223.51,223.51,223.42,223.43,255.654,57123.30733,430.0,79.324,17724.40898
1757542980.0,223.42,223.44,223.2,223.21,2011.131,449115.76881,1052.0,959.439,214227.96236
1757543040.0,223.22,223.28,223.22,223.27,583.981,130368.23761,363.0,394.758,88127.07568
1757543100.0,223.28,223.41,223.25,223.41,918.919,205223.18128,737.0,592.504,132324.25796
1757543160.0,223.42,223.67,223.41,223.67,925.205,206823.01581,999.0,724.096,161860.74551
1757543220.0,223.68,223.79,223.59,223.69,1527.29,341618.248,1241.0,530.495,118675.27871
1757543280.0,223.69,223.8,223.68,223.72,792.492,177311.47109,835.0,468.14,104740.96106
1757543340.0,223.72,223.77,223.68,223.77,646.359,144601.19216,401.0,473.536,105939.12254
1757543400.0,223.78,223.82,223.7,223.7,1133.432,253619.84913,551.0,350.73,78487.13999
1757543460.0,223.7,223.71,223.55,223.56,548.619,122698.64536,534.0,178.349,39881.25215
1757543520.0,223.55,223.6,223.42,223.56,1094.448,244633.20227,880.0,417.209,93240.98717
1757543580.0,223.56,223.75,223.54,223.59,1334.834,298499.69557,1024.0,890.883,199227.60273
1757543640.0,223.58,223.77,223.58,223.77,578.622,129413.87284,668.0,327.745,73295.09596
1757543700.0,223.77,223.79,223.69,223.79,445.926,99769.59037,506.0,111.908,25037.69743
1757543760.0,223.79,223.79,223.67,223.67,513.608,114913.23457,446.0,131.375,29394.13835
1757543820.0,223.66,223.68,223.58,223.59,486.954,108888.79703,698.0,367.897,82263.58047
1757543880.0,223.58,223.63,223.5,223.52,588.699,131622.53455,680.0,438.685,98079.86997
1757543940.0,223.51,223.68,223.51,223.58,684.507,153077.04041,639.0,139.831,31269.97064
1757544000.0,223.58,223.62,223.55,223.56,203.809,45566.50566,404.0,87.418,19544.74019
1757544060.0,223.55,223.6,223.53,223.55,269.296,60207.59557,345.0,235.434,52637.2055
1757544120.0,223.55,223.66,223.54,223.63,462.222,103342.36348,363.0,411.137,91920.99206
1757544180.0,223.63,223.69,223.6,223.63,451.538,100981.50884,448.0,128.716,28786.91581
1757544240.0,223.62,223.63,223.58,223.61,228.966,51196.00015,234.0,134.167,29999.24238
1757544300.0,223.61,223.72,223.5,223.67,1125.177,251619.60171,938.0,355.292,79436.82907
1757544360.0,223.66,223.81,223.64,223.81,1447.796,323912.84845,644.0,1209.858,270680.25735
1757544420.0,223.81,223.9,223.8,223.9,1080.605,241886.50451,422.0,1005.772,225133.72465
1757544480.0,223.9,223.93,223.82,223.82,914.91,204836.50852,443.0,366.714,82111.67025
1757544540.0,223.82,223.9,223.82,223.86,383.458,85844.71494,371.0,155.846,34888.77638
1757544600.0,223.86,223.91,223.86,223.9,345.086,77262.50902,256.0,272.703,61056.69236
1757544660.0,223.9,224.1,223.9,224.0,3159.868,707843.46524,1309.0,2527.846,566254.21286
1757544720.0,224.0,224.06,223.9,224.02,1180.746,264422.84434,767.0,986.073,220812.77253
1757544780.0,224.02,224.03,223.9,223.91,1021.836,228901.22561,465.0,673.712,150928.19682
1757544840.0,223.92,224.01,223.92,223.98,384.478,86117.08985,405.0,172.761,38694.71065
1757544900.0,223.98,224.0,223.9,223.99,353.574,79176.26158,471.0,139.832,31315.07825
1757544960.0,224.0,224.47,223.99,224.45,8234.978,1846776.28468,2580.0,5980.628,1341244.15771
1757545020.0,224.45,224.65,224.34,224.5,6829.152,1533083.17929,2498.0,4306.559,966809.56554
1757545080.0,224.5,224.5,224.28,224.33,728.29,163406.28819,975.0,436.567,97950.225
1757545140.0,224.33,224.49,224.29,224.49,743.871,166898.40031,1258.0,647.511,145277.64695
1757545200.0,224.48,224.6,224.47,224.59,1382.265,310345.55341,997.0,1202.274,269933.88575
1757545260.0,224.59,224.59,224.46,224.53,958.065,215120.31904,758.0,356.415,80023.17909
1757545320.0,224.54,224.57,224.34,224.34,1067.504,239615.09223,922.0,372.577,83624.07975
1757545380.0,224.33,224.33,224.26,224.27,2851.412,639553.39375,650.0,1409.214,316071.48119
1757545440.0,224.27,224.35,224.26,224.34,825.099,185072.59555,440.0,759.596,170380.50761
1757545500.0,224.34,224.5,224.24,224.24,1212.637,272044.14307,1089.0,421.338,94535.90562
1757545560.0,224.24,224.41,224.18,224.39,1038.521,232920.98647,1066.0,604.308,135531.03382
1757545620.0,224.39,224.5,224.34,224.46,1525.692,342422.19564,1028.0,1001.883,224858.572
1757545680.0,224.47,224.47,224.32,224.33,2510.673,563366.53322,897.0,2088.554,468641.48729
1757545740.0,224.32,224.48,224.32,224.48,479.668,107648.91191,568.0,256.62,57585.49937
1757545800.0,224.47,224.48,224.31,224.32,1330.022,298489.34386,849.0,379.469,85153.44612
1757545860.0,224.32,224.34,224.22,224.29,1077.829,241728.03042,840.0,322.383,72312.8572
1757545920.0,224.29,224.3,224.16,224.25,1331.178,298486.98221,992.0,637.778,142996.35759
1757545980.0,224.26,224.35,224.18,224.26,1288.156,288878.64071,966.0,248.613,55755.41751
1757546040.0,224.26,224.3,224.24,224.24,1149.818,257862.07713,387.0,560.277,125653.62599
1757546100.0,224.24,224.24,224.14,224.2,795.45,178332.52647,478.0,320.742,71898.76237
1757546160.0,224.2,224.36,224.19,224.36,443.999,99571.90265,422.0,340.321,76316.80493
1757546220.0,224.36,224.43,224.28,224.42,838.264,188072.13424,689.0,259.131,58138.29141
1757546280.0,224.42,224.5,224.42,224.45,1374.153,308460.09398,413.0,1194.781,268195.82833
1757546340.0,224.45,224.5,224.44,224.48,249.919,56102.11419,248.0,132.363,29713.46494
1757546400.0,224.48,224.49,224.32,224.34,802.923,180132.53555,570.0,307.875,69067.89978
1757546460.0,224.35,224.45,224.32,224.34,668.07,149886.79011,649.0,406.729,91247.63925
1757546520.0,224.34,224.37,224.15,224.19,1148.065,257420.30627,1062.0,498.502,111756.53929
1757546580.0,224.19,224.3,224.19,224.24,2544.217,570521.64082,557.0,1866.298,418492.1107
1757546640.0,224.25,224.36,224.24,224.33,1019.483,228628.04462,460.0,892.678,200191.40962
1757546700.0,224.32,224.33,224.26,224.26,1124.131,252118.62907,458.0,209.562,47000.90692
1757546760.0,224.26,224.27,224.06,224.17,1399.456,313700.49262,783.0,527.755,118271.39937
1757546820.0,224.17,224.2,224.08,224.08,714.686,160193.41138,385.0,317.643,71204.71472
1757546880.0,224.08,224.09,223.92,223.98,500.748,112166.44364,523.0,159.656,35758.06175
1757546940.0,223.97,224.0,223.97,223.98,216.918,48584.20125,173.0,64.149,14368.13237
1757547000.0,223.98,224.01,223.95,224.0,1747.508,391408.23315,263.0,1400.228,313619.48929
1757547060.0,224.0,224.11,224.0,224.03,698.985,156616.62304,392.0,606.5,135895.40383
1757547120.0,224.03,224.23,224.0,224.22,710.841,159271.87102,625.0,528.544,118428.14337
1757547180.0,224.23,224.26,224.22,224.25,311.346,69820.00505,219.0,195.755,43899.67356
1757547240.0,224.25,224.25,224.04,224.04,920.068,206269.43495,644.0,168.271,37725.14837
1757547300.0,224.05,224.05,223.85,224.01,1171.868,262450.15936,843.0,368.46,82512.37255
1757547360.0,224.01,224.28,224.01,224.28,1487.316,333452.95668,704.0,1413.523,316908.28819
1757547420.0,224.28,224.38,224.27,224.38,498.886,111901.92903,305.0,227.482,51033.60143
1757547480.0,224.37,224.47,224.27,224.42,1573.114,352966.78857,712.0,1208.337,271109.89732
1757547540.0,224.42,224.43,224.24,224.25,965.497,216625.9132,587.0,583.849,131018.82733
1757547600.0,224.25,224.25,224.05,224.11,1157.183,259366.50905,757.0,416.385,93315.69993
1757547660.0,224.11,224.13,224.11,224.12,341.606,76562.36945,202.0,316.771,70996.43743
1757547720.0,224.12,224.13,223.88,223.88,881.462,197446.2168,734.0,324.883,72757.19179
1757547780.0,223.89,223.91,223.77,223.86,1432.985,320776.33888,740.0,438.237,98104.41313
1757547840.0,223.85,223.9,223.84,223.89,697.279,156093.48545,314.0,309.342,69251.29441
1757547900.0,223.9,224.25,223.89,224.16,2590.007,580490.97545,1245.0,2169.631,486264.47341
1757547960.0,224.16,224.2,224.05,224.05,1290.802,289288.92823,1419.0,696.721,156144.10324
1757548020.0,224.06,224.09,223.95,224.09,198.162,44393.03864,543.0,145.227,32535.42296
1757548080.0,224.09,224.2,223.92,223.94,1569.688,351718.54489,1287.0,543.764,121865.57002
1757548140.0,223.95,223.98,223.89,223.93,527.652,118158.83525,550.0,308.173,69010.96217
1757548200.0,223.93,223.99,223.81,223.82,916.146,205131.42526,738.0,126.328,28291.21139
1757548260.0,223.82,223.86,223.67,223.79,2758.126,617187.74771,1037.0,298.699,66835.62359
1757548320.0,223.8,223.99,223.79,223.98,526.412,117877.39735,519.0,487.612,109187.71126
1757548380.0,223.98,224.1,223.85,224.09,2322.552,520185.76432,1118.0,1326.815,297185.42785
1757548440.0,224.09,224.09,223.96,224.06,824.42,184698.24451,750.0,314.341,70421.83313
1757548500.0,224.05,224.05,223.85,223.92,580.988,130091.46918,722.0,460.234,103047.57934
1757548560.0,223.92,224.03,223.92,223.93,572.474,128222.89355,588.0,394.833,88438.47898
1757548620.0,223.93,224.01,223.87,224.01,1000.605,224063.2526,764.0,458.743,102727.22146
1757548680.0,224.0,224.06,223.91,223.93,758.803,169955.03146,942.0,228.137,51103.87315
1757548740.0,223.93,224.08,223.93,224.07,735.874,164853.19376,356.0,552.368,123735.37986
1757548800.0,224.06,224.1,223.96,224.04,1218.387,272971.21365,1530.0,660.6,147994.29851
1757548860.0,224.03,224.05,223.95,223.96,767.362,171881.39211,753.0,363.898,81510.35311
1757548920.0,223.95,223.99,223.87,223.91,999.673,223840.93148,997.0,672.233,150513.34643
1757548980.0,223.9,224.03,223.85,224.03,858.927,192320.19007,877.0,670.889,150217.96505
1757549040.0,224.03,224.18,224.03,224.12,2279.301,510843.22366,647.0,1736.696,389227.33287
1757549100.0,224.12,224.46,224.0,224.39,7236.31,1622437.34433,1912.0,5176.267,1160510.48047
1757549160.0,224.4,224.51,224.39,224.5,1858.354,417114.3019,558.0,1643.196,368820.7703
1757549220.0,224.5,224.56,224.37,224.37,2723.832,611575.68157,996.0,2036.801,457343.032
1757549280.0,224.37,224.38,224.19,224.32,1868.858,419127.04199,1396.0,984.46,220784.33354
1757549340.0,224.32,224.39,224.26,224.39,544.005,122012.65704,576.0,358.291,80359.9814
1757549400.0,224.4,224.45,224.35,224.36,888.975,199494.15848,619.0,564.806,126751.71003
1757549460.0,224.36,224.38,224.28,224.34,1100.684,246936.74178,593.0,226.954,50915.291
1757549520.0,224.34,224.38,224.27,224.3,448.084,100517.95745,473.0,143.938,32288.64965
1757549580.0,224.3,224.35,224.29,224.35,372.189,83492.2311,190.0,299.191,67118.46121
1757549640.0,224.34,224.37,224.26,224.26,872.965,195814.38538,664.0,251.832,56490.44278
1757549700.0,224.27,224.47,224.26,224.38,2267.575,508744.42916,1486.0,1731.778,388501.71315
1757549760.0,224.38,224.54,224.38,224.52,837.333,187934.42302,550.0,763.938,171459.69915
1757549820.0,224.52,224.63,224.37,224.38,3826.657,859294.88404,1769.0,2813.975,631908.83941
1757549880.0,224.37,224.68,224.34,224.68,5256.954,1180549.88899,1839.0,4571.118,1026553.30266
1757549940.0,224.68,224.79,224.6,224.76,6690.729,1503353.91833,1328.0,6193.604,1391632.199
1757550000.0,224.77,225.0,224.74,224.98,6210.419,1396871.59317,2113.0,5390.525,1212508.19641
1757550060.0,224.98,225.09,224.98,225.07,3883.842,873947.01841,1635.0,3181.585,715904.86119
1757550120.0,225.08,225.08,224.95,225.01,2098.143,472119.24986,1035.0,922.959,207682.61015
1757550180.0,225.01,225.05,224.78,224.79,3734.757,840232.5423,1615.0,1374.315,309156.89616
1757550240.0,224.79,225.03,224.76,225.03,1551.426,348882.52368,1295.0,1230.354,276669.00391
1757550300.0,225.03,225.03,224.76,224.83,2465.221,554495.61006,1759.0,497.921,111964.8574
1757550360.0,224.84,224.96,224.79,224.91,1484.595,333874.05441,1219.0,1269.97,285608.87028
1757550420.0,224.9,225.14,224.9,225.07,3135.255,705675.25331,941.0,2819.409,634600.71406
1757550480.0,225.08,225.27,224.93,225.03,4862.586,1094531.59911,2633.0,1908.8,429660.19398
1757550540.0,225.03,225.29,225.03,225.28,1455.11,327600.44358,953.0,1268.599,285604.68748
1757550600.0,225.29,225.29,225.12,225.2,1816.237,409054.63454,1528.0,1426.797,321345.96774
1757550660.0,225.2,225.29,224.92,224.98,6868.684,1546061.53057,2473.0,1882.522,423718.09137
1757550720.0,224.98,225.04,224.86,225.04,4004.873,900912.38805,1682.0,984.822,221531.01472
1757550780.0,225.03,225.1,225.0,225.01,4395.288,989199.51653,1092.0,3070.919,691127.24324
1757550840.0,225.01,225.01,224.46,224.46,3580.794,804714.38291,2337.0,850.088,190979.64378
1757550900.0,224.46,224.65,224.38,224.62,1720.57,386322.28418,1556.0,1169.019,262513.41963
1757550960.0,224.62,224.96,224.62,224.92,2154.482,484435.8644,1058.0,1476.672,332006.7627
1757551020.0,224.91,225.03,224.67,224.71,5180.494,1164818.91098,2527.0,1478.354,332474.66121
1757551080.0,224.7,224.75,224.6,224.67,1491.875,335174.56718,1148.0,441.462,99182.55704
1757551140.0,224.67,224.67,224.53,224.53,1152.61,258883.35917,674.0,389.903,87562.04611
1757551200.0,224.54,224.6,224.49,224.59,1812.202,406919.89963,989.0,1466.45,329282.01666
1757551260.0,224.59,224.65,224.59,224.64,838.356,188323.77278,953.0,805.264,180890.13265
1757551320.0,224.65,224.73,224.64,224.72,668.641,150226.93723,454.0,613.557,137852.36839
1757551380.0,224.73,224.98,224.65,224.66,1962.585,441254.70151,1740.0,1079.957,242816.54274
1757551440.0,224.66,224.75,224.65,224.73,1188.739,267089.5795,681.0,833.332,187240.77509
1757551500.0,224.73,224.89,224.72,224.89,1791.153,402631.12936,1316.0,1224.267,275211.5445
1757551560.0,224.89,225.02,224.89,225.02,909.465,204587.46186,639.0,588.459,132383.33154
1757551620.0,225.02,225.06,224.78,224.88,3008.001,676639.99892,2228.0,1313.129,295318.82286
1757551680.0,224.88,224.92,224.85,224.87,809.381,182025.61513,984.0,676.709,152188.43611
1757551740.0,224.86,224.91,224.64,224.64,1564.071,351530.17009,1105.0,247.238,55569.47805
1757551800.0,224.64,224.86,224.64,224.86,705.991,158676.15961,1043.0,610.18,137137.53521
1757551860.0,224.86,224.9,224.72,224.81,818.062,183916.83042,1017.0,558.292,125511.8379
1757551920.0,224.82,225.0,224.82,224.98,985.444,221653.04092,931.0,935.586,210437.24547
1757551980.0,224.97,225.41,224.97,225.26,8164.65,1838873.99144,2068.0,7357.272,1656944.04725
1757552040.0,225.26,225.43,225.09,225.11,3473.842,782602.15143,1832.0,2278.674,513347.88579
1757552100.0,225.11,225.26,225.06,225.07,1836.124,413379.52279,1527.0,651.74,146728.50363
1757552160.0,225.07,225.09,224.97,225.0,769.09,173070.14932,730.0,186.159,41890.4708
1757552220.0,225.01,225.03,224.87,225.02,920.696,207127.187,972.0,550.995,123960.70764
1757552280.0,225.03,225.06,224.97,224.97,1146.869,258053.1575,830.0,788.551,177431.60478
1757552340.0,224.97,225.01,224.96,225.0,509.79,114692.99567,418.0,305.545,68741.68481
1757552400.0,225.01,225.09,224.85,224.89,1750.581,393797.69773,1149.0,1169.772,263135.73872
1757552460.0,224.89,224.89,224.65,224.71,1730.648,388897.30791,914.0,743.983,167170.76256
1757552520.0,224.71,224.91,224.65,224.9,1426.005,320508.40834,931.0,968.593,217719.32546
1757552580.0,224.9,225.28,224.9,225.28,2137.738,481242.38127,1387.0,2062.652,464340.02681
1757552640.0,225.28,225.33,225.13,225.32,2160.6,486635.76175,1504.0,1174.081,264419.64675
1757552700.0,225.32,225.38,225.12,225.3,4242.431,955590.15246,1773.0,3007.455,677357.74594
1757552760.0,225.3,225.42,225.27,225.42,1912.675,431043.21768,1179.0,891.435,200896.87749
1757552820.0,225.42,225.42,225.14,225.41,3242.139,730337.04897,2130.0,2222.215,500511.93762
1757552880.0,225.41,225.42,225.2,225.25,2908.332,655277.02871,1256.0,1646.996,371050.78319
1757552940.0,225.25,225.42,225.25,225.41,3037.455,684380.53281,1627.0,2561.172,577069.72978
1757553000.0,225.42,225.52,225.27,225.27,4023.279,907117.91395,1276.0,2949.782,665088.99225
1757553060.0,225.27,225.49,225.21,225.4,2745.269,618652.00503,1487.0,1511.838,340652.00426
1757553120.0,225.39,225.47,225.33,225.33,1889.533,425874.32748,1405.0,1012.763,228262.2663
1757553180.0,225.33,225.5,225.33,225.4,2544.959,573668.73739,1288.0,1577.04,355463.35188
1757553240.0,225.4,225.5,225.4,225.48,2043.452,460752.81104,1239.0,1329.754,299828.92046
1757553300.0,225.49,225.5,225.26,225.27,2341.632,527871.44158,1297.0,1032.714,232848.04009
1757553360.0,225.27,225.27,225.01,225.08,3133.793,705404.15209,1496.0,1055.423,237541.46236
1757553420.0,225.08,225.11,224.95,224.99,2245.842,505353.57765,1164.0,689.635,155176.68439
1757553480.0,224.99,225.03,224.98,224.98,1911.773,430163.88715,643.0,895.908,201582.07754
1757553540.0,224.97,224.98,224.74,224.81,3506.23,788297.82119,1494.0,987.797,222072.82636
1757553600.0,224.8,224.81,224.61,224.62,1788.94,401918.98281,824.0,264.506,59430.3604
1757553660.0,224.62,224.72,224.5,224.67,4165.375,935438.46426,2077.0,2571.941,577594.38409
1757553720.0,224.68,224.7,224.58,224.68,2003.512,450046.06723,1135.0,1180.409,265133.8573
1757553780.0,224.67,224.7,224.55,224.56,1419.708,318955.12208,757.0,709.715,159453.11562
1757553840.0,224.55,224.63,224.49,224.63,1842.564,413741.81823,933.0,1530.403,343653.1285
1757553900.0,224.63,224.87,224.63,224.86,1761.353,395916.07548,1577.0,1007.064,226345.97374
1757553960.0,224.86,225.23,224.79,225.13,5588.932,1257781.71122,1791.0,4708.571,1059601.22695
1757554020.0,225.14,225.16,224.97,224.98,1816.739,408845.34899,808.0,845.267,190188.66523
1757554080.0,224.98,225.02,224.9,224.99,1829.162,411474.63314,911.0,1266.889,284983.3335
1757554140.0,224.99,225.04,224.97,225.04,864.375,194480.30278,632.0,523.73,117838.77951
1757554200.0,225.03,225.29,225.03,225.23,4142.474,932939.35487,2222.0,3837.257,864198.35153
1757554260.0,225.23,225.25,225.06,225.13,1816.837,409080.3089,754.0,1040.101,234226.34903
1757554320.0,225.12,225.2,225.11,225.19,742.425,167167.4698,566.0,535.899,120667.75416
1757554380.0,225.2,225.23,225.19,225.23,496.337,111781.39755,302.0,231.008,52025.61916
1757554440.0,225.22,225.33,225.22,225.31,839.261,189066.74318,682.0,710.316,160018.93717
1757554500.0,225.31,225.37,225.3,225.37,444.957,100264.58133,365.0,330.13,74391.91221
1757554560.0,225.36,225.52,225.3,225.52,4137.181,932759.50256,1495.0,3182.177,717458.9087
1757554620.0,225.51,225.52,225.33,225.35,1043.337,235175.18854,1114.0,488.687,110153.75091
1757554680.0,225.35,225.37,225.29,225.31,768.055,173067.92585,824.0,187.846,42325.89686
1757554740.0,225.32,225.32,225.17,225.18,1860.265,418985.52953,717.0,164.398,37027.27946
1757554800.0,225.17,225.45,225.17,225.42,4473.246,1007625.25337,1321.0,3885.947,875300.82057
1757554860.0,225.41,225.51,225.4,225.44,3372.152,760369.328,860.0,2073.671,467571.91549
1757554920.0,225.44,225.48,225.43,225.46,1026.36,231402.17941,575.0,466.179,105102.55902
1757554980.0,225.45,225.59,225.45,225.57,3930.018,886312.15548,800.0,3370.695,760178.80552
1757555040.0,225.58,225.59,225.55,225.55,488.274,110145.96004,453.0,326.605,73677.01065
1757555100.0,225.55,225.55,225.38,225.45,1545.54,348482.43819,1441.0,788.71,177832.16805
1757555160.0,225.45,225.45,225.25,225.37,947.486,213484.10058,1227.0,357.478,80544.88743
1757555220.0,225.36,225.38,225.33,225.37,1185.037,267055.34414,743.0,672.218,151484.89298
1757555280.0,225.38,225.45,225.31,225.44,985.43,222075.59212,614.0,475.431,107148.47994
1757555340.0,225.44,225.45,225.0,225.11,3438.75,774344.98528,1882.0,902.137,203080.94251
1757555400.0,225.12,225.17,225.02,225.02,1576.897,354977.94327,1104.0,538.988,121337.69182
1757555460.0,225.03,225.06,224.93,225.05,1414.359,318206.26087,1329.0,460.534,103625.98328
1757555520.0,225.06,225.06,224.9,224.94,1733.432,389998.86741,1023.0,163.129,36696.69914
1757555580.0,224.94,224.97,224.85,224.87,760.246,170985.84577,559.0,260.166,58521.44966
1757555640.0,224.87,224.99,224.87,224.92,4960.197,1115499.96181,1007.0,4263.541,958815.97115
1757555700.0,224.92,224.99,224.92,224.98,805.49,181196.37047,526.0,543.336,122221.39614
1757555760.0,224.98,225.04,224.94,224.94,983.777,221335.54877,695.0,523.999,117892.55317
1757555820.0,224.94,225.02,224.92,225.01,784.409,176475.96503,462.0,488.852,109979.11805
1757555880.0,225.02,225.02,224.91,224.92,659.576,148399.34238,500.0,223.507,50290.06418
1757555940.0,224.92,224.92,224.8,224.82,579.662,130344.89721,599.0,265.166,59624.4991
1757556000.0,224.83,224.88,224.76,224.76,1059.263,238157.20832,856.0,782.673,175982.9525
1757556060.0,224.77,224.84,224.67,224.83,1897.838,426501.10343,1460.0,977.348,219641.54108
1757556120.0,224.83,224.97,224.76,224.95,1958.36,440353.45278,1333.0,1483.608,333592.57009
1757556180.0,224.94,224.95,224.72,224.73,856.243,192528.24314,1005.0,332.163,74688.24118
1757556240.0,224.72,224.74,224.5,224.68,2403.071,539746.72483,1519.0,923.57,207432.2881
1757556300.0,224.69,224.76,224.65,224.76,907.445,203898.47622,679.0,432.129,97107.15736
1757556360.0,224.75,224.8,224.66,224.7,1414.8,317957.63236,958.0,508.894,114370.99257
1757556420.0,224.7,224.85,224.69,224.72,337.337,75830.79833,820.0,156.885,35266.40787
1757556480.0,224.72,224.74,224.63,224.74,1253.971,281723.52145,698.0,356.323,80055.71219
1757556540.0,224.74,225.05,224.74,224.97,1516.443,341110.19476,1428.0,1151.606,259034.2546
1757556600.0,224.96,225.01,224.87,224.88,555.118,124888.65246,693.0,282.3,63513.98089
1757556660.0,224.87,224.88,224.52,224.69,16641.496,3738602.27448,2874.0,2580.368,579668.13208
1757556720.0,224.68,224.78,224.68,224.77,741.152,166552.53855,702.0,708.001,159102.7685
1757556780.0,224.78,224.87,224.77,224.77,895.064,201224.83456,837.0,648.051,145685.08267
1757556840.0,224.76,224.82,224.76,224.78,562.294,126396.35934,702.0,375.47,84400.61778
1757556900.0,224.78,224.78,224.55,224.61,2933.858,658948.41602,1084.0,2082.413,467669.26054
1757556960.0,224.62,224.62,224.45,224.5,2192.866,492328.06629,1240.0,933.266,209531.89029
1757557020.0,224.51,224.64,224.43,224.55,1109.103,249004.8542,1131.0,708.683,159111.57356
1757557080.0,224.55,224.55,224.43,224.49,908.8,204006.84949,746.0,499.257,112069.64746
1757557140.0,224.48,224.49,224.05,224.2,7065.793,1584344.46143,3852.0,2476.745,555308.60495
1757557200.0,224.2,224.23,224.07,224.16,1186.169,265877.87977,1112.0,582.104,130476.9787
1757557260.0,224.17,224.2,223.93,223.96,2337.266,523601.84078,1865.0,711.71,159449.22438
1757557320.0,223.95,224.11,223.9,223.93,2618.274,586419.27224,1917.0,1452.371,325283.00241
1757557380.0,223.93,223.94,223.86,223.91,2322.276,519963.48813,849.0,743.215,166406.78389
1757557440.0,223.9,223.98,223.84,223.85,1224.578,274200.85075,994.0,745.69,166978.12575
1757557500.0,223.86,224.08,223.85,223.91,2071.861,463998.2556,1151.0,1073.349,240334.85638
1757557560.0,223.91,224.06,223.9,224.02,1761.692,394629.55311,571.0,1341.618,300520.3738
1757557620.0,224.03,224.16,224.03,224.13,1333.236,298780.29874,854.0,984.866,220705.08908
1757557680.0,224.13,224.13,224.02,224.03,557.693,124957.28349,543.0,369.878,82873.36526
1757557740.0,224.02,224.03,223.89,223.89,329.747,73853.76306,514.0,139.227,31182.49768
1757557800.0,223.89,223.89,223.62,223.65,3905.764,873753.14248,1789.0,840.792,188076.27055
1757557860.0,223.65,223.66,223.5,223.53,2275.226,508605.18509,1514.0,964.611,215623.63567
1757557920.0,223.52,223.52,223.14,223.32,5923.202,1322668.84359,2531.0,2518.464,562251.04754
1757557980.0,223.32,223.34,223.13,223.29,2195.472,490080.99707,1477.0,669.731,149479.21817
1757558040.0,223.29,223.49,223.21,223.46,2379.816,531496.10591,1832.0,1690.218,377464.48814
1757558100.0,223.46,223.48,223.3,223.41,1871.882,418210.92294,1192.0,1133.432,253233.15493
1757558160.0,223.41,223.66,223.41,223.59,4055.675,906624.32722,1930.0,1980.449,442698.13608
1757558220.0,223.59,223.59,223.37,223.48,7378.077,1648541.23811,1888.0,1330.349,297310.36698
1757558280.0,223.48,223.72,223.46,223.62,1078.51,241204.85252,1345.0,874.715,195632.98861
1757558340.0,223.61,223.62,223.41,223.41,2219.413,496087.94879,986.0,963.348,215381.01163
1757558400.0,223.41,223.61,223.41,223.49,2082.734,465458.78818,1530.0,1130.184,252588.20003
1757558460.0,223.49,223.49,223.37,223.39,3021.837,675154.82307,1011.0,1436.07,320841.46496
1757558520.0,223.38,223.4,223.22,223.26,1845.847,412252.45855,839.0,421.307,94073.78149
1757558580.0,223.26,223.47,223.25,223.43,1379.167,308014.67753,1311.0,1253.905,280034.5517
1757558640.0,223.43,223.5,223.42,223.5,632.316,141300.38777,534.0,294.861,65891.27255
1757558700.0,223.5,223.55,223.29,223.55,2155.727,481627.75838,1584.0,988.133,220741.02357
1757558760.0,223.55,223.69,223.27,223.3,5229.112,1168562.94301,1835.0,2234.03,499449.30453
1757558820.0,223.31,223.34,223.25,223.34,458.611,102407.49993,628.0,299.255,66823.6348
1757558880.0,223.35,223.42,223.31,223.41,316.569,70707.38428,611.0,115.822,25868.91109
1757558940.0,223.41,223.65,223.36,223.6,981.578,219393.95813,1160.0,690.112,154250.99331
1757559000.0,223.6,223.6,223.42,223.42,498.044,111290.51374,718.0,390.859,87335.65173
1757559060.0,223.42,223.43,223.35,223.41,1510.935,337530.92194,596.0,429.218,95882.52741
1757559120.0,223.42,223.43,223.35,223.42,849.84,189846.45391,716.0,385.766,86175.15619
1757559180.0,223.43,223.5,223.42,223.5,368.485,82337.19672,530.0,207.577,46384.89464
1757559240.0,223.49,223.49,223.39,223.39,296.199,66176.18091,378.0,69.954,15629.62108
1757559300.0,223.38,223.38,223.26,223.33,781.273,174484.01092,553.0,382.08,85328.88361
1757559360.0,223.32,223.33,223.23,223.23,735.245,164164.88245,293.0,266.936,59601.66519
1757559420.0,223.24,223.33,223.21,223.21,1006.105,224619.44748,538.0,535.216,119494.53182
1757559480.0,223.22,223.33,223.16,223.29,1672.147,373237.7833,760.0,574.198,128169.35233
1757559540.0,223.29,223.3,222.94,223.02,4596.608,1025226.42441,1397.0,330.74,73769.02223
1757559600.0,223.02,223.18,223.0,223.18,1095.802,244454.48528,1310.0,589.844,131586.79515
1757559660.0,223.18,223.34,223.14,223.26,1629.807,363829.79825,1474.0,1272.219,283999.64489
1757559720.0,223.26,223.27,223.14,223.21,286.363,63915.31241,909.0,189.434,42280.3961
1757559780.0,223.21,223.42,223.21,223.39,915.175,204404.30429,826.0,578.879,129277.66603
1757559840.0,223.4,223.4,223.25,223.25,330.412,73792.75774,424.0,131.965,29471.05913
1757559900.0,223.25,223.35,223.24,223.28,850.338,189871.2616,578.0,661.227,147638.37128
1757559960.0,223.28,223.33,223.13,223.14,1805.831,403187.40045,822.0,690.167,154098.13826
1757560020.0,223.14,223.2,223.08,223.2,512.148,114274.71793,521.0,340.852,76057.96601
1757560080.0,223.2,223.27,223.11,223.26,740.475,165284.71646,662.0,643.939,143735.36882
1757560140.0,223.26,223.49,223.26,223.49,1975.651,441318.03518,834.0,1272.296,284196.51282
1757560200.0,223.48,223.49,223.38,223.38,1147.653,256436.8132,658.0,194.295,43413.21299
1757560260.0,223.38,223.61,223.37,223.6,1137.567,254234.54024,750.0,661.883,147905.93739
1757560320.0,223.6,223.73,223.59,223.72,1804.138,403568.22866,1004.0,919.728,205725.99846
1757560380.0,223.72,223.8,223.66,223.66,1028.599,230149.30909,712.0,721.279,161381.70055
1757560440.0,223.67,223.7,223.59,223.59,2671.501,597563.47242,531.0,1692.246,378528.86392
1757560500.0,223.59,223.76,223.59,223.76,404.511,90476.85787,497.0,382.528,85561.14354
1757560560.0,223.76,223.82,223.68,223.79,1335.094,298770.7643,1029.0,1047.522,234421.10679
1757560620.0,223.79,223.85,223.78,223.85,3192.156,714502.07916,469.0,2898.733,648832.52524
1757560680.0,223.85,223.92,223.84,223.88,1847.788,413650.21083,642.0,1613.866,361275.03185
1757560740.0,223.88,223.88,223.68,223.69,1816.322,406417.56397,952.0,880.251,196925.37613
1757560800.0,223.69,223.87,223.68,223.87,981.56,219612.36074,801.0,809.272,181052.95702
1757560860.0,223.88,223.99,223.85,223.9,705.382,157952.49629,1347.0,384.808,86167.43517
1757560920.0,223.9,223.94,223.84,223.91,2387.766,534567.5214,1151.0,2212.368,495296.95029
1757560980.0,223.92,223.99,223.82,223.89,4464.264,999498.56058,1048.0,3836.758,859005.34253
1757561040.0,223.89,224.12,223.88,224.08,5611.998,1257428.862,1181.0,5164.315,1157133.62451
1757561100.0,224.09,224.44,224.09,224.41,3022.227,677844.06124,1972.0,2680.022,601068.57552
1757561160.0,224.41,224.55,224.41,224.53,2107.354,473125.48574,1363.0,1005.097,225634.85786
1757561220.0,224.53,224.57,224.34,224.39,1934.795,434355.78916,1085.0,866.141,194430.82109
1757561280.0,224.39,224.5,224.35,224.39,893.132,200465.81969,600.0,524.522,117735.71525
1757561340.0,224.4,224.43,224.33,224.4,648.163,145438.86987,528.0,370.149,83053.29152
1757561400.0,224.4,224.48,224.26,224.33,1399.696,314061.51712,1307.0,629.742,141301.10531
1757561460.0,224.34,224.48,224.34,224.39,1163.192,261037.87149,611.0,1031.603,231505.91509
1757561520.0,224.4,224.47,224.17,224.17,2126.295,476940.03091,1565.0,1261.694,282999.1573
1757561580.0,224.18,224.31,224.07,224.09,1120.23,251189.35011,962.0,241.341,54118.34568
1757561640.0,224.1,224.1,223.87,223.92,2452.613,549286.17678,1762.0,1169.64,261946.24305
1757561700.0,223.93,224.15,223.93,224.03,903.542,202422.05873,1144.0,664.359,148837.99013
1757561760.0,224.04,224.22,224.03,224.03,1596.752,357917.0207,1020.0,362.2,81177.39157
1757561820.0,224.03,224.21,224.02,224.2,2319.692,519937.89001,913.0,2072.216,464466.51256
1757561880.0,224.19,224.21,224.16,224.21,445.774,99935.40019,375.0,286.462,64220.7106
1757561940.0,224.2,224.2,224.09,224.15,1441.482,323077.11337,738.0,260.961,58491.18038
1757562000.0,224.16,224.22,224.06,224.15,3268.028,732420.96158,885.0,839.928,188284.88977
1757562060.0,224.16,224.3,224.14,224.3,1481.861,332246.45693,678.0,1251.674,280646.29146
1757562120.0,224.29,224.38,224.26,224.38,2072.148,464774.42813,605.0,1659.458,372213.77798
1757562180.0,224.38,224.43,224.19,224.2,2569.652,576431.71588,1133.0,566.053,127007.33426
1757562240.0,224.2,224.2,224.08,224.12,1140.044,255525.28584,1062.0,636.338,142624.63729
1757562300.0,224.11,224.22,224.03,224.21,1272.671,285215.65691,1296.0,462.18,103579.53403
1757562360.0,224.2,224.41,224.2,224.32,1427.371,320191.20054,876.0,838.735,188119.32736
1757562420.0,224.33,224.43,224.31,224.41,704.738,158114.8863,867.0,497.605,111637.07794
1757562480.0,224.42,224.5,224.41,224.5,572.466,128492.42195,320.0,557.207,125067.43822
1757562540.0,224.5,224.55,224.5,224.54,1146.149,257330.83952,408.0,886.433,199016.44159
1757562600.0,224.55,224.55,224.19,224.27,3057.937,686069.5779,1842.0,1036.26,232405.32789
1757562660.0,224.26,224.35,224.19,224.34,950.992,213276.14298,997.0,517.697,116107.25836
1757562720.0,224.34,224.5,224.33,224.48,960.221,215485.40577,994.0,658.401,147767.35757
1757562780.0,224.48,224.5,224.28,224.38,1634.935,366905.13057,960.0,993.564,222973.62159
1757562840.0,224.38,224.38,224.27,224.28,877.846,196909.3042,458.0,486.581,109144.48308
1757562900.0,224.28,224.3,224.24,224.3,882.256,197867.14826,839.0,354.567,79523.67117
1757562960.0,224.29,224.51,224.17,224.17,1852.312,415595.58469,2412.0,778.696,174723.44106
1757563020.0,224.18,224.38,224.11,224.17,2523.088,565699.81033,1868.0,1182.637,265131.9478
1757563080.0,224.17,224.34,224.16,224.34,985.812,221082.69071,860.0,740.032,165962.2426
1757563140.0,224.33,224.34,224.16,224.17,962.751,215917.03376,592.0,390.656,87618.69033
1757563200.0,224.17,224.29,224.11,224.22,1339.345,300278.90846,1063.0,666.545,149434.79263
1757563260.0,224.22,224.23,223.99,224.0,979.967,219582.2237,793.0,394.176,88326.65347
1757563320.0,223.99,224.0,223.84,223.84,1302.157,291619.81906,843.0,375.004,83986.83148
1757563380.0,223.84,224.01,223.72,223.95,1963.522,439494.45425,1507.0,852.135,190729.21203
1757563440.0,223.95,224.06,223.84,223.94,1117.689,250298.24757,1182.0,229.359,51360.58181
1757563500.0,223.94,223.99,223.7,223.79,1934.738,433005.2713,2298.0,887.197,198571.53633
1757563560.0,223.78,223.88,223.75,223.87,582.362,130353.89579,801.0,413.867,92637.18482
1757563620.0,223.88,223.88,223.43,223.47,10229.656,2286617.92935,2851.0,1402.936,313622.45462
1757563680.0,223.47,223.52,223.16,223.2,2709.952,605316.60486,2376.0,688.908,153885.15628
1757563740.0,223.19,223.22,222.87,223.11,9182.738,2047924.71241,3513.0,3135.165,699237.54858
1757563800.0,223.11,223.23,223.01,223.22,1217.894,271721.31553,924.0,719.761,160583.25404
1757563860.0,223.22,223.22,223.03,223.18,1245.226,277818.67809,1333.0,691.568,154273.17106
1757563920.0,223.17,223.17,223.0,223.0,1621.755,361794.03593,889.0,479.841,107043.73602
1757563980.0,223.0,223.04,222.88,223.03,2637.138,587945.69851,1490.0,1521.439,339185.72254
1757564040.0,223.03,223.03,222.92,222.98,1103.694,246109.60772,641.0,295.288,65842.52533
1757564100.0,222.98,223.06,222.97,223.04,1403.047,312914.84842,661.0,564.821,125969.52411
1757564160.0,223.05,223.28,223.04,223.28,1631.6,364117.29443,1371.0,1213.206,270717.06353
1757564220.0,223.27,223.3,223.18,223.22,2395.12,534687.01111,1202.0,1625.74,362929.81068
1757564280.0,223.21,223.22,223.05,223.22,2530.679,564642.21951,1794.0,1832.544,408879.91064
1757564340.0,223.21,223.38,223.2,223.22,1869.793,417479.3837,1210.0,1028.4,229616.55389
1757564400.0,223.23,223.3,223.0,223.0,2114.705,471825.89058,1278.0,1155.085,257747.96882
1757564460.0,222.99,222.99,222.69,222.72,4473.824,996848.43775,2392.0,1624.609,362007.92631
1757564520.0,222.72,222.89,222.67,222.84,1886.117,420103.87964,1108.0,1250.399,278512.55398
1757564580.0,222.84,223.22,222.82,223.07,3532.21,787864.54644,2195.0,2128.392,474699.81273
1757564640.0,223.07,223.37,223.07,223.15,1948.006,434824.31396,1252.0,568.31,126881.46492
1757564700.0,223.16,223.23,223.12,223.16,1025.039,228750.7183,875.0,184.739,41226.77438
1757564760.0,223.16,223.26,223.13,223.2,503.163,112301.70768,916.0,334.593,74679.91195
1757564820.0,223.2,223.32,223.2,223.29,1261.788,281724.58431,1237.0,952.104,212576.09253
1757564880.0,223.3,223.33,223.17,223.27,942.439,210408.73137,1029.0,350.659,78280.13899
1757564940.0,223.28,223.28,223.06,223.11,814.48,181730.75818,1000.0,404.61,90272.44874
1757565000.0,223.12,223.14,222.91,222.96,2202.877,491269.61629,2450.0,1199.769,267573.86009
1757565060.0,222.97,223.07,222.96,222.98,1953.755,435723.70472,1215.0,1043.183,232643.60621
1757565120.0,222.98,223.04,222.8,222.87,1280.196,285390.97279,1720.0,315.901,70420.73054
1757565180.0,222.88,222.91,222.8,222.81,1359.111,302872.15625,845.0,402.243,89649.80134
1757565240.0,222.8,222.83,222.58,222.76,3995.64,889784.64289,2763.0,2312.143,514954.96569
1757565300.0,222.76,222.89,222.74,222.82,1316.762,293367.51752,1419.0,588.114,131024.69539
1757565360.0,222.83,223.01,222.83,223.0,868.507,193628.65699,730.0,622.121,138706.19575
1757565420.0,223.01,223.11,222.98,223.05,1731.614,386233.92985,1096.0,968.225,215968.65962
1757565480.0,223.05,223.22,223.05,223.22,573.094,127899.55679,616.0,281.176,62750.74768
1757565540.0,223.22,223.36,223.21,223.36,1056.913,236046.05986,630.0,672.432,150170.62529
1757565600.0,223.35,223.36,223.22,223.29,679.59,151739.99091,651.0,359.141,80177.03213
1757565660.0,223.28,223.35,223.26,223.31,421.317,94083.67555,671.0,232.248,51864.70297
1757565720.0,223.31,223.52,223.31,223.51,2698.881,603025.55214,1419.0,2639.833,589833.81527
1757565780.0,223.52,223.66,223.52,223.59,1333.111,298073.48862,2046.0,780.869,174582.98518
1757565840.0,223.58,223.79,223.58,223.79,1692.41,378584.95939,1014.0,1306.467,292258.92835
1757565900.0,223.79,223.79,223.55,223.58,1551.706,347066.46119,1023.0,412.223,92190.82891
1757565960.0,223.59,223.59,223.52,223.57,465.61,104094.56018,552.0,162.253,36273.32097
1757566020.0,223.57,223.63,223.42,223.42,5857.159,1309160.467,1147.0,754.557,168649.77411
1757566080.0,223.43,223.52,223.28,223.28,726.492,162305.12555,942.0,205.915,45999.15777
1757566140.0,223.28,223.44,223.25,223.44,803.682,179513.20566,823.0,641.739,143342.13135
1757566200.0,223.44,223.6,223.43,223.51,1720.192,384481.55884,1608.0,664.832,148580.62648
1757566260.0,223.51,223.53,223.45,223.45,754.931,168735.02059,1066.0,515.502,115222.83088
1757566320.0,223.45,223.53,223.45,223.5,1764.336,394319.21112,999.0,559.253,124986.24731
1757566380.0,223.5,223.51,223.36,223.43,2761.983,617063.30185,1523.0,817.37,182608.83274
1757566440.0,223.44,223.47,223.42,223.43,756.991,169140.7411,622.0,368.975,82443.66532
1757566500.0,223.44,223.52,223.43,223.47,871.251,194705.68393,753.0,489.68,109432.13393
1757566560.0,223.47,223.47,223.36,223.38,471.1,105250.03101,339.0,128.459,28699.17809
1757566620.0,223.38,223.45,223.33,223.42,1184.227,264557.70486,1091.0,622.223,139005.09636
1757566680.0,223.42,223.45,223.4,223.41,639.212,142810.52171,324.0,208.603,46605.79621
1757566740.0,223.41,223.52,223.41,223.52,1118.391,249887.75018,629.0,1075.839,240380.2342
1757566800.0,223.52,223.65,223.52,223.54,948.76,212141.23843,1011.0,374.552,83744.01787
1757566860.0,223.53,223.53,223.23,223.23,3845.582,859011.76157,1478.0,816.854,182474.40596
1757566920.0,223.23,223.24,223.05,223.06,1474.832,329114.31387,791.0,882.237,196870.4992
1757566980.0,223.05,223.11,222.93,223.11,2444.132,545036.1012,1393.0,1040.634,232066.714
1757567040.0,223.11,223.21,223.06,223.15,1160.445,258943.14261,1346.0,361.169,80587.23387
1757567100.0,223.16,223.49,223.16,223.43,2041.475,455958.78919,2536.0,1432.909,320046.6599
1757567160.0,223.44,223.68,223.43,223.59,864.106,193174.57407,1391.0,615.113,137501.77945
1757567220.0,223.58,223.59,223.38,223.43,891.599,199216.9194,1202.0,325.086,72632.18775
1757567280.0,223.42,223.47,223.41,223.44,695.739,155459.47297,789.0,215.94,48251.39408
1757567340.0,223.45,223.66,223.45,223.66,942.558,210707.90228,850.0,381.11,85201.58022
1757567400.0,223.66,223.82,223.65,223.81,2031.582,454598.85332,915.0,720.76,161272.50247
1757567460.0,223.81,223.96,223.74,223.77,3713.696,831301.00876,1623.0,2925.75,654901.73793
1757567520.0,223.78,223.78,223.63,223.65,1671.292,373856.8549,1892.0,825.747,184713.09821
1757567580.0,223.66,223.68,223.41,223.41,1662.755,371695.09001,1197.0,610.012,136361.61504
1757567640.0,223.41,223.45,223.28,223.3,1844.467,412025.09141,1236.0,672.818,150306.83851
1757567700.0,223.3,223.44,223.22,223.23,1215.019,271310.91967,1487.0,773.132,172642.95917
1757567760.0,223.23,223.32,223.18,223.21,849.238,189595.05504,1179.0,457.244,102081.51438
1757567820.0,223.21,223.22,223.0,223.01,725.769,161925.76478,707.0,418.895,93453.65279
1757567880.0,223.01,223.04,222.8,222.81,1278.709,285055.50301,879.0,429.992,95839.95094
1757567940.0,222.81,222.9,222.63,222.68,2044.752,455462.41344,1522.0,805.064,179327.29404
1757568000.0,222.68,222.77,222.63,222.66,1214.216,270380.37972,1371.0,409.173,91112.5384
1757568060.0,222.65,222.72,222.52,222.65,1443.503,321346.39534,1806.0,382.321,85105.21087
1757568120.0,222.66,222.71,222.59,222.61,903.452,201137.80425,1215.0,406.178,90427.97971
1757568180.0,222.61,222.67,222.58,222.58,616.282,137193.14555,559.0,152.221,33887.35651
1757568240.0,222.59,222.66,222.43,222.47,2318.519,515911.19518,1211.0,475.592,105824.67766
1757568300.0,222.48,222.75,222.44,222.75,2763.743,614996.15283,1563.0,2087.645,464546.44941
1757568360.0,222.75,222.88,222.75,222.87,535.718,119362.00353,535.0,454.552,101279.02127
1757568420.0,222.88,222.88,222.63,222.63,495.209,110323.06985,708.0,145.487,32414.45289
1757568480.0,222.64,222.75,222.58,222.6,1357.575,302241.31507,1148.0,387.753,86322.24869
1757568540.0,222.59,222.67,222.55,222.63,3906.618,869606.33353,1400.0,1672.245,372227.91147
1757568600.0,222.63,222.67,222.5,222.64,1641.714,365412.97994,1271.0,585.911,130402.8565
1757568660.0,222.65,222.75,222.3,222.75,10665.436,2373223.44568,3107.0,3693.774,821777.10193
1757568720.0,222.75,222.89,222.23,222.3,12955.103,2881056.86409,3046.0,2555.293,568541.29223
1757568780.0,222.29,222.35,222.22,222.32,2537.39,564051.44774,1520.0,1467.524,326229.63333
1757568840.0,222.32,222.36,222.13,222.24,1899.15,422059.01433,1477.0,273.853,60853.0038
1757568900.0,222.24,222.24,222.02,222.1,1307.451,290401.21209,965.0,362.671,80544.79089
1757568960.0,222.1,222.29,221.74,222.03,10234.663,2271605.11668,4027.0,2790.265,619402.25959
1757569020.0,222.03,222.15,221.95,222.14,1395.653,309897.57196,1219.0,978.372,217243.02255
1757569080.0,222.14,222.4,222.14,222.32,1559.984,346742.42246,1522.0,757.173,168300.08109
1757569140.0,222.33,222.45,222.3,222.32,3910.508,869541.1485,1836.0,2928.801,651234.57432
1757569200.0,222.33,222.42,221.95,222.07,5610.031,1246199.66845,2944.0,1963.767,436101.61659
1757569260.0,222.06,222.22,222.06,222.22,1150.104,255490.61918,1212.0,409.812,91031.39352
1757569320.0,222.21,222.36,222.17,222.36,1372.229,304958.66192,963.0,1123.828,249755.82499
1757569380.0,222.35,222.35,222.2,222.26,1746.955,388270.64073,879.0,1000.306,222320.9703
1757569440.0,222.27,222.27,222.17,222.17,1191.305,264684.31069,666.0,291.731,64819.3774
1757569500.0,222.18,222.22,222.09,222.16,1465.306,325518.80055,1315.0,671.843,149246.98418
1757569560.0,222.16,222.31,222.13,222.16,1855.848,412367.31467,1211.0,805.306,178954.2767
1757569620.0,222.15,222.19,222.11,222.12,749.006,166392.60156,700.0,212.315,47166.34417
1757569680.0,222.12,222.2,222.04,222.05,1283.647,285146.34624,910.0,407.677,90566.23288
1757569740.0,222.04,222.05,221.76,221.77,2313.177,513319.20926,1467.0,747.46,165864.42246
1757569800.0,221.77,221.96,221.72,221.95,829.222,183910.32704,1054.0,329.21,73029.01432
1757569860.0,221.96,222.12,221.95,222.0,763.824,169592.10569,1057.0,507.799,112740.12013
1757569920.0,221.99,222.03,221.79,221.99,5163.175,1145647.57186,1476.0,1763.309,391169.95857
1757569980.0,221.99,222.18,221.97,222.18,4724.301,1048898.83038,1118.0,2470.22,548476.16478
1757570040.0,222.17,222.37,222.17,222.37,639.251,142077.18141,869.0,547.388,121658.72644
1757570100.0,222.37,222.38,222.18,222.32,1105.269,245683.34737,1088.0,404.742,89966.21287
1757570160.0,222.31,222.32,222.21,222.26,526.583,117041.6602,578.0,315.742,70179.66943
1757570220.0,222.26,222.31,222.25,222.26,264.603,58812.46161,409.0,94.318,20963.52294
1757570280.0,222.26,222.3,222.23,222.28,550.732,122410.75014,580.0,342.658,76164.82322
1757570340.0,222.28,222.35,222.26,222.27,616.768,137117.54277,524.0,482.432,107255.50634
1757570400.0,222.26,222.27,222.15,222.19,898.528,199647.66329,1331.0,470.51,104539.93664
1757570460.0,222.19,222.2,222.02,222.14,616.636,136957.8246,812.0,277.54,61635.69559
1757570520.0,222.13,222.13,222.0,222.07,605.753,134504.89556,671.0,95.899,21292.66943
1757570580.0,222.08,222.31,222.08,222.28,1685.611,374561.36676,1192.0,678.513,150771.96116
1757570640.0,222.29,222.35,222.07,222.08,1093.362,242914.30534,1274.0,255.963,56874.69352
1757570700.0,222.07,222.08,222.04,222.06,348.254,77330.76338,338.0,152.344,33828.50162
1757570760.0,222.05,222.11,221.96,222.08,1127.144,250264.45092,782.0,706.664,156897.50517
1757570820.0,222.08,222.08,221.91,221.96,842.062,186917.10356,886.0,286.898,63687.83819
1757570880.0,221.97,222.06,221.94,222.03,1233.354,273791.41378,912.0,761.423,169020.289
1757570940.0,222.03,222.12,221.97,222.11,708.238,157253.12048,662.0,478.845,106315.49559
1757571000.0,222.11,222.23,222.1,222.12,1625.78,361199.65875,979.0,852.559,189398.89826
1757571060.0,222.12,222.31,222.12,222.23,1179.323,262103.81282,995.0,623.886,138644.35084
1757571120.0,222.23,222.55,222.23,222.55,1201.376,267228.04425,1159.0,908.07,201984.29648
1757571180.0,222.55,222.56,222.44,222.53,1876.617,417557.70696,1072.0,973.236,216535.95693
1757571240.0,222.54,222.56,222.42,222.55,1248.121,277698.35388,1128.0,479.007,106573.36445
1757571300.0,222.56,222.56,222.37,222.48,1154.378,256770.19177,1148.0,645.651,143592.75764
1757571360.0,222.48,222.62,222.34,222.34,6051.923,1346964.33049,1472.0,2655.974,591193.27832
1757571420.0,222.34,222.44,222.0,222.07,3086.617,685557.90484,2486.0,1820.99,404449.15674
1757571480.0,222.08,222.49,221.98,222.48,1154.545,256432.045,1816.0,597.451,132727.22902
1757571540.0,222.49,222.71,222.49,222.66,2019.891,449700.23943,1177.0,935.689,208290.76752
1757571600.0,222.66,222.85,222.63,222.78,1500.985,334325.03944,1385.0,1010.321,225043.91132
1757571660.0,222.77,222.98,222.74,222.9,5594.921,1247153.5297,2045.0,4756.299,1060220.10454
1757571720.0,222.9,223.11,222.9,223.1,3993.624,890625.07816,1488.0,3592.507,801156.67296
1757571780.0,223.1,223.24,222.93,222.98,2832.551,631945.93643,1632.0,1844.339,411470.63253
1757571840.0,222.98,223.16,222.93,223.01,3680.675,820799.23398,1609.0,696.326,155302.69827
1757571900.0,223.02,223.16,223.0,223.15,1027.489,229217.03426,1217.0,619.07,138098.54831
1757571960.0,223.16,223.25,223.03,223.09,1195.774,266834.25642,1457.0,780.002,174063.75743
1757572020.0,223.09,223.2,222.95,222.97,1866.437,416258.15065,1288.0,690.864,154078.85225
1757572080.0,222.97,223.03,222.92,222.92,1179.708,263037.18521,643.0,822.083,183304.1073
1757572140.0,222.93,223.01,222.91,223.01,825.343,184014.99529,505.0,691.368,154143.09503
1757572200.0,223.0,223.0,222.85,222.95,1559.541,347704.7166,1187.0,1047.665,233575.9236
1757572260.0,222.95,223.15,222.95,223.15,1300.102,289986.65625,1129.0,594.638,132624.87741
1757572320.0,223.15,223.46,223.15,223.44,2690.33,600929.49082,2521.0,2078.048,464152.11991
1757572380.0,223.45,223.45,223.22,223.23,1931.512,431397.33841,1060.0,595.13,132907.82867
1757572440.0,223.24,223.24,223.09,223.1,2347.572,523923.66325,1477.0,634.879,141654.13173
1757572500.0,223.1,223.29,223.1,223.29,1199.36,267676.28295,1531.0,826.939,184553.18868
1757572560.0,223.29,223.29,223.1,223.18,825.263,184206.83483,950.0,259.457,57905.53874
1757572620.0,223.18,223.26,223.16,223.16,1405.106,313608.00071,964.0,311.776,69588.76464
1757572680.0,223.16,223.19,223.06,223.06,3989.345,890174.1218,1273.0,1151.695,256951.14592
1757572740.0,223.07,223.12,222.95,223.1,1708.783,381109.38108,1092.0,509.838,113708.50118
1757572800.0,223.09,223.31,223.08,223.28,544.757,121592.0283,918.0,248.467,55456.01906
1757572860.0,223.28,223.32,223.15,223.26,1510.902,337302.34672,1235.0,840.58,187655.35098
1757572920.0,223.26,223.31,223.15,223.27,1177.582,262867.05947,1208.0,833.788,186132.46245
1757572980.0,223.28,223.43,223.16,223.17,2560.415,571664.08546,1567.0,954.517,213160.23043
1757573040.0,223.17,223.27,223.17,223.27,1036.836,231457.7162,913.0,850.757,189919.24638
1757573100.0,223.26,223.33,223.18,223.28,1140.316,254603.7311,1084.0,425.643,95032.02715
1757573160.0,223.29,223.42,223.29,223.41,718.692,160541.79,853.0,366.475,81858.93962
1757573220.0,223.42,223.46,223.26,223.28,2321.548,518576.39771,1537.0,402.997,90028.16821
1757573280.0,223.28,223.4,223.22,223.22,1152.486,257383.6202,1295.0,497.044,111008.52705
1757573340.0,223.22,223.26,223.17,223.23,853.543,190529.23542,766.0,278.607,62189.67113
1757573400.0,223.22,223.35,223.22,223.35,743.009,165904.67493,873.0,295.115,65891.6649
1757573460.0,223.34,223.44,223.26,223.41,1812.215,404753.72165,1502.0,1232.276,275229.06267
1757573520.0,223.42,223.42,223.29,223.33,832.244,185879.53205,667.0,368.012,82197.97022
1757573580.0,223.33,223.41,223.32,223.39,1246.897,278516.84904,1125.0,692.669,154715.31937
1757573640.0,223.4,223.45,223.38,223.44,1429.502,319378.36926,770.0,582.466,130132.18124
1757573700.0,223.43,223.57,223.42,223.57,1184.589,264740.3728,682.0,830.946,185717.96565
1757573760.0,223.56,223.62,223.34,223.34,3086.082,689803.96914,1843.0,1786.913,399466.7019
1757573820.0,223.35,223.46,223.35,223.39,5669.388,1266681.37247,1161.0,2919.872,652367.35522
1757573880.0,223.39,223.5,223.39,223.42,1074.498,240083.68597,828.0,248.123,55439.56473
1757573940.0,223.41,223.42,223.24,223.33,1968.074,439538.97137,1442.0,838.784,187331.77892
1757574000.0,223.33,223.34,223.1,223.11,4918.676,1097716.2279,1941.0,1233.9,275378.54162
1757574060.0,223.11,223.19,223.03,223.04,1512.053,337366.59963,912.0,370.083,82563.70095
1757574120.0,223.04,223.1,222.83,222.88,3477.719,775485.15842,1765.0,732.799,163412.86352
1757574180.0,222.88,222.92,222.75,222.76,1824.263,406453.09949,1338.0,397.287,88523.43078
1757574240.0,222.77,222.79,222.52,222.54,3021.038,672545.53082,2390.0,1275.937,284048.75085
1757574300.0,222.54,222.55,221.94,221.97,9074.503,2016015.61172,5532.0,2112.355,469272.92491
1757574360.0,221.97,222.42,221.95,222.31,2082.399,462630.27628,3045.0,1643.95,365239.50897
1757574420.0,222.31,222.41,222.12,222.15,1819.931,404579.6306,1502.0,309.921,68896.42921
1757574480.0,222.16,222.35,222.1,222.33,2185.178,485585.45564,2318.0,1485.012,330002.98722
1757574540.0,222.32,222.45,222.2,222.22,2423.077,538702.43806,2283.0,1254.01,278783.8253
1757574600.0,222.23,222.45,222.18,222.35,1101.146,244779.95735,1590.0,751.361,167024.10448
1757574660.0,222.34,222.58,222.3,222.46,2434.473,541680.70589,1753.0,1131.363,251699.30977
1757574720.0,222.47,222.54,222.39,222.54,1125.011,250273.96528,1133.0,510.963,113665.15907
1757574780.0,222.55,222.59,222.49,222.53,858.528,191078.48372,945.0,478.453,106489.2625
1757574840.0,222.52,222.55,222.49,222.55,481.837,107217.29272,610.0,278.948,62071.97481
1757574900.0,222.55,222.59,222.29,222.3,1391.511,309588.34807,1493.0,316.222,70329.87591
1757574960.0,222.3,222.3,222.07,222.22,2081.149,462355.69165,1584.0,732.763,162787.69884
1757575020.0,222.22,222.25,222.12,222.25,1270.763,282340.13145,1154.0,383.543,85213.65147
1757575080.0,222.25,222.32,222.07,222.32,1140.289,253329.74298,1220.0,253.76,56381.57458
1757575140.0,222.31,222.32,222.25,222.32,788.947,175369.72506,769.0,256.496,57012.75533
1757575200.0,222.31,222.45,222.31,222.44,691.161,153711.23937,532.0,339.831,75569.26193
1757575260.0,222.43,222.6,222.43,222.59,1991.319,443188.42307,977.0,921.474,205067.23856
1757575320.0,222.6,222.65,222.59,222.61,1145.744,255060.02826,550.0,744.266,165678.9464
1757575380.0,222.62,222.67,222.54,222.67,716.579,159513.10585,1159.0,283.154,63031.12232
1757575440.0,222.67,222.74,222.61,222.61,1093.596,243537.37119,867.0,601.917,134047.77724
1757575500.0,222.62,222.62,222.38,222.39,1775.129,394953.69448,1178.0,578.767,128769.6398
1757575560.0,222.39,222.5,222.37,222.5,436.478,97080.22576,754.0,230.647,51300.65908
1757575620.0,222.51,222.53,222.4,222.5,1106.638,246164.56191,1149.0,677.554,150711.19773
1757575680.0,222.5,222.53,222.45,222.46,782.909,174180.14221,538.0,339.525,75535.75086
1757575740.0,222.46,222.54,222.43,222.43,984.489,219047.21197,730.0,264.681,58885.88857
1757575800.0,222.43,222.43,222.33,222.37,1851.26,411668.05848,1275.0,1421.732,316154.32643
1757575860.0,222.37,222.45,222.23,222.45,842.845,187399.11602,1340.0,271.116,60279.79842
1757575920.0,222.44,222.45,222.28,222.44,2746.379,610689.71821,1024.0,1600.195,355823.58862
1757575980.0,222.44,222.54,222.44,222.52,1546.584,344083.8292,779.0,831.158,184911.20925
1757576040.0,222.52,222.63,222.41,222.57,2415.332,537447.49683,1850.0,992.276,220809.10387
1757576100.0,222.56,222.59,222.5,222.56,1584.975,352723.42934,1040.0,677.132,150689.79054
1757576160.0,222.55,222.77,222.53,222.77,834.859,185889.68202,823.0,669.181,149017.17573
1757576220.0,222.78,222.95,222.77,222.92,1324.746,295255.40522,932.0,923.926,205910.37406
1757576280.0,222.91,222.92,222.69,222.77,1118.38,249171.92821,1537.0,514.616,114644.08732
1757576340.0,222.77,222.77,222.69,222.71,1018.106,226754.43482,608.0,696.163,155048.14469
1757576400.0,222.71,222.84,222.53,222.84,1044.721,232609.34062,1648.0,653.953,145612.43385
1757576460.0,222.83,223.06,222.83,223.01,2975.874,663608.71047,1801.0,1917.545,427604.17321
1757576520.0,223.0,223.08,222.96,223.07,962.644,214691.97532,993.0,373.142,83222.41759
1757576580.0,223.07,223.15,223.01,223.02,2506.111,559095.48915,1569.0,1240.862,276842.23709
1757576640.0,223.01,223.11,222.97,223.01,1171.803,261330.13984,1006.0,332.312,74114.68825
1757576700.0,223.0,223.25,222.95,223.24,1267.899,282937.88907,1347.0,910.764,203256.45036
1757576760.0,223.24,223.52,223.24,223.35,4175.368,932781.33505,2101.0,2569.746,574089.58906
1757576820.0,223.36,223.54,223.36,223.42,2323.316,519184.19,1559.0,1391.692,310994.65457
1757576880.0,223.42,223.42,223.36,223.4,1341.418,299664.75856,765.0,402.593,89936.99358
1757576940.0,223.4,223.47,223.25,223.26,1275.727,284984.09958,1224.0,406.012,90709.82629
1757577000.0,223.25,223.36,223.22,223.28,1294.096,288967.07596,1254.0,538.978,120346.55065
1757577060.0,223.27,223.41,223.27,223.33,761.863,170161.74529,777.0,491.874,109856.62347
1757577120.0,223.33,223.34,223.19,223.29,3508.198,783143.70483,1222.0,2315.744,516951.06002
1757577180.0,223.28,223.34,223.21,223.22,814.243,181804.8396,563.0,303.028,67657.06821
1757577240.0,223.22,223.39,223.2,223.39,506.408,113068.19441,610.0,335.417,74898.96625
1757577300.0,223.38,223.4,223.32,223.32,743.016,165961.53848,425.0,146.748,32778.01677
1757577360.0,223.32,223.34,223.21,223.21,1059.024,236463.24783,460.0,349.193,77965.96979
1757577420.0,223.21,223.28,223.21,223.22,640.864,143073.2292,514.0,219.423,48987.97876
1757577480.0,223.22,223.4,223.19,223.34,2203.534,492109.05947,1202.0,1144.201,255514.75107
1757577540.0,223.34,223.35,223.22,223.23,732.928,163641.66617,623.0,123.957,27672.74419
1757577600.0,223.23,223.24,223.0,223.14,1127.837,251632.49924,1848.0,708.449,158068.73742
1757577660.0,223.14,223.5,223.14,223.49,893.838,199648.82203,1307.0,545.125,121753.48827
1757577720.0,223.49,223.5,223.44,223.45,830.99,185710.24232,509.0,453.654,101383.41931
1757577780.0,223.44,223.57,223.38,223.38,7501.322,1676508.40773,1407.0,5467.205,1221979.59043
1757577840.0,223.38,223.39,223.04,223.05,1095.095,244480.27138,1227.0,270.316,60365.79585
1757577900.0,223.05,223.13,222.88,222.88,1397.764,311721.85505,1200.0,401.292,89515.14523
1757577960.0,222.88,223.13,222.85,223.05,1212.93,270458.61686,1836.0,379.701,84661.62905
1757578020.0,223.05,223.15,223.02,223.1,486.485,108527.00261,782.0,299.602,66839.0328
1757578080.0,223.11,223.31,223.11,223.28,657.832,146849.46396,779.0,205.098,45781.54544
1757578140.0,223.27,223.28,223.0,223.11,1988.762,443724.58462,1308.0,879.213,196107.46391
1757578200.0,223.11,223.17,223.03,223.08,1064.953,237585.97032,1177.0,634.475,141546.81126
1757578260.0,223.08,223.12,223.02,223.1,730.939,163048.25363,851.0,423.095,94377.86621
1757578320.0,223.11,223.24,223.09,223.24,675.276,150686.96629,837.0,493.363,110095.07948
1757578380.0,223.23,223.28,223.22,223.25,530.126,118349.82867,325.0,301.299,67261.65114
1757578440.0,223.25,223.26,223.19,223.21,587.494,131135.72625,453.0,156.545,34941.37894
1757578500.0,223.21,223.21,223.01,223.02,879.188,196140.50885,989.0,247.791,55274.07139
1757578560.0,223.02,223.22,223.02,223.22,441.191,98461.74799,875.0,218.709,48804.32812
1757578620.0,223.22,223.22,222.93,222.95,1049.675,234171.85832,1096.0,105.212,23472.60107
1757578680.0,222.96,222.96,222.53,222.65,3498.162,779109.89986,3836.0,1651.855,367902.47511
1757578740.0,222.65,222.82,222.62,222.78,943.379,210101.01231,1090.0,420.975,93750.7617
1757578800.0,222.78,222.82,222.68,222.8,602.303,134178.49195,1007.0,196.341,43738.14708
1757578860.0,222.8,222.86,222.73,222.73,741.891,165285.62682,605.0,236.146,52609.42234
1757578920.0,222.73,222.8,222.73,222.8,388.309,86504.88826,296.0,305.714,68107.57398
1757578980.0,222.79,222.81,222.56,222.6,1883.069,419394.83625,1131.0,577.892,128734.58713
1757579040.0,222.6,222.6,222.42,222.53,2540.341,565242.74081,1330.0,821.67,182831.66946
1757579100.0,222.53,222.54,222.46,222.47,1562.146,347615.05681,368.0,40.839,9087.2486
1757579160.0,222.47,222.64,222.46,222.59,744.528,165705.49001,812.0,606.413,134960.23349
1757579220.0,222.59,222.64,222.58,222.64,781.441,173953.69447,703.0,432.691,96322.71317
1757579280.0,222.64,222.65,222.61,222.64,456.224,101571.05141,606.0,289.213,64389.7614
1757579340.0,222.64,222.72,222.63,222.65,379.122,84420.43148,557.0,171.64,38219.38928
1757579400.0,222.65,222.66,222.5,222.56,1317.707,293283.04258,1153.0,413.475,92020.30477
1757579460.0,222.55,222.61,222.48,222.56,1639.432,364835.42138,1298.0,708.733,157725.18412
1757579520.0,222.56,222.59,222.48,222.59,409.341,91084.23333,574.0,228.169,50771.99601
1757579580.0,222.59,222.68,222.58,222.67,711.99,158517.12215,722.0,196.796,43812.48753
1757579640.0,222.67,222.67,222.53,222.67,1251.934,278680.25268,938.0,408.151,90852.29985
1757579700.0,222.67,222.67,222.29,222.41,14263.955,3172805.03123,1790.0,4570.297,1016415.12511
1757579760.0,222.41,222.46,222.38,222.4,3967.41,882392.59711,1253.0,963.85,214364.03787
1757579820.0,222.4,222.45,222.28,222.45,6879.769,1529547.35333,1739.0,3801.488,845159.51707
1757579880.0,222.45,222.57,222.4,222.57,849.084,188878.34374,714.0,445.816,99183.449
1757579940.0,222.56,222.65,222.53,222.65,4019.092,894643.77028,995.0,1887.523,420157.99217
1757580000.0,222.64,222.81,222.59,222.65,2417.889,538421.9641,1416.0,1190.235,265035.13857
1757580060.0,222.65,222.71,222.62,222.63,702.005,156309.83491,514.0,532.645,118600.74922
1757580120.0,222.63,222.75,222.57,222.75,3030.435,674641.5653,882.0,726.855,161824.71084
1757580180.0,222.75,222.86,222.7,222.81,2770.363,617117.86269,1253.0,2146.89,478223.74684
1757580240.0,222.81,222.95,222.8,222.94,1221.094,272132.37796,712.0,707.223,157615.01729
1757580300.0,222.94,222.95,222.85,222.87,670.333,149427.80592,800.0,365.799,81539.6203
1757580360.0,222.88,223.0,222.85,222.88,873.894,194840.23563,1054.0,684.184,152546.98681
1757580420.0,222.88,222.97,222.83,222.96,1052.941,234707.16304,831.0,881.755,196551.60077
1757580480.0,222.96,223.18,222.96,223.18,2057.667,458934.63676,992.0,2034.294,453718.93417
1757580540.0,223.18,223.2,223.03,223.15,1602.153,357545.18803,1381.0,871.802,194556.15223
1757580600.0,223.16,223.21,223.0,223.0,622.913,138993.35981,819.0,321.27,71696.86225
1757580660.0,223.0,223.0,222.93,222.98,743.334,165745.70488,584.0,185.235,41301.66387
1757580720.0,222.98,223.14,222.97,223.09,1278.845,285233.79779,828.0,1034.764,230776.70442
1757580780.0,223.09,223.14,223.03,223.03,1075.057,239853.38558,832.0,432.959,96601.86053
1757580840.0,223.04,223.04,222.93,222.97,886.137,197597.11477,711.0,189.334,42216.33062
1757580900.0,222.97,223.11,222.95,223.11,2094.703,467167.8283,1122.0,996.977,222338.17506
1757580960.0,223.11,223.41,223.11,223.37,3738.134,834665.69476,1361.0,2930.828,654378.91685
1757581020.0,223.37,223.4,223.29,223.33,1016.361,226990.59326,798.0,725.659,162067.25005
1757581080.0,223.33,223.5,223.32,223.48,2417.564,540185.20597,670.0,1898.883,424271.03231
1757581140.0,223.49,223.5,223.45,223.5,1125.091,251440.00076,425.0,239.35,53489.69464
1757581200.0,223.49,223.58,223.46,223.47,2764.543,617909.07457,821.0,1731.353,386988.85092
1757581260.0,223.47,223.75,223.46,223.75,3199.882,715628.07494,1130.0,2682.236,599826.64643
1757581320.0,223.75,223.8,223.63,223.8,2863.166,640547.25356,1071.0,982.636,219817.19439
1757581380.0,223.8,223.96,223.77,223.77,4993.789,1117917.46544,1386.0,4141.778,927163.61213
1757581440.0,223.77,223.78,223.64,223.66,1759.011,393453.68642,790.0,1183.865,264785.18192
1757581500.0,223.67,224.05,223.66,224.04,6189.577,1385850.71069,2020.0,3799.616,850852.03167
1757581560.0,224.04,224.13,223.88,224.07,5407.377,1211330.29518,1926.0,2921.667,654522.63195
1757581620.0,224.07,224.37,223.97,224.36,6756.868,1514723.73475,2064.0,5840.693,1309310.1432
1757581680.0,224.37,224.75,224.31,224.65,13066.706,2934669.60594,3451.0,10831.125,2432519.11007
1757581740.0,224.64,224.74,224.5,224.68,5512.623,1238268.88493,2249.0,3139.143,705075.31396
1757581800.0,224.68,224.74,224.0,224.14,10334.427,2318125.19462,3670.0,4257.296,955237.78671
1757581860.0,224.14,224.35,223.94,224.33,2938.707,658470.71716,3590.0,1637.401,366873.79457
1757581920.0,224.32,224.32,224.07,224.29,4304.533,965190.53372,1790.0,494.61,110893.51928
1757581980.0,224.29,224.29,224.15,224.19,1655.583,371230.21871,1117.0,627.55,140702.88404
1757582040.0,224.2,224.2,224.04,224.07,786.956,176348.09143,973.0,287.018,64313.00352
1757582100.0,224.06,224.29,224.03,224.16,1511.083,338789.59982,1249.0,852.505,191105.6849
1757582160.0,224.15,224.23,224.05,224.1,2341.393,524777.63335,1484.0,1914.701,429141.25189
1757582220.0,224.1,224.16,224.08,224.1,704.298,157836.49057,652.0,491.553,110156.65647
1757582280.0,224.11,224.11,223.88,223.98,954.498,213781.23725,1011.0,340.073,76165.3581
1757582340.0,223.99,224.43,223.85,224.37,3630.73,813931.84161,1993.0,3094.112,693667.1773
1757582400.0,224.36,224.49,224.31,224.38,3610.909,810359.99378,1322.0,1477.862,331585.73782
1757582460.0,224.38,224.42,224.24,224.25,3625.623,813312.17848,1301.0,2550.902,572233.43801
1757582520.0,224.25,224.67,224.18,224.67,5130.613,1151635.02469,1737.0,4521.129,1014903.23667
1757582580.0,224.67,224.67,224.47,224.66,1580.373,354932.71349,1095.0,788.188,177002.65376
1757582640.0,224.66,225.1,224.65,224.82,25611.46,5760068.98876,5340.0,19731.962,4438104.54535
1757582700.0,224.81,225.23,224.76,225.1,9432.223,2122977.86141,2878.0,7151.637,1609730.5449
1757582760.0,225.11,225.13,224.73,224.73,2672.533,601338.06849,1697.0,855.19,192404.31322
1757582820.0,224.73,225.08,224.68,224.98,2121.93,477214.28323,1795.0,1383.714,311161.90468
1757582880.0,224.97,224.98,224.69,224.69,2061.569,463539.61501,818.0,914.873,205683.09657
1757582940.0,224.7,224.7,224.65,224.66,1334.486,299811.93625,423.0,201.007,45162.13716
1757583000.0,224.66,224.66,224.3,224.42,3085.899,692513.51267,2242.0,1244.846,279353.92172
1757583060.0,224.41,224.54,224.32,224.53,2370.094,531907.76575,1421.0,1745.054,391605.9021
1757583120.0,224.53,224.84,224.5,224.69,3520.184,790908.58666,2392.0,2264.326,508775.3849
1757583180.0,224.7,224.99,224.61,224.98,2835.172,637499.40727,1663.0,1747.907,393083.73925
1757583240.0,224.97,224.98,224.88,224.91,644.254,144914.58594,755.0,358.743,80692.83138
1757583300.0,224.91,225.0,224.89,224.97,1181.216,265743.2601,768.0,275.427,61958.43488
1757583360.0,224.97,224.98,224.78,224.86,1417.341,318687.9054,1221.0,1073.716,241415.66845
1757583420.0,224.87,224.87,224.76,224.77,779.327,175183.57824,588.0,251.117,56451.04222
1757583480.0,224.77,224.8,224.65,224.75,728.072,163600.60443,802.0,405.242,91061.65087
1757583540.0,224.74,224.77,224.67,224.71,636.911,143118.89124,928.0,506.258,113759.28074
1757583600.0,224.71,224.72,224.52,224.52,818.805,183942.10094,491.0,142.2,31943.45138
1757583660.0,224.52,224.53,224.42,224.47,1321.72,296672.55935,469.0,940.415,211081.51952
1757583720.0,224.47,224.57,224.37,224.4,1511.136,339222.38263,693.0,909.694,204229.55607
1757583780.0,224.4,224.56,224.37,224.5,537.463,120625.38648,789.0,263.356,59113.75983
1757583840.0,224.51,224.51,224.43,224.48,274.012,61506.35833,415.0,139.727,31365.17146
1757583900.0,224.48,224.51,224.31,224.33,903.58,202798.32029,1120.0,327.772,73578.40135
1757583960.0,224.33,224.33,223.99,224.07,6530.27,1463242.62772,2362.0,1039.953,233025.29083
1757584020.0,224.06,224.21,224.02,224.2,1039.262,232920.33147,1023.0,285.818,64051.03123
1757584080.0,224.2,224.29,224.2,224.26,1449.515,325041.02393,695.0,541.329,121385.77909
1757584140.0,224.26,224.37,224.2,224.34,1721.583,386162.21201,966.0,937.214,210241.92897
1757584200.0,224.35,224.35,224.19,224.26,1096.176,245833.13931,942.0,306.689,68780.54327
1757584260.0,224.27,224.39,224.24,224.27,1506.604,337981.74185,724.0,621.44,139418.1644
1757584320.0,224.27,224.42,224.26,224.4,1091.351,244856.77095,858.0,887.095,199031.54421
1757584380.0,224.4,224.49,224.37,224.37,5423.598,1217302.9413,1394.0,4373.238,981552.15205
1757584440.0,224.38,224.53,224.37,224.49,951.35,213527.06076,730.0,793.12,178006.55652
1757584500.0,224.49,224.53,224.33,224.36,643.917,144506.68426,811.0,196.365,44065.91333
1757584560.0,224.36,224.38,224.33,224.34,1548.15,347336.10571,518.0,1046.147,234710.81035
1757584620.0,224.34,224.42,224.33,224.37,379.207,85086.60772,513.0,127.949,28706.96367
1757584680.0,224.36,224.45,224.36,224.44,846.939,190062.78926,402.0,520.45,116796.45101
1757584740.0,224.44,224.49,224.36,224.49,1968.726,441794.0694,810.0,1464.457,328629.04559
1757584800.0,224.49,224.6,224.34,224.59,3830.758,859860.41268,2170.0,2750.629,617409.55594
1757584860.0,224.59,225.19,224.59,224.98,11810.776,2656665.87026,3735.0,9369.065,2107247.54996
1757584920.0,224.98,225.17,224.76,224.76,3816.32,858749.75033,2710.0,2046.275,460504.90855
1757584980.0,224.76,225.1,224.7,225.02,2601.393,585188.62589,1582.0,1761.289,396132.47526
1757585040.0,225.02,225.05,225.0,225.01,935.628,210548.4455,440.0,408.349,91892.56411
1757585100.0,225.0,225.3,224.96,225.29,6614.881,1489229.10946,2709.0,4196.585,944862.05418
1757585160.0,225.3,225.7,225.27,225.49,17417.328,3927571.99503,3759.0,12751.553,2875467.4736
1757585220.0,225.49,225.52,225.05,225.13,4166.16,938314.60316,2673.0,1893.819,426486.97193
1757585280.0,225.13,225.27,225.06,225.12,810.68,182506.40017,1307.0,246.692,55545.8222
1757585340.0,225.12,225.12,224.99,225.0,1517.856,341562.43908,895.0,195.715,44044.80335
1757585400.0,224.99,225.16,224.83,225.15,1770.629,398406.24881,1531.0,423.267,95231.0452
1757585460.0,225.14,225.16,225.0,225.07,1443.983,325017.10394,1286.0,305.816,68833.06201
1757585520.0,225.07,225.07,224.82,224.82,2028.625,456347.11814,1166.0,526.117,118310.20568
1757585580.0,224.83,224.98,224.74,224.75,1735.776,390332.31988,1295.0,568.671,127877.51782
1757585640.0,224.74,224.87,224.7,224.86,1545.989,347483.017,1042.0,778.458,174978.33691
1757585700.0,224.87,224.88,224.74,224.77,475.698,106938.00113,1031.0,259.535,58343.55994
1757585760.0,224.76,224.8,224.67,224.71,535.251,120282.16414,811.0,192.416,43241.44361
1757585820.0,224.7,224.73,224.68,224.72,393.266,88372.60683,347.0,241.17,54195.29705
1757585880.0,224.72,224.75,224.72,224.74,480.06,107887.80696,221.0,37.06,8328.9734
1757585940.0,224.74,224.94,224.74,224.83,1180.49,265388.88511,1062.0,857.886,192868.33647
1757586000.0,224.84,224.92,224.79,224.83,625.982,140750.83847,843.0,400.971,90154.14791
1757586060.0,224.83,224.83,224.67,224.7,1066.486,239685.54456,846.0,127.777,28719.42468
1757586120.0,224.71,224.71,224.68,224.69,251.171,56436.8203,153.0,195.134,43845.93967
1757586180.0,224.7,224.71,224.67,224.7,924.781,207776.77648,460.0,258.314,58039.555
1757586240.0,224.7,224.77,224.69,224.77,1144.227,257161.67964,460.0,863.954,194170.47037
1757586300.0,224.76,224.76,224.6,224.61,1890.663,424777.67356,861.0,397.367,89280.75104
1757586360.0,224.61,224.61,224.45,224.54,2166.248,486426.24762,923.0,224.974,50513.14378
1757586420.0,224.54,224.63,224.54,224.61,996.437,223795.57072,777.0,360.82,81034.83257
1757586480.0,224.61,224.64,224.55,224.61,1164.505,261563.6778,557.0,941.058,211377.61586
1757586540.0,224.6,224.75,224.6,224.75,559.39,125678.47379,417.0,479.902,107820.24064
1757586600.0,224.75,224.75,224.62,224.71,701.728,157654.73885,689.0,143.136,32157.40968
1757586660.0,224.71,224.75,224.6,224.72,1385.366,311281.40109,1247.0,395.965,88969.8397
1757586720.0,224.73,224.89,224.72,224.88,618.404,139037.55135,772.0,453.706,102006.02288
1757586780.0,224.89,225.1,224.89,225.08,2281.195,513305.41063,971.0,1706.699,384028.68807
1757586840.0,225.07,225.1,224.99,225.07,2345.048,527761.46873,1049.0,1409.463,317199.90378
1757586900.0,225.08,225.28,225.01,225.01,3461.864,779387.59949,1554.0,2000.251,450299.99594
1757586960.0,225.01,225.19,225.01,225.19,1752.169,394456.84386,1291.0,1354.385,304916.03719
1757587020.0,225.19,225.34,225.19,225.25,1846.755,416038.31739,1338.0,436.942,98431.59922
1757587080.0,225.25,225.31,225.07,225.15,1725.21,388432.42663,1187.0,677.554,152545.56638
1757587140.0,225.16,225.3,225.14,225.24,1482.483,333930.91319,984.0,935.726,210769.75905
1757587200.0,225.23,225.3,225.22,225.28,1078.283,242891.61434,950.0,523.668,117961.80209
1757587260.0,225.27,225.35,225.02,225.03,1273.435,286736.28953,1528.0,358.78,80787.40791
1757587320.0,225.03,225.19,225.02,225.19,1076.16,242255.31721,971.0,551.632,124176.44337
1757587380.0,225.18,225.22,225.06,225.07,824.119,185534.0754,681.0,56.178,12649.87578
1757587440.0,225.07,225.12,225.06,225.12,434.892,97890.98243,281.0,245.254,55206.03402
1757587500.0,225.11,225.13,225.09,225.12,728.832,164064.66197,319.0,390.435,87889.80142
1757587560.0,225.12,225.3,225.09,225.3,437.457,98514.58319,641.0,218.987,49322.32853
1757587620.0,225.29,225.5,225.29,225.36,3750.834,845589.51147,1218.0,2966.393,668756.66255
1757587680.0,225.35,225.35,225.2,225.23,2435.475,548664.357,1206.0,985.093,221901.46676
1757587740.0,225.24,225.38,225.24,225.27,520.173,117192.16865,781.0,281.541,63429.32423
1757587800.0,225.27,225.48,225.23,225.23,2212.344,498660.21323,1351.0,1528.605,344586.98667
1757587860.0,225.23,225.24,225.12,225.15,395.385,89033.08329,567.0,194.32,43755.8288
1757587920.0,225.14,225.23,224.69,225.0,13383.979,3010542.21095,2636.0,3628.774,816280.1288
1757587980.0,225.0,225.5,224.98,225.41,5730.954,1291017.34173,2354.0,4987.461,1123458.68829
1757588040.0,225.41,225.42,225.33,225.4,1746.118,393520.30446,1047.0,589.883,132935.50003
1757588100.0,225.4,225.65,225.4,225.64,5500.335,1240484.61867,1759.0,3666.914,827005.29796
1757588160.0,225.65,225.78,225.63,225.69,2426.327,547638.99933,1863.0,1224.219,276307.47466
1757588220.0,225.7,225.85,225.63,225.79,7030.735,1587341.84505,2146.0,5738.266,1295549.14145
1757588280.0,225.78,225.82,225.66,225.81,2885.625,651372.95089,1486.0,2467.36,556963.11038
1757588340.0,225.82,225.82,225.75,225.75,1398.623,315791.02985,895.0,329.76,74455.52332
1757588400.0,225.74,225.75,225.51,225.51,2681.287,605029.81527,1356.0,1002.478,226204.81216
1757588460.0,225.51,225.68,225.51,225.52,1935.841,436708.82106,1474.0,1029.055,232140.15073
1757588520.0,225.52,225.68,225.38,225.68,3402.47,767183.62257,1844.0,2710.971,611270.37528
1757588580.0,225.67,225.68,225.53,225.63,1141.936,257632.87419,1425.0,344.736,77768.75973
1757588640.0,225.64,225.64,225.38,225.39,1383.386,311933.19618,1139.0,588.666,132744.69626
1757588700.0,225.39,225.41,225.07,225.1,1977.469,445422.12038,1502.0,681.468,153538.15258
1757588760.0,225.1,225.18,225.06,225.15,2754.221,620037.66024,1238.0,1732.351,389992.33955
1757588820.0,225.16,225.16,225.02,225.09,2742.655,617332.24181,1242.0,556.711,125309.3697
1757588880.0,225.08,225.2,225.06,225.19,677.128,152432.36957,1037.0,301.043,67769.75162
1757588940.0,225.18,225.39,225.13,225.37,1411.748,318043.40403,1107.0,759.57,171135.69709
1757589000.0,225.37,225.59,225.37,225.58,2863.096,645613.93557,988.0,2187.224,493202.65972
1757589060.0,225.58,225.59,225.43,225.54,1205.078,271739.8759,950.0,603.443,136074.78235
1757589120.0,225.53,225.53,225.4,225.45,1218.462,274739.54934,1051.0,346.286,78073.73348
1757589180.0,225.44,225.55,225.41,225.43,1399.475,315565.08153,675.0,810.879,182843.36075
1757589240.0,225.43,225.49,225.38,225.39,480.433,108310.72953,587.0,189.474,42717.95264
1757589300.0,225.39,225.43,225.19,225.39,1492.079,336153.17163,1182.0,1055.356,237759.9495
1757589360.0,225.39,225.4,224.96,225.04,5339.044,1201586.9733,1823.0,1596.847,359372.60502
1757589420.0,225.03,225.1,224.9,225.1,1217.609,273934.3588,864.0,895.028,201365.09786
1757589480.0,225.1,225.18,225.06,225.12,1851.65,416871.00675,1029.0,767.056,172681.62469
1757589540.0,225.12,225.17,225.02,225.06,878.361,197722.89704,699.0,224.033,50435.32706
1757589600.0,225.06,225.06,224.97,225.04,1581.348,355840.95424,1037.0,331.53,74596.18562
1757589660.0,225.04,225.12,225.01,225.12,2243.546,504985.65481,621.0,422.238,95026.17458
1757589720.0,225.12,225.2,225.1,225.1,1185.791,266989.07807,457.0,838.99,188899.87689
1757589780.0,225.1,225.1,225.0,225.03,3074.784,692086.25996,817.0,754.505,169813.44399
1757589840.0,225.04,225.14,224.99,225.14,1582.046,356014.13785,534.0,1078.258,242654.58246
1757589900.0,225.15,225.2,225.0,225.01,1471.556,331215.18248,685.0,395.285,88976.21817
1757589960.0,225.02,225.02,224.92,224.95,793.954,178592.48546,513.0,394.887,88827.63013
1757590020.0,224.95,224.95,224.85,224.88,743.579,167227.14543,561.0,324.401,72956.36473
1757590080.0,224.88,224.89,224.8,224.83,813.409,182887.92671,684.0,406.396,91375.03194
1757590140.0,224.84,224.99,224.82,224.98,2256.52,507449.41963,944.0,1605.374,361028.03138
1757590200.0,224.99,224.99,224.82,224.83,1004.952,226036.02279,647.0,333.764,75069.49726
1757590260.0,224.82,224.83,224.67,224.72,894.004,200903.78184,760.0,383.613,86203.65773
1757590320.0,224.71,224.8,224.47,224.59,10252.781,2302663.76784,2098.0,1463.649,328744.98465
1757590380.0,224.58,224.84,224.58,224.84,910.279,204509.30396,1189.0,462.577,103918.59621
1757590440.0,224.84,225.22,224.83,225.22,3383.634,761451.80492,1626.0,3020.597,679768.77425
1757590500.0,225.21,225.22,224.94,225.02,1657.745,373103.06132,1196.0,377.457,84946.24497
1757590560.0,225.02,225.07,224.94,225.03,1426.389,320939.81375,961.0,605.866,136314.29937
1757590620.0,225.03,225.08,224.77,224.84,2114.294,475527.87826,1188.0,694.943,156302.16709
1757590680.0,224.84,224.9,224.84,224.89,412.114,92674.21081,346.0,252.773,56841.97744
1757590740.0,224.9,224.9,224.8,224.81,349.503,78577.33313,557.0,139.542,31374.92037
1757590800.0,224.81,224.94,224.81,224.81,791.272,177936.91526,837.0,677.501,152351.47131
1757590860.0,224.82,224.97,224.82,224.94,731.366,164494.20515,721.0,419.591,94364.83807
1757590920.0,224.95,225.04,224.88,224.88,1351.606,304070.67483,911.0,892.953,200902.202
1757590980.0,224.88,224.98,224.77,224.91,1849.764,416005.22235,1253.0,988.825,222402.11288
1757591040.0,224.91,225.0,224.91,224.99,275.834,62057.43748,353.0,129.603,29157.98115
1757591100.0,225.0,225.17,224.99,225.06,2563.982,577078.34877,1355.0,1500.432,337685.19233
1757591160.0,225.07,225.07,224.8,224.84,861.408,193787.84621,995.0,92.879,20886.84855
1757591220.0,224.84,224.85,224.78,224.79,991.973,223023.99663,567.0,357.946,80481.65652
1757591280.0,224.79,225.05,224.79,224.94,1516.179,341054.62113,1497.0,957.065,215282.75899
1757591340.0,224.94,224.99,224.9,224.99,2182.498,490873.48263,546.0,567.483,127651.48798
1757591400.0,224.99,224.99,224.86,224.9,1652.744,371723.56681,746.0,248.892,55985.41843
1757591460.0,224.91,225.04,224.81,224.91,2802.48,630337.4241,1255.0,2584.194,581244.07955
1757591520.0,224.92,225.06,224.9,224.99,1504.202,338407.93136,1317.0,811.358,182517.28125
1757591580.0,224.98,225.0,224.92,225.0,1099.092,247240.6176,590.0,432.792,97356.95498
1757591640.0,225.0,225.09,224.96,225.09,955.054,214904.57302,715.0,649.969,146254.009
1757591700.0,225.1,225.2,225.06,225.17,2166.473,487766.36398,1034.0,1448.242,326060.47265
1757591760.0,225.16,225.19,224.93,224.99,1583.735,356413.9744,1302.0,730.118,164300.5408
1757591820.0,224.98,225.09,224.97,225.08,1112.124,250228.21841,676.0,961.487,216332.14934
1757591880.0,225.09,225.09,225.05,225.06,895.019,201439.3675,404.0,126.704,28516.71205
1757591940.0,225.07,225.07,224.97,225.03,1431.573,322131.6427,627.0,1056.258,237675.22059
1757592000.0,225.04,225.44,225.03,225.42,4354.83,980979.21025,2105.0,3919.526,882932.74689
1757592060.0,225.42,225.45,225.09,225.12,2318.763,522351.17093,1938.0,1023.51,230589.85858
1757592120.0,225.11,225.14,224.91,225.03,8338.539,1876271.28286,1948.0,2093.497,471156.51243
1757592180.0,225.03,225.04,224.8,224.85,6942.975,1561260.69975,1496.0,2165.669,486914.36191
1757592240.0,224.86,225.3,224.86,225.3,2595.887,584258.0376,1958.0,1918.346,431759.7121
1757592300.0,225.29,225.85,225.29,225.72,11168.239,2519428.22956,3404.0,9449.278,2131584.57744
1757592360.0,225.72,225.88,225.6,225.75,4411.784,996115.71608,2507.0,2811.746,634846.51429
1757592420.0,225.75,225.96,225.72,225.8,11768.788,2658405.77906,2151.0,9411.901,2126048.32189
1757592480.0,225.79,225.99,225.76,225.99,2367.885,534961.44227,1427.0,1111.475,251121.77855
1757592540.0,225.98,226.4,225.71,226.35,29272.704,6617398.97593,5145.0,26668.368,6028748.35626
1757592600.0,226.35,228.44,226.35,227.56,114294.261,26003768.54613,30088.0,84723.689,19270925.46534
1757592660.0,227.55,227.79,227.03,227.09,26808.877,6095354.75227,9857.0,12490.616,2840296.84747
1757592720.0,227.09,227.73,227.09,227.59,9978.922,2269542.42909,6771.0,6747.201,1534564.57876
1757592780.0,227.6,228.3,227.58,227.91,19606.094,4470563.91802,9298.0,14880.053,3393076.46805
1757592840.0,227.91,228.0,227.69,227.85,9610.381,2189815.36811,5624.0,6440.804,1467588.9642
1757592900.0,227.86,227.86,227.24,227.59,7792.21,1773211.23582,4825.0,3946.917,898217.05405
1757592960.0,227.6,227.6,227.15,227.2,4368.659,993218.32777,4006.0,2236.743,508549.28769
1757593020.0,227.2,227.29,226.84,227.13,7465.884,1695467.47515,4860.0,1721.305,390985.16403
1757593080.0,227.13,227.38,226.95,227.37,4439.728,1008348.06548,3680.0,1828.972,415445.90461
1757593140.0,227.37,227.37,227.13,227.27,2638.752,599652.99649,2184.0,1442.738,327845.03698
1757593200.0,227.26,227.3,227.0,227.28,2906.905,660353.64603,2556.0,1688.507,383603.13354
1757593260.0,227.28,227.34,227.05,227.18,2060.72,468103.41555,1722.0,820.418,186345.46536
1757593320.0,227.19,227.29,227.06,227.29,3553.986,807403.04803,2414.0,2104.34,478068.02666
1757593380.0,227.28,227.6,227.28,227.44,4802.745,1092452.55768,2879.0,3046.626,693014.99336
1757593440.0,227.45,227.79,227.44,227.78,6787.027,1544857.83669,2455.0,5627.423,1280936.10739
1757593500.0,227.78,227.78,227.48,227.53,2423.391,551473.85521,2335.0,972.373,221278.15156
1757593560.0,227.52,227.93,227.48,227.91,3886.687,885047.00497,2535.0,2866.186,652676.88131
1757593620.0,227.91,227.98,227.69,227.7,3751.787,854827.40445,2620.0,2083.238,474714.73048
1757593680.0,227.7,227.99,227.69,227.85,4851.582,1105197.35854,2729.0,2491.826,567692.77159
1757593740.0,227.84,228.35,227.78,228.35,7482.475,1705987.16367,4264.0,5644.293,1286962.82137
1757593800.0,228.35,228.8,222.79,223.85,130509.392,29339514.68566,40371.0,50498.322,11352682.89782
1757593860.0,223.85,226.48,223.4,226.03,53771.599,12097447.43668,23932.0,31767.343,7145494.894
1757593920.0,226.03,226.06,225.12,225.32,32911.515,7421726.36445,18391.0,14157.831,3192758.14313
1757593980.0,225.32,225.71,224.02,224.16,30080.457,6767930.34636,19927.0,13133.009,2954752.48807
1757594040.0,224.15,225.38,224.09,225.25,24753.245,5566655.02366,14202.0,15854.821,3565664.3938
1757594100.0,225.25,226.35,225.09,226.35,17079.816,3857440.69876,12094.0,11724.705,2648174.92532
1757594160.0,226.35,226.49,225.79,226.11,17348.526,3922441.31953,10768.0,7051.864,1594611.32315
1757594220.0,226.12,226.74,226.12,226.49,15121.441,3424529.00709,9061.0,10456.593,2367971.81816
1757594280.0,226.49,226.79,225.92,226.24,15870.712,3594363.27306,8951.0,10643.823,2411053.84614
1757594340.0,226.25,226.41,225.78,225.88,9659.55,2183277.72109,5779.0,2115.78,478055.71459
1757594400.0,225.88,226.48,225.66,226.42,6539.511,1478608.22701,5661.0,4083.368,923262.69264
1757594460.0,226.42,227.0,226.39,226.81,9199.939,2086110.94945,6007.0,6520.665,1478501.10178
1757594520.0,226.81,227.34,226.73,226.81,17854.526,4054117.30963,6852.0,12588.03,2858318.5212
1757594580.0,226.81,227.16,226.71,226.89,8570.076,1944155.87371,5696.0,5213.421,1182706.76863
1757594640.0,226.89,227.12,226.82,227.01,5080.089,1152973.70436,4030.0,2995.609,679854.91333
1757594700.0,227.02,227.17,226.97,226.97,6482.453,1471914.06247,4297.0,4051.839,920020.301
1757594760.0,226.97,227.17,226.53,227.08,7663.38,1738104.05158,6142.0,3194.552,724724.3863
1757594820.0,227.08,228.05,227.06,228.01,22746.169,5176658.10794,7757.0,15656.241,3563165.9013
1757594880.0,228.02,228.14,227.51,227.69,13180.25,3003594.35976,7870.0,5755.782,1311848.11354
1757594940.0,227.68,227.89,227.51,227.78,8172.262,1860681.51329,5011.0,3651.077,831399.80805
1757595000.0,227.77,227.85,227.36,227.85,4702.47,1070218.44162,3678.0,2786.225,634122.58739
1757595060.0,227.84,228.0,227.51,227.68,5171.244,1177970.79355,3381.0,3251.842,740768.89101
1757595120.0,227.68,227.84,227.22,227.27,3788.948,861971.75782,2955.0,1500.154,341392.73582
1757595180.0,227.27,227.27,226.9,227.13,5678.21,1289303.60973,3731.0,2494.724,566435.84341
1757595240.0,227.13,227.26,226.96,227.17,3951.018,897452.02262,3133.0,1907.318,433206.69867
1757595300.0,227.16,227.38,227.08,227.11,3554.282,807551.61019,2955.0,2199.849,499849.85266
1757595360.0,227.12,227.55,227.1,227.52,8264.765,1878512.62077,2997.0,6918.503,1572383.61167
1757595420.0,227.53,227.6,226.91,227.0,5778.884,1313387.56507,3697.0,2575.939,585450.93743
1757595480.0,227.0,227.01,226.39,226.49,6838.455,1549613.97246,3641.0,2147.294,486505.52548
1757595540.0,226.49,226.72,226.49,226.71,4423.158,1002240.14705,2624.0,2577.002,583901.42926
1757595600.0,226.72,226.85,226.3,226.3,3697.883,837996.27172,3476.0,1330.217,301485.61873
1757595660.0,226.3,226.41,225.92,225.98,6051.571,1368194.83151,3790.0,1838.561,415725.08292
1757595720.0,225.97,226.06,225.19,225.37,10916.51,2462010.44286,8107.0,3024.239,682057.84605
1757595780.0,225.37,225.56,225.2,225.32,9877.145,2226478.70567,4846.0,2838.586,639754.63409
1757595840.0,225.32,225.45,225.06,225.24,16449.986,3706231.04913,4476.0,10726.976,2417054.30097
1757595900.0,225.23,225.88,225.15,225.76,18421.938,4156443.92053,4462.0,10596.004,2390142.10566
1757595960.0,225.76,226.03,225.69,225.74,11703.15,2643624.08954,3513.0,6305.204,1424017.7975
1757596020.0,225.74,225.81,225.53,225.64,7554.692,1704995.78554,3060.0,5170.795,1166921.36735
1757596080.0,225.63,225.95,225.53,225.95,2597.794,586389.9262,3063.0,1455.327,328475.53706
1757596140.0,225.96,226.03,225.53,225.64,3036.806,685694.93098,3798.0,1272.001,287199.60201
1757596200.0,225.65,225.75,225.1,225.4,4910.442,1106743.10527,4089.0,2372.105,534652.40811
1757596260.0,225.41,225.54,225.09,225.18,4483.549,1010216.65709,4843.0,1922.14,433058.30143
1757596320.0,225.17,225.39,225.09,225.23,5500.498,1238960.75469,4336.0,2477.68,558090.91321
1757596380.0,225.22,225.22,224.42,224.69,16877.232,3795392.59114,6277.0,4342.027,976236.11704
1757596440.0,224.69,224.89,224.53,224.53,5163.299,1160355.25524,3691.0,1894.047,425643.65465
1757596500.0,224.53,224.73,224.26,224.54,7349.453,1649943.18132,5291.0,3655.74,820748.19055
1757596560.0,224.55,225.31,224.55,225.27,10515.711,2364798.11323,4992.0,6049.004,1360376.28764
1757596620.0,225.26,225.56,225.06,225.55,11225.018,2528804.63936,4152.0,2627.177,591972.93945
1757596680.0,225.56,225.66,225.15,225.19,5041.784,1136236.46574,4210.0,2992.674,674300.37157
1757596740.0,225.19,225.61,225.19,225.57,2730.688,615558.02701,2638.0,1766.998,398277.23832
1757596800.0,225.57,226.11,225.57,225.89,6001.834,1355971.97899,3939.0,3739.964,844821.96715
1757596860.0,225.89,225.96,225.69,225.77,4044.173,913150.85492,2616.0,2187.531,493862.22986
1757596920.0,225.77,226.08,225.74,225.98,2671.264,603458.07264,1864.0,1582.297,357463.96358
1757596980.0,225.97,226.15,225.86,225.86,4649.701,1050641.02085,2940.0,2309.442,521856.97508
1757597040.0,225.86,226.21,225.81,226.2,2385.452,539282.56018,2460.0,1609.401,363873.71432
1757597100.0,226.2,226.31,225.77,225.97,4802.348,1085422.04285,2790.0,2588.628,585180.39213
1757597160.0,225.96,226.16,225.92,226.16,2809.289,634834.6123,1847.0,892.301,201674.34509
1757597220.0,226.16,226.29,226.1,226.19,2696.666,609948.27728,1818.0,1431.494,323766.47242
1757597280.0,226.19,226.25,226.06,226.11,2448.15,553680.68399,1901.0,1280.788,289697.09446
1757597340.0,226.12,226.16,225.89,226.02,2795.985,632062.07564,1521.0,800.955,181033.06572
1757597400.0,226.02,226.67,226.02,226.66,7222.562,1634931.02037,4259.0,5499.79,1245027.43658
1757597460.0,226.66,227.69,226.5,227.47,17546.639,3986288.63339,9528.0,13431.443,3051335.38378
1757597520.0,227.47,228.11,227.37,227.7,14510.285,3306596.27709,9560.0,9733.068,2218201.49292
1757597580.0,227.71,228.33,227.71,227.92,13077.264,2982569.87472,8624.0,9176.744,2093058.50824
1757597640.0,227.93,228.27,227.74,227.87,7746.974,1766404.10428,5823.0,4267.833,973127.22162
1757597700.0,227.87,228.07,227.61,227.76,3991.453,909416.08413,4496.0,1161.438,264607.28916
1757597760.0,227.76,228.18,227.31,227.57,13489.09,3071277.85011,6081.0,6760.297,1539043.15567
1757597820.0,227.56,228.08,227.51,227.78,7391.248,1683673.1399,5112.0,4952.729,1128337.8034
1757597880.0,227.78,228.18,227.78,228.14,5554.16,1266753.12742,4279.0,2756.548,628646.34668
1757597940.0,228.15,228.54,228.15,228.38,17784.314,4061789.72153,5506.0,13313.097,3040548.87096
1757598000.0,228.37,228.95,228.29,228.71,12660.085,2895446.08362,7285.0,9236.026,2112582.44762
1757598060.0,228.71,228.83,228.35,228.58,10757.514,2458511.18679,4839.0,3317.712,758186.76488
1757598120.0,228.58,228.75,228.09,228.15,8680.911,1983242.99509,3430.0,4992.143,1141146.31978
1757598180.0,228.16,228.28,227.84,228.0,6965.651,1588424.30387,4287.0,2220.928,506467.57863
1757598240.0,227.99,228.0,227.38,227.48,6872.366,1564256.13001,4527.0,1618.824,368626.05975
1757598300.0,227.49,227.67,227.11,227.23,9824.349,2234238.72042,7064.0,2755.888,626768.91427
1757598360.0,227.24,227.81,227.19,227.76,4298.075,977788.94163,5366.0,2833.407,644638.03936
1757598420.0,227.76,228.24,227.75,228.02,7731.669,1763142.62929,4464.0,5875.33,1339972.03129
1757598480.0,228.03,228.1,227.61,227.62,4430.718,1009731.29339,3637.0,2680.991,610965.18127
1757598540.0,227.62,227.82,227.44,227.68,6309.537,1435954.39391,3531.0,2463.219,560620.03454
1757598600.0,227.69,227.79,227.5,227.69,3049.063,694074.33911,3769.0,972.126,221291.68107
1757598660.0,227.69,227.92,227.67,227.74,5614.21,1278900.17548,3818.0,3070.152,699360.40251
1757598720.0,227.73,227.84,227.61,227.74,3237.319,737206.56588,3449.0,1416.475,322537.04802
1757598780.0,227.73,227.86,227.61,227.65,2583.129,588227.5143,2593.0,1007.144,229315.33405
1757598840.0,227.65,227.69,227.31,227.33,3437.917,782095.27089,1930.0,734.889,167173.63636
1757598900.0,227.34,227.5,227.23,227.45,2329.011,529484.40033,2551.0,1463.45,332716.62314
1757598960.0,227.46,227.66,227.29,227.66,1649.944,375271.01326,2068.0,1324.25,301191.14167
1757599020.0,227.66,228.17,227.61,228.06,6886.023,1569965.69075,3007.0,5917.915,1349234.12808
1757599080.0,228.06,228.52,228.03,228.36,10360.128,2365434.46625,5042.0,8262.529,1886471.99244
1757599140.0,228.35,228.45,228.08,228.22,5964.356,1361634.15027,4000.0,3171.744,724076.71763
1757599200.0,228.23,228.3,227.77,227.79,5617.228,1280816.85022,4122.0,1859.684,424062.26306
1757599260.0,227.79,228.08,227.64,227.69,2415.741,550497.25265,3166.0,1297.745,295720.46873
1757599320.0,227.69,227.72,227.01,227.25,6089.882,1384149.36009,4474.0,2387.108,542422.32008
1757599380.0,227.26,227.29,226.91,227.24,6043.313,1372308.93671,3549.0,2441.622,554439.30178
1757599440.0,227.24,227.32,227.16,227.19,4187.717,951609.00426,1603.0,2471.708,561713.67574
1757599500.0,227.19,227.28,227.0,227.02,2263.656,514156.94688,1391.0,1132.143,257172.66339
1757599560.0,227.02,227.18,226.9,227.16,2551.982,579371.54726,2193.0,1607.868,365079.80235
1757599620.0,227.16,227.22,226.9,227.11,4671.716,1060868.29541,2242.0,3211.747,729385.91342
1757599680.0,227.12,227.2,226.92,226.95,2532.541,575126.58723,1505.0,1291.865,293346.53531
1757599740.0,226.95,227.0,226.51,226.51,3635.998,824584.59849,2219.0,1189.094,269670.89277
1757599800.0,226.52,226.74,226.41,226.6,4331.992,981348.99715,3758.0,1629.836,369182.35284
1757599860.0,226.61,227.03,226.57,226.68,4584.697,1040103.87404,3370.0,2418.646,548724.83739
1757599920.0,226.68,226.84,226.54,226.67,3132.828,710190.53084,2452.0,1202.279,272571.76791
1757599980.0,226.66,226.84,226.53,226.53,2030.317,460282.271,2321.0,1019.899,231191.66869
1757600040.0,226.54,226.8,226.5,226.78,2943.065,666889.16245,2107.0,1793.212,406315.35054
1757600100.0,226.78,226.8,226.25,226.42,3751.604,849579.13848,3601.0,777.381,176076.72276
1757600160.0,226.43,226.51,226.21,226.5,4872.019,1102699.41968,3143.0,2549.764,577084.09405
1757600220.0,226.49,226.72,226.4,226.5,3118.987,706803.92522,2482.0,1772.27,401602.95624
1757600280.0,226.51,226.52,226.21,226.49,2346.866,531269.09592,2595.0,900.343,203811.76417
1757600340.0,226.5,226.61,226.21,226.21,2129.938,482149.22028,1757.0,1391.735,315053.85014
1757600400.0,226.21,226.29,225.75,225.76,8664.202,1957899.53428,4051.0,1736.239,392409.49011
1757600460.0,225.76,225.98,225.74,225.88,3250.606,734085.96397,2599.0,1250.245,282362.28504
1757600520.0,225.89,225.98,225.68,225.91,4871.679,1100254.91586,3225.0,2372.47,535781.18993
1757600580.0,225.92,226.31,225.92,226.09,5538.924,1252514.05625,3615.0,2945.278,665977.82101
1757600640.0,226.1,226.26,226.04,226.22,2461.106,556651.4499,1875.0,1413.089,319597.59184
1757600700.0,226.22,226.34,226.05,226.14,1770.205,400417.72282,2184.0,1217.054,275297.76683
1757600760.0,226.14,226.53,226.14,226.28,3817.485,864156.65323,1819.0,2595.121,587483.95672
1757600820.0,226.28,226.56,225.66,225.87,10303.738,2330433.7646,3987.0,6325.238,1430807.38161
1757600880.0,225.87,226.11,225.79,225.8,3387.601,765432.04853,2186.0,1119.658,252893.78006
1757600940.0,225.8,226.01,225.75,225.88,2102.07,474841.87582,1370.0,1508.844,340838.2934
1757601000.0,225.87,226.0,225.76,225.99,2352.616,531366.69351,2053.0,1293.388,292142.49475
1757601060.0,225.98,226.61,225.88,226.61,4829.908,1092913.62026,3375.0,3794.729,858713.56055
1757601120.0,226.6,227.0,226.52,227.0,11252.674,2551665.68287,3149.0,9552.593,2166064.15004
1757601180.0,227.0,227.13,226.87,226.89,7195.537,1633322.70553,2974.0,5739.583,1302867.46033
1757601240.0,226.89,227.08,226.81,227.01,2207.65,500961.0338,2564.0,1447.311,328445.55343
1757601300.0,227.01,227.13,226.71,227.05,5500.5,1248160.39142,2328.0,3447.341,782210.50023
1757601360.0,227.04,227.06,226.48,226.59,3800.045,861287.07579,2125.0,1560.86,353784.66765
1757601420.0,226.6,226.66,226.44,226.56,2252.144,510303.1077,1417.0,1658.049,375696.98713
1757601480.0,226.57,226.96,226.48,226.83,2398.322,543826.15978,2055.0,1429.644,324133.7785
1757601540.0,226.83,227.06,226.79,227.0,2648.414,601127.9614,1808.0,2266.969,514569.53786
1757601600.0,227.0,227.05,226.93,226.94,726.269,164850.30893,676.0,198.792,45126.01322
1757601660.0,226.93,227.12,226.8,226.91,3293.466,747737.87627,2122.0,1718.124,390116.57973
1757601720.0,226.91,227.1,226.91,227.09,1239.487,281442.05381,1302.0,847.482,192433.7292
1757601780.0,227.1,227.33,227.09,227.21,6540.279,1485998.76512,1434.0,5593.622,1270852.12461
1757601840.0,227.21,227.39,227.2,227.23,3131.593,711875.77738,1650.0,1539.686,349988.86936
1757601900.0,227.23,227.34,227.04,227.06,4398.292,999427.08537,2246.0,3318.792,754159.18795
1757601960.0,227.06,227.28,226.94,226.95,3417.878,776073.26952,2097.0,938.077,212971.78934
1757602020.0,226.94,227.11,226.94,227.09,1365.963,310090.79378,1875.0,675.384,153315.70025
1757602080.0,227.08,227.35,227.08,227.2,3308.561,751951.45815,1416.0,2727.318,619861.32126
1757602140.0,227.19,227.24,226.97,226.98,2259.094,513099.7783,1738.0,852.082,193491.32272
1757602200.0,226.99,227.06,226.87,226.94,2127.291,482877.96464,1452.0,1157.76,262778.6877
1757602260.0,226.95,226.96,226.76,226.82,1169.592,265322.24449,1242.0,435.511,98803.13288
1757602320.0,226.82,226.89,226.44,226.72,3363.277,762144.85787,2460.0,1075.597,243655.56416
1757602380.0,226.71,226.72,226.57,226.67,733.972,166337.64889,1276.0,509.708,115511.50192
1757602440.0,226.67,226.89,226.67,226.89,461.391,104660.6848,848.0,245.155,55612.04259
1757602500.0,226.88,226.96,226.58,226.84,1627.103,368993.02669,1390.0,835.201,189415.13877
1757602560.0,226.84,226.97,226.66,226.95,3803.103,862424.68356,1973.0,2893.873,656210.79528
1757602620.0,226.95,227.1,226.88,227.07,1415.199,321286.14346,1187.0,937.777,212893.691
1757602680.0,227.06,227.33,227.04,227.22,2896.022,657964.84485,2131.0,2249.739,511109.1764
1757602740.0,227.22,227.23,227.08,227.09,1617.168,367297.44022,489.0,628.143,142646.78533
1757602800.0,227.09,227.2,227.02,227.02,3401.4,772452.9267,2314.0,1690.95,384005.25476
1757602860.0,227.03,227.2,226.96,227.17,2163.82,491385.71599,1319.0,1275.31,289603.64725
1757602920.0,227.18,227.25,226.95,226.95,2416.828,548942.51321,1583.0,1021.388,231998.94789
1757602980.0,226.95,227.06,226.71,226.77,2306.313,523264.89134,1832.0,1229.472,278970.1316
1757603040.0,226.76,226.96,226.76,226.82,5010.272,1136681.81613,2454.0,2783.8,631554.52495
1757603100.0,226.82,226.93,226.67,226.93,2830.014,641756.92572,2111.0,1748.7,396542.92855
1757603160.0,226.93,227.08,226.43,226.44,4668.634,1058487.36627,2649.0,2106.624,477643.06049
1757603220.0,226.44,226.5,226.0,226.2,7034.72,1591598.60179,3896.0,2337.844,528863.34969
1757603280.0,226.2,226.42,226.2,226.27,3049.691,690227.12799,1681.0,1344.987,304371.63389
1757603340.0,226.26,226.41,226.21,226.37,2512.733,568738.84384,1312.0,2203.099,498660.50664
1757603400.0,226.37,226.54,226.36,226.5,1227.345,277959.20476,688.0,839.549,190131.81078
1757603460.0,226.5,226.6,226.24,226.59,1925.796,435994.47741,1882.0,1245.935,282077.27972
1757603520.0,226.6,226.6,226.25,226.35,1426.029,322840.20674,1305.0,467.56,105828.21575
1757603580.0,226.36,226.5,226.23,226.23,1937.741,438684.97134,1051.0,443.135,100324.18098
1757603640.0,226.23,226.32,226.05,226.13,3916.817,885913.84738,1213.0,1235.091,279330.71642
1757603700.0,226.12,226.32,226.09,226.24,2626.045,594068.43082,1872.0,1433.623,324304.45291
1757603760.0,226.25,226.75,226.25,226.75,2749.124,623046.28188,1868.0,1551.378,351591.99621
1757603820.0,226.75,226.77,226.57,226.73,2302.663,521878.53784,1510.0,857.769,194380.37645
1757603880.0,226.72,227.0,226.72,226.88,3139.082,712032.5625,1541.0,2675.233,606787.56659
1757603940.0,226.88,227.0,226.86,226.96,1255.478,284906.02818,1104.0,594.63,134938.15889
1757604000.0,226.96,226.98,226.74,226.82,1988.21,451097.51623,1388.0,1103.423,250400.39272
1757604060.0,226.82,226.83,226.57,226.7,1525.914,345929.33683,1410.0,408.672,92629.5153
1757604120.0,226.69,226.69,226.36,226.38,2121.873,480716.76159,1710.0,1288.304,291873.45064
1757604180.0,226.37,226.42,226.34,226.39,1250.285,283028.79397,924.0,433.635,98163.85243
1757604240.0,226.38,226.39,225.9,226.03,7758.888,1753673.83949,1572.0,3195.075,721973.57864
1757604300.0,226.04,226.18,225.94,226.06,2836.819,641279.57236,2075.0,1498.582,338773.14687
1757604360.0,226.07,226.15,225.7,225.71,3549.16,801608.21834,1724.0,1410.957,318620.13315
1757604420.0,225.7,225.78,225.6,225.6,2305.695,520337.08791,1383.0,1203.949,271708.77083
1757604480.0,225.61,225.68,225.53,225.54,1620.234,365530.95111,1205.0,681.937,153855.20366
1757604540.0,225.54,225.75,225.37,225.75,3560.494,802954.36934,2022.0,2188.829,493685.96252
1757604600.0,225.75,225.92,225.7,225.91,2777.348,627148.0872,1512.0,1850.798,417903.05419
1757604660.0,225.91,226.04,225.75,226.04,5382.307,1215569.40889,1985.0,1983.294,447972.30647
1757604720.0,226.04,226.05,225.8,225.89,1654.87,373894.28545,1431.0,731.962,165378.2309
1757604780.0,225.89,226.04,225.66,225.78,1340.568,302814.66575,1871.0,510.595,115323.80265
1757604840.0,225.77,226.05,225.67,226.05,2705.515,610833.30216,1785.0,1336.278,301780.34711
1757604900.0,226.06,226.18,226.03,226.09,1912.316,432395.05299,1572.0,1033.333,233644.8821
1757604960.0,226.08,226.36,225.88,225.89,4770.699,1079065.59319,2485.0,3587.353,811491.66938
1757605020.0,225.88,226.11,225.79,226.07,1760.542,397708.60604,1831.0,640.009,144561.2667
1757605080.0,226.07,226.16,225.93,225.97,1816.689,410580.95231,1347.0,920.891,208132.72281
1757605140.0,225.97,226.09,225.92,225.95,843.053,190537.03583,909.0,645.538,145906.17304
1757605200.0,225.95,225.98,225.76,225.95,1371.508,309815.2337,879.0,407.883,92145.01471
1757605260.0,225.95,226.07,225.88,225.93,961.362,217217.01685,1089.0,452.801,102313.58304
1757605320.0,225.93,226.03,225.93,225.96,647.522,146317.79367,874.0,356.489,80553.16574
1757605380.0,225.97,226.06,225.97,226.03,543.534,122844.96907,671.0,237.704,53724.79964
1757605440.0,226.03,226.08,225.94,226.07,1178.342,266326.85914,823.0,692.364,156480.57821
1757605500.0,226.06,226.21,226.05,226.1,1638.585,370532.02005,1645.0,935.898,211637.54171
1757605560.0,226.09,226.47,226.03,226.43,6969.755,1577077.18506,1941.0,6203.366,1403669.7938
1757605620.0,226.42,226.42,226.09,226.27,3614.351,817774.3634,1298.0,1894.808,428640.00508
1757605680.0,226.27,226.73,226.26,226.72,3465.814,784898.87157,2244.0,2693.078,609954.3868
1757605740.0,226.73,226.73,226.3,226.4,1416.435,320781.27706,1359.0,592.394,134107.02925
1757605800.0,226.41,226.63,226.3,226.33,846.008,191537.21693,1276.0,449.691,101812.15949
1757605860.0,226.32,226.6,226.32,226.59,840.1,190241.4185,1231.0,489.332,110834.9374
1757605920.0,226.59,226.63,226.36,226.42,917.868,207909.55071,951.0,245.795,55663.94266
1757605980.0,226.43,226.44,226.31,226.42,1164.1,263543.61358,1119.0,295.66,66937.04973
1757606040.0,226.43,226.9,226.43,226.88,2785.454,631699.55891,1543.0,2448.582,555299.06975
1757606100.0,226.88,227.0,226.78,226.88,2404.405,545548.22591,1532.0,1355.605,307552.51112
1757606160.0,226.88,227.0,226.88,226.92,1188.47,269741.42342,1023.0,646.526,146743.16734
1757606220.0,226.93,226.99,226.89,226.99,1106.572,251137.47858,1072.0,596.467,135367.10896
1757606280.0,226.98,227.09,226.72,226.82,3129.133,710179.95281,1973.0,2283.267,518277.70304
1757606340.0,226.83,226.88,226.79,226.82,1928.863,437547.3143,892.0,1440.234,326708.11028
1757606400.0,226.82,227.1,226.78,227.05,2455.316,557235.93083,2105.0,1766.268,400871.39606
1757606460.0,227.06,227.09,226.78,227.06,1762.911,400098.82329,1584.0,1105.256,250803.07498
1757606520.0,227.06,227.12,226.95,227.1,2863.947,650347.2176,1197.0,1066.358,242151.71905
1757606580.0,227.09,227.35,227.01,227.32,6173.537,1402689.12065,2131.0,5204.995,1182655.7585
1757606640.0,227.32,227.7,227.31,227.59,14764.063,3359651.62642,3952.0,11227.867,2554930.64843
1757606700.0,227.6,227.6,227.19,227.32,4184.476,951517.34523,3091.0,2027.663,461045.17176
1757606760.0,227.31,227.46,227.26,227.28,3748.694,852206.91911,1951.0,2630.984,598109.57192
1757606820.0,227.28,227.41,227.2,227.41,1331.241,302649.23575,1422.0,557.186,126671.68731
1757606880.0,227.4,227.62,227.34,227.58,1838.388,418298.9562,1208.0,1428.596,325065.38974
1757606940.0,227.58,227.76,227.52,227.75,2973.406,676941.64193,2027.0,2111.625,480760.40928
1757607000.0,227.76,228.1,227.75,228.06,9382.572,2138931.25278,2592.0,7856.065,1790906.08569
1757607060.0,228.05,228.37,227.94,228.07,10925.204,2492693.05043,3977.0,8251.207,1882719.48524
1757607120.0,228.07,228.12,227.85,227.85,2478.638,565036.94681,1752.0,747.251,170326.2088
1757607180.0,227.84,228.13,227.76,228.13,4148.526,945644.33533,1598.0,2693.648,613996.53751
1757607240.0,228.12,228.23,227.98,228.0,4505.882,1027660.60158,1906.0,1783.148,406693.19861
1757607300.0,227.99,228.0,227.76,227.98,2580.901,588082.47405,1588.0,1519.434,346206.44794
1757607360.0,227.98,228.15,227.96,228.14,5377.354,1226261.4227,1276.0,4571.07,1042409.39248
1757607420.0,228.14,228.18,227.87,227.88,1568.132,357637.3958,1294.0,388.732,88638.15217
1757607480.0,227.88,228.02,227.73,227.96,2689.103,612693.47025,1722.0,1282.169,292200.01838
1757607540.0,227.96,228.08,227.88,228.07,1781.496,406134.71225,1163.0,886.868,202198.71133
1757607600.0,228.08,228.13,227.91,228.09,1363.809,311001.40357,1279.0,573.224,130723.05177
1757607660.0,228.09,228.18,227.84,227.84,2662.979,607246.60008,1605.0,984.378,224458.35662
1757607720.0,227.84,227.84,227.43,227.56,10530.013,2396076.15035,2958.0,7491.948,1704563.12532
1757607780.0,227.56,227.59,227.33,227.41,3085.81,701850.66721,2680.0,1223.801,278333.29596
1757607840.0,227.41,227.45,227.18,227.19,2151.42,488986.86309,1807.0,941.016,213904.49461
1757607900.0,227.18,227.34,227.15,227.28,3277.793,744725.6427,1851.0,1678.991,381468.39743
1757607960.0,227.29,227.38,227.18,227.36,931.246,211633.67504,1071.0,592.929,134760.43217
1757608020.0,227.36,227.38,227.05,227.06,2520.444,572597.72869,1362.0,1041.955,236699.91459
1757608080.0,227.06,227.08,226.7,226.85,4574.654,1037874.61261,2633.0,1749.244,396842.47376
1757608140.0,226.85,226.85,226.68,226.7,1876.246,425469.52382,1012.0,542.41,123013.19108
1757608200.0,226.7,227.02,226.66,226.95,2741.385,621665.64818,2427.0,1368.634,310383.79147
1757608260.0,226.96,227.01,226.78,226.79,1840.136,417546.92093,1790.0,661.374,150050.98056
1757608320.0,226.79,227.02,226.75,227.02,1310.024,297205.52513,1445.0,924.794,209832.92214
1757608380.0,227.01,227.04,226.8,226.9,1078.116,244648.78925,1605.0,670.126,152053.85184
1757608440.0,226.91,226.94,226.63,226.63,2492.916,565307.55861,1199.0,471.968,107034.98986
1757608500.0,226.64,226.67,226.27,226.46,12273.483,2779138.59442,2562.0,1717.036,388763.5885
1757608560.0,226.45,226.57,226.2,226.57,3287.137,744134.77219,2657.0,2297.604,520153.04164
1757608620.0,226.56,226.9,226.56,226.9,2377.408,539001.09063,1637.0,1850.597,419579.58281
1757608680.0,226.9,226.93,226.77,226.83,3039.977,689569.86302,1708.0,1763.011,399907.20578
1757608740.0,226.82,226.89,226.78,226.89,2272.215,515482.6648,796.0,1466.524,332689.81289
1757608800.0,226.88,227.05,226.88,227.0,4437.212,1007026.81056,1555.0,3481.13,790015.89343
1757608860.0,227.01,227.03,226.78,226.82,2004.257,454817.19608,1261.0,1429.25,324315.40631
1757608920.0,226.82,226.85,226.6,226.62,2062.286,467480.69124,900.0,436.685,98972.06676
1757608980.0,226.62,226.82,226.61,226.68,3234.984,733410.0092,1516.0,2114.942,479424.77694
1757609040.0,226.68,226.87,226.67,226.79,1543.346,350018.06841,1057.0,1311.872,297513.73701
1757609100.0,226.79,226.79,226.34,226.35,5826.062,1320095.20583,1744.0,940.286,213005.38866
1757609160.0,226.34,226.47,226.31,226.35,3160.698,715487.19055,1734.0,1521.917,344511.17538
1757609220.0,226.34,226.52,226.13,226.13,3234.603,732093.72103,1855.0,1690.383,382636.3687
1757609280.0,226.14,226.36,226.13,226.16,2004.382,453408.26273,1277.0,1401.73,317082.52098
1757609340.0,226.15,226.29,226.04,226.04,2493.953,564063.46085,1035.0,1381.107,312379.49086
1757609400.0,226.04,226.1,225.8,225.85,3450.998,779720.44069,1498.0,963.44,217635.09841
1757609460.0,225.86,225.9,225.8,225.83,1765.341,398713.48646,1045.0,680.904,153780.84685
1757609520.0,225.83,225.83,225.4,225.49,8859.719,1998256.36931,2603.0,1823.667,411311.2666
1757609580.0,225.49,225.62,225.3,225.52,5422.663,1222675.81559,2817.0,2400.308,541132.52528
1757609640.0,225.52,225.73,225.51,225.64,3030.638,683769.67197,1170.0,1364.193,307859.80904
1757609700.0,225.65,225.71,225.57,225.7,3084.219,695902.58421,1473.0,1474.39,332672.88349
1757609760.0,225.71,225.86,225.7,225.83,2168.196,489603.90251,1074.0,1123.474,253682.25268
1757609820.0,225.84,225.95,225.83,225.95,1153.885,260677.40557,618.0,790.076,178487.1011
1757609880.0,225.94,225.95,225.94,225.95,485.191,109626.91347,142.0,285.893,64597.52335
1757609940.0,225.95,226.02,225.89,225.9,2180.735,492724.73362,709.0,971.602,219541.16583
1757610000.0,225.9,225.9,225.64,225.82,1515.576,342212.92934,1449.0,1060.762,239521.39858
1757610060.0,225.83,226.03,225.79,225.83,1769.244,399714.49657,1558.0,574.809,129857.6188
1757610120.0,225.84,225.96,225.8,225.83,991.737,224013.75096,1741.0,535.105,120859.42892
1757610180.0,225.82,225.91,225.72,225.81,2201.675,497134.44228,1528.0,1212.228,273697.13071
1757610240.0,225.81,225.85,225.7,225.71,1133.424,255883.18266,935.0,296.004,66832.25548
1757610300.0,225.71,226.19,225.65,226.18,3481.159,786014.3749,2095.0,1109.406,250583.96673
1757610360.0,226.17,226.52,226.08,226.51,5984.219,1354318.38819,3148.0,3926.317,888569.36123
1757610420.0,226.52,226.72,226.47,226.52,3808.507,863051.44968,2886.0,2427.473,550069.42052
1757610480.0,226.52,226.73,226.48,226.67,640.156,145051.91128,1675.0,411.038,93140.12981
1757610540.0,226.68,226.83,226.63,226.82,3286.202,745205.80699,1088.0,2401.109,544501.56313
1757610600.0,226.81,226.99,226.79,226.96,921.097,208981.28597,1353.0,600.962,136348.51479
1757610660.0,226.96,227.07,226.71,226.73,3084.15,699883.52123,2125.0,1415.053,321202.08886
1757610720.0,226.72,227.0,226.71,226.88,838.937,190292.03324,1455.0,513.485,116476.70541
1757610780.0,226.88,226.93,226.81,226.82,1390.646,315481.47857,942.0,330.176,74914.42476
1757610840.0,226.82,226.9,226.78,226.88,388.616,88146.53695,780.0,181.022,41062.14362
1757610900.0,226.88,227.0,226.8,226.95,1143.403,259437.34977,1541.0,559.746,127013.44631
1757610960.0,226.95,227.31,226.92,227.13,10519.238,2389345.45386,2777.0,8854.444,2011166.4535
1757611020.0,227.12,227.2,227.0,227.2,2234.608,507377.5853,1717.0,1279.217,290468.09668
1757611080.0,227.2,227.26,226.94,227.13,5684.718,1291162.19969,2260.0,2729.089,619777.95841
1757611140.0,227.12,227.21,226.87,226.93,1611.938,366020.89621,1514.0,594.915,135083.08454
1757611200.0,226.93,227.29,226.84,227.22,5184.2,1177825.54918,1869.0,4147.989,942423.44629
1757611260.0,227.21,227.24,226.99,227.07,1629.857,370189.50604,1036.0,385.227,87465.90584
1757611320.0,227.08,227.27,227.08,227.26,1422.772,323190.21409,1139.0,650.136,147667.58041
1757611380.0,227.27,227.34,227.24,227.24,827.704,188125.25411,683.0,193.258,43925.76097
1757611440.0,227.25,227.39,227.25,227.36,674.015,153228.89177,558.0,594.059,135052.11294
1757611500.0,227.36,227.45,227.34,227.44,2542.99,578299.64818,863.0,938.222,213354.65404
1757611560.0,227.44,227.5,227.34,227.49,1918.584,436373.62538,869.0,1590.799,361812.37472
1757611620.0,227.49,227.5,227.13,227.13,2094.792,476063.17735,1338.0,199.325,45305.67508
1757611680.0,227.14,227.14,227.04,227.04,617.639,140247.49029,567.0,180.265,40936.08093
1757611740.0,227.05,227.05,227.0,227.03,756.474,171741.28719,452.0,145.319,32991.32924
1757611800.0,227.04,227.24,226.92,227.0,2201.936,500105.4063,1553.0,689.321,156535.79629
1757611860.0,226.99,227.12,226.9,227.11,508.146,115353.37804,798.0,399.988,90797.57425
1757611920.0,227.11,227.12,226.98,227.04,803.756,182490.96194,892.0,289.456,65715.3593
1757611980.0,227.05,227.26,227.05,227.21,2867.077,651261.89702,881.0,2148.306,487987.03705
1757612040.0,227.21,227.33,227.16,227.32,1401.747,318475.7858,887.0,428.014,97248.63179
1757612100.0,227.31,227.38,227.24,227.37,293.496,66717.07318,661.0,166.646,37879.9702
1757612160.0,227.37,227.57,227.37,227.5,1723.091,391963.47369,961.0,1341.501,305167.30975
1757612220.0,227.5,227.69,227.5,227.52,8232.744,1873823.3013,1393.0,6490.302,1477226.34842
1757612280.0,227.52,227.67,227.44,227.56,2021.906,460071.95035,1380.0,354.172,80590.60647
1757612340.0,227.56,227.62,227.45,227.56,415.347,94509.1277,972.0,142.683,32467.49615
1757612400.0,227.56,227.67,227.56,227.66,1434.422,326500.96174,792.0,855.422,194715.23311
1757612460.0,227.67,227.67,227.5,227.51,1569.585,357266.13608,626.0,79.667,18133.7246
1757612520.0,227.5,227.65,227.45,227.47,2336.496,531689.67323,1354.0,1282.811,291885.84529
1757612580.0,227.47,227.54,227.45,227.52,614.823,139869.24361,590.0,363.707,82741.48412
1757612640.0,227.51,227.61,227.45,227.49,2199.022,500316.89696,1113.0,1432.218,325858.88075
1757612700.0,227.5,227.69,227.46,227.58,4088.67,930582.78929,1873.0,1300.437,295980.2799
1757612760.0,227.58,227.62,227.23,227.28,1462.875,332594.8414,1321.0,530.843,120674.04028
1757612820.0,227.29,227.32,227.19,227.22,2017.275,458428.20076,1379.0,583.793,132665.03021
1757612880.0,227.23,227.29,227.09,227.09,3957.441,899155.07535,1384.0,643.356,146184.08471
1757612940.0,227.08,227.08,226.91,227.03,3251.812,738277.17006,1319.0,444.829,100981.93829
1757613000.0,227.03,227.38,227.02,227.31,3071.447,697899.05984,1768.0,2129.288,483800.14719
1757613060.0,227.31,227.37,227.19,227.35,2084.407,473778.24425,1214.0,476.308,108258.80391
1757613120.0,227.36,227.49,227.25,227.46,940.053,213794.37381,1090.0,626.711,142526.80836
1757613180.0,227.45,227.55,227.29,227.55,1353.041,307725.40143,1342.0,698.764,158949.52616
1757613240.0,227.55,227.55,227.28,227.29,996.835,226686.37198,1088.0,150.069,34128.51248
1757613300.0,227.29,227.35,227.19,227.27,332.668,75597.64192,575.0,97.535,22167.88928
1757613360.0,227.28,227.35,227.23,227.3,565.177,128455.82058,875.0,457.892,104070.79515
1757613420.0,227.3,227.43,227.26,227.42,493.811,112272.94169,643.0,376.533,85607.69258
1757613480.0,227.43,227.49,227.32,227.49,2347.991,533962.84583,1480.0,1161.263,264067.81649
1757613540.0,227.49,227.56,227.48,227.49,1279.826,291198.07207,499.0,674.357,153433.58157
1757613600.0,227.49,227.51,227.29,227.32,1903.695,432879.62151,1422.0,577.858,131425.73031
1757613660.0,227.33,227.69,227.3,227.66,4315.165,981949.75537,1688.0,2871.164,653424.61287
1757613720.0,227.66,227.7,227.62,227.7,1769.575,402871.99163,596.0,690.568,157221.83397
1757613780.0,227.7,227.7,227.51,227.52,4843.005,1102149.78248,924.0,937.395,213293.42518
1757613840.0,227.52,227.74,227.52,227.64,2969.455,675989.74684,1333.0,2342.665,533303.73637
1757613900.0,227.64,227.66,227.51,227.51,2513.258,572032.7101,1201.0,629.151,143208.05475
1757613960.0,227.52,227.52,227.11,227.21,2009.191,456509.15036,1835.0,726.064,164967.32369
1757614020.0,227.22,227.39,227.11,227.35,2709.481,615689.60326,1773.0,1010.375,229572.82797
1757614080.0,227.34,227.58,227.28,227.3,695.293,158144.93222,1880.0,320.205,72828.40559
1757614140.0,227.29,227.55,227.29,227.47,927.535,210991.54227,1460.0,737.909,167859.29472
1757614200.0,227.47,227.58,227.46,227.46,2522.595,573927.65006,1435.0,572.019,130144.80642
1757614260.0,227.46,227.66,227.42,227.55,2780.644,632822.42897,1268.0,2470.469,562239.34344
1757614320.0,227.55,227.55,227.2,227.22,962.101,218727.70028,1125.0,396.666,90180.32178
1757614380.0,227.22,227.35,227.16,227.32,1722.406,391325.61145,924.0,398.883,90641.38212
1757614440.0,227.32,227.33,227.16,227.17,3369.944,765707.66938,1141.0,1620.73,368300.90401
1757614500.0,227.16,227.36,227.05,227.06,6465.408,1468791.26625,1754.0,1705.795,387639.5548
1757614560.0,227.07,227.25,227.05,227.05,1185.822,269388.30142,1027.0,238.571,54191.02048
1757614620.0,227.05,227.16,226.94,226.98,4184.164,949798.10072,1876.0,1933.294,438824.05595
1757614680.0,226.98,227.05,226.74,226.91,4374.747,992467.52689,1610.0,2681.235,608314.36256
1757614740.0,226.9,226.98,226.77,226.77,1394.869,316499.00174,1279.0,650.417,147588.01778
1757614800.0,226.77,226.79,226.38,226.46,2870.931,650643.62506,1539.0,1102.8,249929.59339
1757614860.0,226.45,226.63,226.41,226.61,2068.309,468478.55629,1977.0,1392.638,315431.75579
1757614920.0,226.62,226.71,226.46,226.48,1598.015,362127.19535,1627.0,764.444,173240.55029
1757614980.0,226.49,226.52,226.41,226.43,1023.868,231861.13471,900.0,681.876,154408.89795
1757615040.0,226.42,226.42,226.26,226.27,4381.033,991500.52044,1394.0,729.622,165118.88828
1757615100.0,226.26,226.43,226.24,226.3,2771.655,627225.91387,1218.0,1082.002,244844.67437
1757615160.0,226.29,226.33,226.1,226.15,4370.04,988652.82072,1683.0,1364.364,308638.89595
1757615220.0,226.15,226.16,226.05,226.06,2311.666,522646.20158,1020.0,1567.896,354485.74185
1757615280.0,226.06,226.2,226.05,226.15,1490.136,336985.69349,1105.0,983.946,222513.1834
1757615340.0,226.15,226.45,226.15,226.45,1859.797,420812.07361,1402.0,1603.959,362925.02638
1757615400.0,226.45,226.69,226.42,226.43,2982.946,675882.31096,1800.0,2084.795,472345.75406
1757615460.0,226.43,226.46,226.25,226.32,1824.249,412917.60695,1230.0,448.348,101480.93383
1757615520.0,226.32,226.56,226.31,226.49,2667.443,604058.56372,2135.0,2244.852,508358.52814
1757615580.0,226.5,226.55,226.37,226.55,1710.091,387244.77878,879.0,1248.877,282799.55538
1757615640.0,226.55,226.6,226.48,226.56,674.737,152845.81879,559.0,485.852,110057.84157
1757615700.0,226.56,226.56,226.14,226.24,6773.679,1532744.96674,1291.0,707.795,160115.49206
1757615760.0,226.24,226.24,225.99,226.06,4392.97,993114.82354,1490.0,1090.028,246393.98974
1757615820.0,226.06,226.14,225.94,226.04,2145.89,485040.45212,1112.0,766.828,173306.09933
1757615880.0,226.04,226.14,226.03,226.07,1475.718,333620.07715,898.0,415.072,93839.44791
1757615940.0,226.07,226.35,226.07,226.35,802.302,181500.79284,902.0,671.214,151835.27796
1757616000.0,226.36,226.53,226.35,226.49,1244.229,281756.25603,1259.0,885.669,200550.18671
1757616060.0,226.49,226.5,226.03,226.16,4863.105,1100158.9599,1684.0,1298.308,293580.17258
1757616120.0,226.15,226.3,226.15,226.3,1321.428,298897.23996,811.0,797.832,180459.53857
1757616180.0,226.3,226.55,226.29,226.4,1430.049,323836.65949,1074.0,1041.727,235904.14437
1757616240.0,226.4,226.44,226.28,226.29,1428.307,323304.97664,545.0,268.082,60674.70153
1757616300.0,226.28,226.33,226.11,226.11,5600.466,1266850.42017,1592.0,1674.294,378726.52948
1757616360.0,226.11,226.11,225.99,226.0,1658.587,374899.03823,800.0,786.583,177797.64944
1757616420.0,226.0,226.15,225.99,226.13,2292.203,518170.03362,830.0,1633.861,369314.06354
1757616480.0,226.13,226.15,226.06,226.13,932.728,210906.56357,553.0,292.135,66056.82771
1757616540.0,226.12,226.32,226.12,226.22,1624.381,367563.99162,1149.0,834.752,188886.30251
1757616600.0,226.22,226.33,226.1,226.11,1962.869,444066.50688,1679.0,1171.361,265003.30367
1757616660.0,226.11,226.33,226.0,226.33,1114.381,251943.12533,1157.0,755.593,170828.93238
1757616720.0,226.33,226.48,226.26,226.27,2010.945,455256.92457,1369.0,682.51,154531.0808
1757616780.0,226.27,226.27,226.1,226.1,875.841,198077.44207,779.0,463.49,104814.72098
1757616840.0,226.1,226.1,226.01,226.08,1369.463,309571.79368,506.0,885.866,200250.48262
1757616900.0,226.07,226.17,226.07,226.13,540.692,122263.11319,572.0,385.564,87186.38732
1757616960.0,226.14,226.33,226.13,226.32,698.624,158029.81008,631.0,612.681,138583.25246
1757617020.0,226.32,226.58,226.32,226.42,1098.473,248781.37209,1212.0,663.325,150220.07501
1757617080.0,226.43,226.51,226.4,226.4,717.867,162554.53596,739.0,250.637,56756.81464
1757617140.0,226.41,226.44,226.34,226.34,730.553,165378.76634,354.0,218.972,49577.59989
1757617200.0,226.34,226.34,226.16,226.2,1339.13,302934.10373,736.0,631.903,142930.59377
1757617260.0,226.2,226.23,226.13,226.14,867.562,196223.04859,354.0,544.446,123134.91744
1757617320.0,226.15,226.18,226.1,226.18,1139.937,257766.90478,515.0,923.717,208872.15461
1757617380.0,226.18,226.36,226.07,226.27,2411.565,545483.88637,1564.0,820.258,185524.67904
1757617440.0,226.28,226.32,226.21,226.22,1271.793,287783.48493,1174.0,459.81,104043.95674
1757617500.0,226.21,226.41,226.21,226.29,2527.314,571938.5275,1432.0,1418.507,320984.58599
1757617560.0,226.29,226.55,226.29,226.5,2680.956,607011.31514,1240.0,1961.842,444192.45514
1757617620.0,226.5,226.55,226.34,226.42,1925.709,436010.77148,1180.0,1084.526,245546.12928
1757617680.0,226.41,226.47,226.05,226.11,3091.728,699426.04026,1501.0,1545.598,349579.76085
1757617740.0,226.11,226.19,226.01,226.08,2919.31,660054.3882,875.0,1225.091,276989.59457
1757617800.0,226.09,226.13,225.92,226.1,4037.844,912649.3172,1881.0,2157.717,487659.29747
1757617860.0,226.1,226.15,226.0,226.06,2472.267,558909.23304,1877.0,1417.11,320343.94178
1757617920.0,226.06,226.13,225.98,226.12,1990.281,449896.04832,2056.0,1135.163,256609.36758
1757617980.0,226.13,226.22,226.03,226.05,2313.106,522994.00413,1052.0,1544.162,349130.72314
1757618040.0,226.06,226.18,226.01,226.17,1336.93,302260.89648,818.0,1147.877,259518.13362
1757618100.0,226.18,226.24,226.0,226.13,1840.827,416245.89887,1083.0,761.996,172292.32367
1757618160.0,226.13,226.23,226.02,226.05,1587.871,359107.81266,1917.0,615.642,139249.67069
1757618220.0,226.05,226.14,226.04,226.05,1189.252,268874.74976,720.0,760.935,172037.09345
1757618280.0,226.06,226.18,226.06,226.18,1556.879,351991.9781,1376.0,1080.909,244390.07048
1757618340.0,226.18,226.27,226.12,226.12,1908.263,431645.68207,1233.0,1063.257,240518.84165
1757618400.0,226.12,226.17,226.03,226.13,2620.192,592442.59425,1274.0,1594.307,360485.35067
1757618460.0,226.14,226.32,226.13,226.29,3274.404,740742.18049,2883.0,3024.887,684285.04492
1757618520.0,226.3,226.34,226.29,226.29,1300.527,294330.09864,547.0,916.013,207314.81241
1757618580.0,226.29,226.34,226.14,226.26,1520.589,343993.65793,953.0,753.363,170423.46148
1757618640.0,226.27,226.43,226.26,226.37,2474.789,560205.92281,687.0,1418.127,321005.86349
1757618700.0,226.37,226.54,226.36,226.46,1450.204,328407.67257,1498.0,1035.826,234569.79738
1757618760.0,226.47,226.7,226.47,226.7,3774.647,855323.43445,1338.0,3524.366,798603.06347
1757618820.0,226.69,226.82,226.63,226.67,8256.151,1872194.69684,1293.0,6443.532,1461161.36044
1757618880.0,226.68,226.68,226.46,226.46,728.368,165018.39036,459.0,248.159,56217.07371
1757618940.0,226.46,226.61,226.46,226.61,1520.315,344369.19837,926.0,1375.392,311544.51887
1757619000.0,226.61,226.83,226.6,226.81,1688.141,382770.73108,1098.0,1368.588,310302.31545
1757619060.0,226.8,226.83,226.72,226.78,3122.13,707987.72748,890.0,830.528,188331.2596
1757619120.0,226.79,226.79,226.65,226.68,1099.268,249239.19185,388.0,167.965,38074.27865
1757619180.0,226.68,226.91,226.66,226.84,5328.518,1208527.86382,1246.0,4869.429,1104401.76219
1757619240.0,226.84,226.85,226.71,226.74,2082.634,472323.65648,656.0,773.962,175527.10031
1757619300.0,226.74,226.77,226.53,226.56,3047.973,690841.64427,1304.0,1661.466,376575.15299
1757619360.0,226.55,226.56,226.32,226.41,2649.653,600034.3897,1198.0,263.435,59649.59836
1757619420.0,226.41,226.7,226.37,226.7,3342.16,757046.58504,1310.0,2977.66,674514.23976
1757619480.0,226.71,226.84,226.7,226.82,4529.107,1027061.52424,1386.0,3868.829,877305.37701
1757619540.0,226.83,226.84,226.76,226.77,2124.083,481704.85878,1361.0,1122.165,254492.0024
1757619600.0,226.77,226.77,226.51,226.61,3286.744,745026.64628,2399.0,1641.858,372180.26728
1757619660.0,226.61,226.66,226.6,226.66,624.992,141640.66292,460.0,463.485,105041.62492
1757619720.0,226.65,226.67,226.59,226.6,1119.641,253763.87073,1140.0,604.575,137032.88813
1757619780.0,226.6,226.69,226.53,226.54,2702.265,612355.7847,1793.0,1911.512,433168.78606
1757619840.0,226.53,226.61,226.53,226.55,1074.12,243376.50744,1474.0,790.075,179019.915
1757619900.0,226.55,226.66,226.47,226.55,2396.143,542898.14468,3690.0,1488.058,337158.65677
1757619960.0,226.55,226.59,226.41,226.52,1562.194,353846.64729,1493.0,832.201,188506.8903
1757620020.0,226.51,226.51,226.36,226.41,792.257,179386.22373,610.0,277.816,62908.98688
1757620080.0,226.4,226.47,226.3,226.46,1709.769,387017.75973,1142.0,810.323,183419.11463
1757620140.0,226.46,226.65,226.45,226.61,2628.26,595481.36333,1769.0,2341.136,530412.43797
1757620200.0,226.61,226.73,226.55,226.7,2279.691,516688.37192,2322.0,1715.97,388942.85925
1757620260.0,226.69,226.83,226.67,226.83,1380.764,313105.72505,1268.0,1312.05,297527.46635
1757620320.0,226.84,226.84,226.48,226.66,3506.712,794690.7241,1838.0,1715.748,388731.75017
1757620380.0,226.66,226.67,226.45,226.52,1646.93,373053.53545,2367.0,1057.041,239408.69157
1757620440.0,226.51,226.6,226.51,226.52,1064.978,241268.30709,757.0,527.016,119398.01812
1757620500.0,226.51,226.51,226.28,226.37,3333.764,754754.74785,3220.0,1755.079,397368.37996
1757620560.0,226.37,226.37,226.26,226.35,2545.616,576111.67507,1223.0,1342.004,303691.79712
1757620620.0,226.35,226.54,226.34,226.54,2546.62,576700.17039,1286.0,2398.729,543204.02135
1757620680.0,226.54,226.7,226.47,226.48,3184.592,721583.72931,1513.0,1998.835,452930.08379
1757620740.0,226.49,226.79,226.45,226.71,4984.649,1129873.75681,2590.0,2964.571,671976.99347
1757620800.0,226.69,226.71,226.44,226.44,3835.776,869087.26234,2068.0,1222.639,276992.91181
1757620860.0,226.45,226.45,226.3,226.3,1858.008,420592.86067,994.0,808.331,182985.7519
1757620920.0,226.31,226.4,226.21,226.34,1711.288,387245.06759,1300.0,1067.688,241592.23272
1757620980.0,226.35,226.35,226.24,226.27,1544.149,349397.89096,1143.0,719.447,162780.56992
1757621040.0,226.26,226.27,226.14,226.27,2817.808,637395.7559,2015.0,1476.59,334013.75091
1757621100.0,226.27,226.52,226.27,226.52,2447.871,554293.08539,2233.0,2122.372,480589.77252
1757621160.0,226.52,226.63,226.45,226.63,1373.695,311166.80885,1492.0,862.35,195335.54134
1757621220.0,226.63,226.63,226.41,226.41,1270.599,287850.69785,878.0,382.897,86754.46471
1757621280.0,226.42,226.42,226.3,226.3,1740.527,393978.72999,915.0,579.64,131199.30947
1757621340.0,226.3,226.3,226.14,226.19,1804.485,408207.26653,1009.0,741.229,167663.44033
1757621400.0,226.18,226.27,226.14,226.26,2463.172,557104.9212,1478.0,1560.919,353052.47578
1757621460.0,226.26,226.36,226.14,226.15,1375.628,311254.44367,680.0,948.941,214729.97825
1757621520.0,226.15,226.15,226.1,226.13,1170.251,264615.46877,947.0,663.875,150115.64404
1757621580.0,226.13,226.13,225.9,225.9,4014.571,907328.27606,2067.0,1195.234,270158.36665
1757621640.0,225.9,225.94,225.85,225.88,3547.155,801258.54382,1411.0,2163.087,488611.37743
1757621700.0,225.88,226.07,225.86,226.07,2138.77,483233.53203,1688.0,1679.21,379404.69541
1757621760.0,226.06,226.15,225.88,225.89,2493.802,563691.34225,1333.0,909.078,205507.63152
1757621820.0,225.88,225.89,225.79,225.79,2245.826,507206.32684,756.0,1243.439,280839.79363
1757621880.0,225.79,225.87,225.75,225.86,1091.876,246549.99547,581.0,557.607,125908.93592
1757621940.0,225.87,225.87,225.7,225.74,2273.614,513276.97392,722.0,393.782,88891.16795
1757622000.0,225.75,225.92,225.73,225.91,1729.682,390612.42523,827.0,1221.246,275802.59224
1757622060.0,225.9,225.91,225.74,225.74,1878.382,424221.93129,756.0,83.774,18920.6635
1757622120.0,225.74,225.79,225.7,225.78,815.636,184136.03346,706.0,318.31,71863.24202
1757622180.0,225.78,225.82,225.72,225.79,655.965,148103.18109,686.0,427.135,96436.40389
1757622240.0,225.79,225.8,225.72,225.76,1144.093,258295.05292,645.0,565.853,127748.13665
1757622300.0,225.76,225.84,225.69,225.84,1515.582,342118.89445,686.0,701.706,158419.58644
1757622360.0,225.84,225.85,225.62,225.63,1203.59,271694.70608,917.0,264.766,59760.14783
1757622420.0,225.63,225.64,225.52,225.57,2085.354,470372.6231,1087.0,758.283,171029.03184
1757622480.0,225.56,225.82,225.47,225.8,8885.87,2004396.61439,2162.0,3845.295,867649.73601
1757622540.0,225.81,225.97,225.8,225.85,4412.593,996725.59112,1693.0,3337.554,753879.88574
1757622600.0,225.85,225.9,225.8,225.8,932.376,210569.69508,461.0,387.373,87485.58294
1757622660.0,225.8,225.86,225.65,225.66,2395.485,540826.68248,1075.0,541.662,122301.40103
1757622720.0,225.66,225.68,225.58,225.58,1115.631,251732.32189,544.0,401.141,90520.27805
1757622780.0,225.58,225.61,225.53,225.57,1933.083,436041.38462,705.0,914.466,206269.44642
1757622840.0,225.57,225.68,225.56,225.67,1817.489,410094.94051,520.0,863.428,194823.69976
1757622900.0,225.68,225.76,225.67,225.75,625.934,141264.08768,356.0,288.57,65129.29548
1757622960.0,225.76,225.78,225.75,225.75,470.61,106243.40058,251.0,271.909,61386.2641
1757623020.0,225.75,225.75,225.63,225.65,701.096,158237.8312,834.0,323.557,73026.7984
1757623080.0,225.64,225.71,225.57,225.71,438.882,99023.24861,590.0,252.67,57006.90081
1757623140.0,225.71,225.74,225.69,225.73,245.986,55518.83878,244.0,204.229,46094.26262
1757623200.0,225.74,225.81,225.71,225.75,2018.02,455594.03717,583.0,1779.101,401652.94904
1757623260.0,225.74,225.78,225.61,225.71,8871.255,2002243.018,1169.0,751.095,169513.95361
1757623320.0,225.7,225.92,225.7,225.9,1091.817,246553.60119,973.0,939.168,212081.53511
1757623380.0,225.91,226.2,225.9,226.11,6378.99,1442331.57778,1248.0,5830.388,1318285.63984
1757623440.0,226.12,226.15,226.11,226.11,259.49,58676.81357,275.0,215.849,48808.53933
1757623500.0,226.11,226.15,226.03,226.08,714.198,161476.9206,620.0,330.999,74830.66696
1757623560.0,226.09,226.09,226.0,226.06,560.34,126653.98128,1126.0,427.831,96703.31642
1757623620.0,226.07,226.08,225.96,225.97,1221.174,276040.5022,692.0,443.012,100133.09392
1757623680.0,225.97,226.16,225.95,226.14,1061.437,239935.12373,633.0,959.094,216802.38495
1757623740.0,226.13,226.25,226.03,226.22,1410.998,319096.13222,1019.0,1023.423,231454.73364
1757623800.0,226.22,226.22,226.12,226.15,3340.574,755503.77635,2322.0,1508.292,341124.97259
1757623860.0,226.14,226.14,225.94,225.94,1333.802,301427.53161,1297.0,453.479,102481.13511
1757623920.0,225.95,225.95,225.83,225.89,1764.095,398494.29084,1380.0,849.284,191849.51055
1757623980.0,225.88,225.91,225.87,225.89,1724.108,389444.11779,952.0,1495.85,337883.70716
1757624040.0,225.9,225.93,225.8,225.8,1022.725,231027.56199,582.0,370.372,83669.28438
1757624100.0,225.81,225.83,225.74,225.75,1770.532,399775.01182,1037.0,902.695,203823.98361
1757624160.0,225.74,225.74,225.66,225.68,1736.333,391876.93956,560.0,959.04,216445.11175
1757624220.0,225.67,225.73,225.54,225.57,2710.507,611550.24565,1424.0,1706.945,385143.98333
1757624280.0,225.58,225.6,225.53,225.56,1130.648,255025.60607,579.0,719.082,162194.61071
1757624340.0,225.56,225.61,225.55,225.57,1860.241,419615.78639,748.0,1176.038,265276.02112
1757624400.0,225.56,225.61,225.54,225.58,3524.494,795041.90519,847.0,1568.095,353703.70277
1757624460.0,225.58,225.71,225.57,225.7,1172.156,264481.46541,789.0,1072.015,241885.14197
1757624520.0,225.7,225.96,225.7,225.95,2620.346,591854.80653,1550.0,2425.505,547861.18666
1757624580.0,225.96,226.09,225.94,225.96,1584.283,358101.05851,1003.0,1280.064,289345.07501
1757624640.0,225.96,226.1,225.95,226.09,1156.095,261295.56101,471.0,1067.001,241158.34852
1757624700.0,226.1,226.14,226.09,226.13,1528.892,345690.17563,561.0,965.807,218373.34195
1757624760.0,226.13,226.28,226.13,226.19,2070.131,468246.82055,1060.0,1354.34,306324.90708
1757624820.0,226.18,226.19,226.11,226.15,1500.808,339430.5031,604.0,930.009,210336.11274
1757624880.0,226.16,226.3,226.1,226.26,3726.656,843032.59238,1652.0,2833.008,640886.7699
1757624940.0,226.25,226.28,226.21,226.26,545.923,123512.52116,458.0,268.773,60809.45542
1757625000.0,226.26,226.35,226.26,226.35,1200.412,271640.21957,527.0,919.081,207983.93788
1757625060.0,226.34,226.37,226.24,226.36,3177.069,719085.25634,1243.0,1567.903,354878.73156
1757625120.0,226.36,226.37,226.35,226.37,288.429,65289.38222,124.0,91.04,20608.50209
1757625180.0,226.36,226.55,226.34,226.54,2466.308,558434.79291,882.0,1718.531,389153.9832
1757625240.0,226.55,226.56,226.31,226.32,2183.658,494500.9043,1145.0,1244.436,281841.76477
1757625300.0,226.32,226.42,226.09,226.42,1968.074,445195.14666,1946.0,955.761,216191.0207
1757625360.0,226.42,226.42,226.27,226.28,729.674,165146.13156,560.0,100.678,22784.928
1757625420.0,226.27,226.38,226.27,226.38,719.088,162755.77671,352.0,251.217,56854.9856
1757625480.0,226.38,226.38,226.3,226.36,626.154,141723.08425,367.0,155.233,35135.24947
1757625540.0,226.36,226.48,226.36,226.39,846.046,191560.26561,717.0,523.598,118552.38107
1757625600.0,226.39,226.48,226.36,226.37,1157.279,262034.27562,523.0,156.003,35319.69428
1757625660.0,226.37,226.37,226.21,226.24,1280.972,289866.1917,731.0,706.573,159872.57233
1757625720.0,226.25,226.35,226.24,226.35,358.864,81207.07946,405.0,244.535,55335.26573
1757625780.0,226.35,226.37,226.17,226.17,1244.799,281680.58966,886.0,433.444,98095.62809
1757625840.0,226.18,226.22,226.15,226.22,676.442,152993.00154,427.0,494.486,111838.04883
1757625900.0,226.22,226.29,226.21,226.29,1419.217,321073.99297,734.0,1230.486,278378.25052
1757625960.0,226.28,226.33,226.28,226.33,1338.87,302982.35743,720.0,1252.024,283329.77339
1757626020.0,226.33,226.49,226.32,226.37,2203.294,498903.81604,1366.0,1180.15,267212.89409
1757626080.0,226.36,226.43,226.36,226.41,2487.65,563222.37568,1107.0,1304.437,295329.96401
1757626140.0,226.41,226.42,226.41,226.42,1560.827,353392.39541,557.0,520.597,117873.57274
1757626200.0,226.43,226.51,226.11,226.2,4887.202,1106078.41774,2623.0,2573.58,582483.66487
1757626260.0,226.19,226.27,226.05,226.05,2170.396,490869.03851,1062.0,626.044,141601.43567
1757626320.0,226.05,226.06,225.94,226.06,1839.963,415858.44327,989.0,869.208,196449.82597
1757626380.0,226.05,226.16,226.05,226.08,1966.631,444645.78711,941.0,855.443,193405.76393
1757626440.0,226.09,226.09,226.05,226.08,1994.045,450796.14337,611.0,980.664,221698.39961
1757626500.0,226.08,226.13,226.07,226.13,1250.04,282630.64666,559.0,897.309,202884.81315
1757626560.0,226.13,226.16,226.09,226.13,2223.012,502675.8503,663.0,556.133,125752.90345
1757626620.0,226.13,226.21,226.13,226.21,1789.895,404773.39294,759.0,882.701,199627.91
1757626680.0,226.21,226.33,226.14,226.33,2766.101,625735.74107,1394.0,1899.936,429816.27104
1757626740.0,226.33,226.42,226.33,226.35,2014.067,455931.18716,1182.0,964.283,218293.5423
1757626800.0,226.35,226.35,226.1,226.18,3650.935,825807.2536,1720.0,2008.614,454318.05807
1757626860.0,226.17,226.18,226.13,226.13,2197.337,496959.78615,791.0,1150.978,260312.443
1757626920.0,226.14,226.14,226.1,226.11,1677.879,379413.30067,598.0,693.068,156724.40692
1757626980.0,226.1,226.73,226.1,226.72,3418.755,774157.26987,2641.0,2967.954,671985.55317
1757627040.0,226.72,226.75,226.71,226.75,1596.831,362036.99449,2078.0,1376.305,312039.39434
1757627100.0,226.74,227.0,226.71,226.76,7489.534,1698780.3613,4100.0,6421.831,1456565.87178
1757627160.0,226.75,226.79,226.57,226.7,2273.033,515300.57194,2657.0,1061.338,240594.24758
1757627220.0,226.7,226.71,226.34,226.58,2025.513,458901.13394,3151.0,601.466,136257.83124
1757627280.0,226.58,226.62,226.47,226.59,1400.007,317156.01283,1931.0,776.361,175867.26936
1757627340.0,226.59,227.0,226.59,226.92,1862.582,422525.3116,1743.0,1469.932,333437.39574
1757627400.0,226.93,226.93,226.84,226.87,1096.145,248679.40766,1466.0,286.215,64931.76454
1757627460.0,226.87,226.87,226.69,226.74,2108.846,478217.12576,845.0,511.172,115893.72103
1757627520.0,226.75,226.75,226.54,226.69,1178.167,267028.42606,2990.0,464.26,105214.31242
1757627580.0,226.69,226.79,226.59,226.79,2192.477,497080.89997,1628.0,1270.632,288101.01306
1757627640.0,226.79,226.95,226.78,226.86,1533.838,347953.06292,4141.0,899.199,203951.98232
1757627700.0,226.85,226.89,226.66,226.77,2302.939,522276.64822,1615.0,841.524,190810.31194
1757627760.0,226.78,226.89,226.77,226.89,729.371,165447.81821,699.0,703.493,159578.77824
1757627820.0,226.88,226.89,226.76,226.76,1706.281,387013.08129,621.0,295.689,67062.31466
1757627880.0,226.77,226.87,226.76,226.86,1543.414,350077.43977,846.0,786.222,178325.26906
1757627940.0,226.86,226.87,226.65,226.72,1708.549,387404.8022,1360.0,534.136,121099.46762
1757628000.0,226.71,226.77,226.51,226.64,2333.455,528855.70949,2446.0,1268.945,287567.279
1757628060.0,226.65,226.71,226.52,226.55,1769.391,400986.70974,1662.0,685.175,155271.82495
1757628120.0,226.54,226.67,226.38,226.67,1653.793,374633.4185,2113.0,933.299,211421.03011
1757628180.0,226.67,226.84,226.52,226.66,3307.592,749881.02635,4048.0,1690.664,383291.55387
1757628240.0,226.65,226.7,226.56,226.68,983.509,222887.48813,1304.0,762.503,172802.34104
1757628300.0,226.67,226.78,226.58,226.78,1342.464,304301.64092,1347.0,600.071,136029.71379
1757628360.0,226.78,226.88,226.74,226.84,1319.305,299219.75713,1155.0,586.942,133129.97026
1757628420.0,226.83,226.92,226.83,226.91,793.647,180056.05722,624.0,224.688,50975.82906
1757628480.0,226.91,227.0,226.91,226.99,1456.491,330596.67444,615.0,533.339,121060.17052
1757628540.0,227.0,227.06,226.99,227.01,4977.704,1130096.83889,620.0,4163.488,945255.60409
1757628600.0,227.02,227.56,227.01,227.55,25972.081,5902806.08508,2774.0,23123.068,5255402.26657
1757628660.0,227.56,227.56,227.25,227.32,3248.842,738744.18122,1971.0,1202.705,273456.51359
1757628720.0,227.31,227.49,227.25,227.48,3041.833,691519.21888,990.0,1794.583,407992.96713
1757628780.0,227.49,227.52,227.42,227.5,1083.493,246475.56244,558.0,652.577,148455.39329
1757628840.0,227.5,227.52,227.32,227.49,13846.509,3149584.6793,1886.0,7932.412,1804174.43085
1757628900.0,227.48,227.63,227.48,227.51,5895.878,1341838.91083,1263.0,4780.868,1088103.79881
1757628960.0,227.51,227.69,227.36,227.68,3525.145,802163.26437,1572.0,2565.94,583968.70442
1757629020.0,227.69,227.69,227.57,227.58,2457.533,559429.2996,771.0,274.182,62418.35437
1757629080.0,227.58,227.88,227.58,227.83,5189.789,1182098.65514,2156.0,4269.451,972425.02892
1757629140.0,227.82,227.95,227.73,227.73,5600.453,1276126.1014,1482.0,3498.115,797126.43334
1757629200.0,227.72,227.94,227.65,227.92,3149.891,717592.90711,1809.0,1920.054,437382.22209
1757629260.0,227.93,228.28,227.88,228.19,24523.456,5592748.56064,4537.0,22029.649,5023802.21254
1757629320.0,228.2,228.28,228.11,228.28,3021.896,689625.22657,2238.0,2308.615,526851.50471
1757629380.0,228.28,228.29,228.06,228.14,2904.019,662768.34144,2312.0,1738.961,396861.26378
1757629440.0,228.15,228.45,228.02,228.11,7454.617,1701598.05853,3831.0,5190.195,1184602.79468
1757629500.0,228.1,228.27,228.1,228.25,3648.932,832669.58695,2237.0,1812.363,413534.83016
1757629560.0,228.25,228.38,228.19,228.29,2290.694,522984.1576,1593.0,1222.15,279018.47504
1757629620.0,228.3,228.52,228.29,228.51,6661.739,1521948.07972,2134.0,3890.314,888767.67334
1757629680.0,228.51,228.54,228.2,228.28,4537.936,1036500.71372,1574.0,2155.431,492348.20854
1757629740.0,228.27,228.5,228.26,228.49,1483.612,338820.26996,909.0,1190.61,271921.08467
1757629800.0,228.49,228.5,228.12,228.13,2653.157,605743.00106,1904.0,400.365,91380.64035
1757629860.0,228.13,228.26,228.01,228.26,8568.634,1954118.42927,2253.0,1943.988,443375.65984
1757629920.0,228.26,228.43,228.25,228.33,1459.208,333203.33341,735.0,962.596,219791.76351
1757629980.0,228.34,228.41,228.14,228.28,2278.377,520221.0156,1755.0,949.485,216771.89751
1757630040.0,228.28,228.32,228.12,228.24,2429.412,554410.4812,1411.0,1020.784,232935.57005
1757630100.0,228.24,228.25,228.02,228.03,2049.014,467397.48028,1826.0,770.599,175797.66196
1757630160.0,228.04,228.06,227.29,227.69,15299.925,3483854.60876,6005.0,6565.017,1494272.92526
1757630220.0,227.69,227.93,227.69,227.92,2029.89,462447.24474,1563.0,1529.271,348397.65487
1757630280.0,227.92,227.92,227.73,227.75,2401.88,547220.46045,1682.0,709.414,161628.16004
1757630340.0,227.75,227.93,227.75,227.92,1736.075,395581.23435,1055.0,1329.395,302915.98013
1757630400.0,227.92,228.01,227.91,227.97,1101.37,251071.82515,788.0,741.728,169080.96796
1757630460.0,227.98,227.98,227.63,227.89,3308.608,753728.22075,2998.0,1674.116,381331.58782
1757630520.0,227.88,228.0,227.87,227.98,1527.696,348216.39543,1438.0,400.135,91198.16341
1757630580.0,227.97,228.0,227.92,227.98,918.406,209367.59915,721.0,286.964,65420.77082
1757630640.0,227.97,227.97,227.84,227.89,1026.322,233888.03438,994.0,181.697,41404.76114
1757630700.0,227.89,228.07,227.79,228.06,2346.617,534900.9271,1323.0,1185.648,270291.82216
1757630760.0,228.06,228.1,228.0,228.05,3166.68,722137.91297,1495.0,1069.155,243826.03429
1757630820.0,228.05,228.28,227.98,228.22,8127.394,1854401.50545,1550.0,6483.63,1479487.87445
1757630880.0,228.21,228.22,227.94,228.15,3830.771,873719.90289,2107.0,1921.896,438379.77096
1757630940.0,228.16,228.22,228.09,228.17,2701.521,616388.95025,1315.0,1357.81,309809.81437
1757631000.0,228.17,228.25,228.09,228.19,1154.542,263423.62982,1184.0,721.233,164557.44471
1757631060.0,228.18,228.25,228.18,228.22,1519.298,346731.99404,897.0,494.004,112738.98711
1757631120.0,228.23,228.24,228.14,228.16,2539.302,579430.15301,933.0,497.847,113604.06357
1757631180.0,228.16,228.2,228.1,228.16,2300.172,524765.58764,1401.0,891.83,203474.33737
1757631240.0,228.16,228.35,228.15,228.34,1733.685,395755.21201,889.0,1513.229,345433.90114
1757631300.0,228.34,228.42,228.21,228.42,2487.082,567893.66603,1473.0,1662.632,379661.25665
1757631360.0,228.43,228.58,228.42,228.47,9572.595,2187112.45482,1903.0,7982.621,1823780.16043
1757631420.0,228.47,228.48,228.29,228.3,2222.079,507472.9509,1430.0,211.725,48354.67547
1757631480.0,228.3,228.34,228.2,228.28,2363.919,539635.27115,1289.0,1326.185,302747.21552
1757631540.0,228.29,228.29,228.04,228.04,1957.898,446714.41144,1221.0,378.868,86442.90157
1757631600.0,228.04,228.18,228.0,228.17,2584.974,589512.96554,1673.0,1058.648,241458.61513
1757631660.0,228.17,228.27,228.07,228.12,1617.962,369218.25887,1431.0,689.518,157348.88369
1757631720.0,228.11,228.21,228.04,228.19,2040.182,465373.20076,903.0,1118.61,255166.29796
1757631780.0,228.2,228.25,228.11,228.11,1049.787,239531.54516,1047.0,416.687,95078.60035
1757631840.0,228.12,228.27,228.1,228.27,1727.873,394291.28066,1063.0,1104.396,252027.13628
1757631900.0,228.28,228.44,228.28,228.34,2888.661,659698.5204,1807.0,1804.777,412163.94373
1757631960.0,228.33,228.34,228.1,228.25,1922.878,438848.64553,1534.0,953.961,217726.11402
1757632020.0,228.24,228.28,228.13,228.17,1132.899,258509.66652,1275.0,179.232,40901.67251
1757632080.0,228.16,228.22,228.14,228.21,1139.88,260093.99519,776.0,731.563,166926.36244
1757632140.0,228.22,228.37,228.2,228.21,1560.438,356220.74474,1313.0,734.924,167772.44091
1757632200.0,228.2,228.25,227.96,228.25,2798.294,638227.00726,2460.0,1061.453,242120.57489
1757632260.0,228.25,228.41,228.24,228.41,2442.661,557806.63149,1624.0,1734.647,396119.60313
1757632320.0,228.4,228.53,228.34,228.53,3290.121,751648.12479,1070.0,2874.088,656613.55035
1757632380.0,228.53,228.59,228.46,228.58,3087.286,705552.05672,1278.0,2480.016,566772.74208
1757632440.0,228.58,228.68,228.54,228.6,4101.402,937632.00694,1374.0,3110.395,711076.05738
1757632500.0,228.6,228.61,228.33,228.39,2770.722,633119.30779,1868.0,193.159,44138.85887
1757632560.0,228.38,228.66,228.3,228.66,2720.701,621721.36329,1416.0,2410.672,550894.99711
1757632620.0,228.65,228.66,228.45,228.5,3091.908,706660.46534,1503.0,1414.62,323240.67873
1757632680.0,228.5,228.51,228.18,228.27,2500.221,570922.22796,1686.0,776.064,177149.14059
1757632740.0,228.27,228.58,228.27,228.55,1683.427,384571.95877,1513.0,1224.855,279838.27688
1757632800.0,228.54,228.64,228.54,228.6,1567.127,358216.45632,1781.0,900.313,205795.37594
1757632860.0,228.59,228.68,228.55,228.59,1622.02,370831.78997,1224.0,406.202,92873.9241
1757632920.0,228.6,228.71,228.6,228.69,1789.321,409185.81621,718.0,1037.172,237180.97613
1757632980.0,228.69,228.69,228.6,228.68,4513.473,1032141.55178,978.0,667.764,152684.48381
1757633040.0,228.68,228.71,228.4,228.46,3840.324,877658.09149,1710.0,748.772,171170.57028
1757633100.0,228.46,228.59,228.44,228.46,2000.374,457107.10325,1337.0,1090.715,249257.02307
1757633160.0,228.45,228.46,228.39,228.39,2810.579,642013.16142,994.0,411.845,94077.33341
1757633220.0,228.39,228.43,228.31,228.36,1547.847,353482.32815,1046.0,364.713,83290.69805
1757633280.0,228.36,228.4,228.3,228.3,1451.938,331552.6469,792.0,559.024,127659.65415
1757633340.0,228.31,228.31,228.23,228.28,2640.959,602842.82852,975.0,830.512,189586.45923
1757633400.0,228.28,228.38,228.28,228.33,1616.925,369203.22018,1299.0,769.712,175758.54137
1757633460.0,228.34,228.42,228.28,228.4,1720.975,393016.96648,1212.0,815.104,186150.01465
1757633520.0,228.39,228.5,228.33,228.49,3079.313,703358.03512,1279.0,2299.046,525125.3057
1757633580.0,228.49,228.65,228.44,228.64,1966.263,449333.09738,1120.0,1170.71,267548.44232
1757633640.0,228.64,228.8,228.64,228.79,2164.473,495059.34206,949.0,1580.054,361387.06768
1757633700.0,228.79,228.9,228.77,228.86,10274.338,2351319.85161,1212.0,8483.284,1941441.27186
1757633760.0,228.86,228.89,228.76,228.84,2392.71,547567.2013,1014.0,1074.232,245845.31822
1757633820.0,228.84,228.84,228.63,228.63,1614.844,369406.68917,806.0,380.459,87025.32094
1757633880.0,228.64,228.65,228.58,228.64,1037.937,237297.81972,763.0,407.877,93252.19231
1757633940.0,228.65,228.65,228.55,228.55,1372.767,313780.93424,755.0,447.874,102373.39569
1757634000.0,228.55,228.62,228.47,228.54,1532.267,350212.50741,1094.0,778.888,178022.92664
1757634060.0,228.53,228.54,228.44,228.45,1492.475,341005.01175,812.0,331.495,75738.64089
1757634120.0,228.45,228.68,228.45,228.68,901.72,206056.43803,1074.0,478.137,109285.25621
1757634180.0,228.67,228.84,228.67,228.81,1162.71,265994.27771,933.0,804.631,184078.77554
1757634240.0,228.82,228.83,228.77,228.82,636.466,145624.32718,346.0,494.208,113076.07404
1757634300.0,228.83,228.87,228.82,228.87,1052.95,240970.20193,359.0,861.539,197165.81652
1757634360.0,228.86,228.94,228.76,228.92,4779.741,1093952.80729,1336.0,3375.219,772531.36897
1757634420.0,228.91,228.94,228.71,228.86,3706.049,848084.47125,1399.0,2095.78,479614.22459
1757634480.0,228.86,228.88,228.5,228.53,3015.561,689671.61166,1550.0,1133.357,259138.63619
1757634540.0,228.54,228.59,228.44,228.55,2221.205,507578.69722,1141.0,909.431,207835.24656
1757634600.0,228.56,228.71,228.53,228.6,2725.857,623275.33859,1545.0,1544.142,353066.33642
1757634660.0,228.6,228.61,228.5,228.52,2990.109,683402.55437,1219.0,1583.565,361930.42904
1757634720.0,228.51,228.52,228.43,228.44,2544.511,581338.78511,996.0,694.874,158759.51516
1757634780.0,228.44,228.69,228.44,228.69,1210.56,276662.25973,836.0,1055.142,241136.6999
1757634840.0,228.7,228.74,228.69,228.73,2075.558,474713.15966,719.0,541.178,123772.66652
1757634900.0,228.74,228.8,228.63,228.64,1704.221,389789.68122,1006.0,503.055,115067.95272
1757634960.0,228.64,228.73,228.64,228.72,1608.325,367774.57542,571.0,962.57,220112.81093
1757635020.0,228.73,228.77,228.62,228.69,3062.919,700487.44672,1172.0,992.861,227045.14123
1757635080.0,228.69,228.69,228.54,228.58,1778.476,406557.00685,1156.0,332.113,75912.96138
1757635140.0,228.58,228.74,228.58,228.73,1688.377,386056.00165,922.0,1123.147,256829.01187
1757635200.0,228.73,228.82,228.61,228.69,4838.397,1106627.55689,2689.0,2344.652,536265.56047
1757635260.0,228.69,228.74,228.59,228.73,2612.191,597355.64748,1755.0,1704.222,389739.62094
1757635320.0,228.74,228.77,228.35,228.46,5467.599,1249273.46753,2294.0,562.429,128545.5037
1757635380.0,228.46,228.48,228.39,228.4,2880.936,658068.7764,1348.0,841.992,192331.17781
1757635440.0,228.4,228.58,228.4,228.56,1880.373,429661.23176,807.0,1513.094,345760.97544
1757635500.0,228.55,228.62,228.44,228.48,2402.557,549028.44808,1638.0,720.608,164674.14911
1757635560.0,228.48,228.48,228.26,228.28,3499.886,799261.29174,1488.0,536.881,122601.18295
1757635620.0,228.28,228.35,228.24,228.34,1650.079,376688.9422,1084.0,764.589,174549.25246
1757635680.0,228.34,228.35,228.24,228.3,2127.302,485692.36527,931.0,441.704,100846.05883
1757635740.0,228.29,228.36,228.23,228.36,1841.617,420410.47748,866.0,389.641,88947.18079
1757635800.0,228.36,228.36,228.23,228.28,4876.646,1113395.40921,1088.0,411.921,94047.04849
1757635860.0,228.28,228.29,228.18,228.28,3594.91,820450.47474,1379.0,1479.479,337651.63218
1757635920.0,228.28,228.37,228.12,228.19,7063.053,1612156.52802,2178.0,3668.754,837385.62379
1757635980.0,228.19,228.28,228.14,228.26,2750.532,627791.86591,1005.0,554.74,126609.19751
1757636040.0,228.27,228.33,228.17,228.25,2485.0,567162.64862,1307.0,982.099,224145.29112
1757636100.0,228.26,228.47,228.23,228.23,1883.818,430127.25658,1397.0,978.178,223337.98109
1757636160.0,228.23,228.35,228.18,228.24,2733.043,623853.96136,1485.0,727.097,165953.27355
1757636220.0,228.24,228.27,228.11,228.12,2977.815,679449.21991,1699.0,1074.887,245236.37115
1757636280.0,228.11,228.18,228.11,228.18,1145.083,261257.60752,572.0,318.756,72727.14275
1757636340.0,228.18,228.26,228.18,228.26,2086.625,476247.10173,991.0,650.823,148535.74487
1757636400.0,228.26,228.51,228.25,228.5,2729.753,623478.06989,1256.0,2377.38,543026.43622
1757636460.0,228.5,228.78,228.5,228.78,2634.251,602417.65095,1380.0,2318.302,530162.4936
1757636520.0,228.79,228.85,228.78,228.84,971.122,222220.3254,448.0,636.315,145606.01547
1757636580.0,228.85,229.27,228.84,229.14,31952.906,7317844.82937,4465.0,29046.552,6651837.09589
1757636640.0,229.14,229.27,228.97,229.25,6215.811,1424267.77385,2254.0,4201.601,962808.34087
1757636700.0,229.25,229.27,229.17,229.2,3441.444,788903.01877,1469.0,1887.436,432680.63307
1757636760.0,229.21,229.68,229.2,229.59,12210.663,2801586.53036,3903.0,10526.561,2414940.52114
1757636820.0,229.6,229.6,229.41,229.45,4448.705,1020854.08348,2048.0,2926.153,671447.07715
1757636880.0,229.45,229.46,229.21,229.21,3204.281,734843.18593,1627.0,787.775,180669.38009
1757636940.0,229.22,229.43,229.12,229.43,2445.097,560543.50722,1864.0,1396.21,320103.59699
1757637000.0,229.43,229.61,229.4,229.58,1411.681,323969.66641,1702.0,999.737,229432.75078
1757637060.0,229.57,229.8,229.52,229.71,6745.745,1549467.62171,2031.0,5624.698,1292047.47431
1757637120.0,229.72,229.87,229.57,229.59,5661.189,1300589.50723,2171.0,2838.182,652079.35146
1757637180.0,229.59,229.7,229.4,229.44,5376.159,1234013.42541,3154.0,2588.937,594299.43987
1757637240.0,229.44,229.62,229.39,229.6,1910.162,438453.31788,1480.0,1294.266,297085.29176
1757637300.0,229.6,229.72,229.58,229.63,4421.296,1015318.11571,1273.0,2425.312,556920.22455
1757637360.0,229.63,229.74,229.6,229.7,2631.205,604352.85716,1071.0,1994.114,458027.6112
1757637420.0,229.7,229.74,229.68,229.68,3237.336,743605.29371,853.0,1172.377,269295.17983
1757637480.0,229.68,229.69,229.56,229.66,2917.876,670077.4561,1265.0,664.825,152665.91931
1757637540.0,229.66,229.73,229.59,229.68,3952.846,907869.38351,1114.0,1051.09,241402.38179
1757637600.0,229.69,229.74,229.52,229.59,3746.999,860565.13271,1322.0,1842.115,423102.94112
1757637660.0,229.58,229.8,229.58,229.74,2121.831,487377.65282,1208.0,1179.572,270940.77053
1757637720.0,229.74,229.8,229.55,229.77,2854.072,655532.6531,1745.0,1344.253,308757.40127
1757637780.0,229.77,229.95,229.77,229.93,7405.44,1702499.2248,2032.0,6065.954,1394552.98945
1757637840.0,229.93,233.39,229.93,232.89,157588.462,36465787.07982,31830.0,119370.955,27603149.00578
1757637900.0,232.9,233.09,231.38,231.88,28528.482,6630331.73393,17480.0,13244.914,3078993.21144
1757637960.0,231.88,232.15,231.48,232.14,15003.357,3477475.27034,9045.0,7334.509,1700099.59502
1757638020.0,232.15,232.87,232.06,232.49,11737.522,2728822.42647,9128.0,6127.397,1424421.32018
1757638080.0,232.5,232.81,232.23,232.46,11271.895,2620910.10159,8105.0,5783.944,1344950.38585
1757638140.0,232.46,233.38,232.27,233.11,16329.093,3803165.21191,8988.0,11670.61,2718021.36783
1757638200.0,233.11,234.98,232.84,234.43,45488.57,10658932.36379,20760.0,26328.652,6168925.86919
1757638260.0,234.42,234.43,233.85,234.08,15701.392,3675971.90526,9958.0,9099.002,2130097.07593
1757638320.0,234.08,234.86,233.93,234.7,20200.532,4737685.07612,11125.0,12772.04,2995128.61335
1757638380.0,234.7,234.82,233.93,234.48,24672.091,5783086.12483,10688.0,13899.924,3258649.47166
1757638440.0,234.48,234.53,233.98,234.31,25891.512,6064650.45019,12440.0,10095.797,2364655.23221
1757638500.0,234.32,234.84,234.21,234.37,11384.177,2669541.31491,9262.0,6382.013,1496644.1044
1757638560.0,234.36,234.36,232.94,232.94,16449.753,3841557.08209,12017.0,5033.776,1175128.97546
1757638620.0,232.94,233.31,232.8,232.85,11919.832,2777599.41392,6455.0,3575.145,833118.92759
1757638680.0,232.86,233.23,232.79,232.97,3664.686,854016.76115,4563.0,1861.212,433758.12502
1757638740.0,232.97,233.09,232.8,232.99,3903.31,909088.60877,2524.0,1709.35,398085.40177
1757638800.0,232.99,233.4,232.93,233.4,5147.009,1200234.35453,4143.0,3451.75,805000.54948
1757638860.0,233.4,233.47,233.05,233.47,11201.608,2612746.45484,5255.0,2797.517,652580.84185
1757638920.0,233.47,233.58,233.15,233.4,6275.379,1464702.38415,3879.0,4426.641,1033131.56053
1757638980.0,233.4,233.52,233.24,233.43,5327.147,1243267.15862,3484.0,3005.363,701400.49684
1757639040.0,233.43,233.87,233.43,233.83,2598.19,607111.84207,3346.0,1291.845,301925.4546
1757639100.0,233.82,233.94,233.46,233.46,6615.4,1545659.12814,4420.0,3516.632,821736.42683
1757639160.0,233.46,233.52,233.24,233.26,4377.101,1021614.49757,4313.0,2075.144,484323.3283
1757639220.0,233.26,233.41,233.08,233.38,2535.272,591278.99702,3463.0,1135.916,264900.70334
1757639280.0,233.37,233.37,233.07,233.14,3613.479,842957.65451,3196.0,760.914,177474.10755
1757639340.0,233.14,233.23,233.01,233.14,3767.117,878111.75838,2065.0,1409.409,328574.07694
1757639400.0,233.14,233.17,232.68,232.95,6298.043,1466580.36172,4118.0,1897.506,441809.26697
1757639460.0,232.96,233.04,232.38,232.65,5026.621,1169511.72333,4588.0,1535.362,357254.1623
1757639520.0,232.66,233.03,232.42,233.01,2648.78,616540.52802,2952.0,1640.368,381933.79531
1757639580.0,233.01,233.5,233.01,233.19,2677.852,624601.95633,4499.0,1710.932,399049.85444
1757639640.0,233.2,233.45,233.2,233.32,968.502,225959.23145,2033.0,391.873,91425.73759
1757639700.0,233.33,233.52,233.12,233.42,2882.521,672533.6237,3735.0,1116.379,260447.37844
1757639760.0,233.43,233.61,233.26,233.48,4370.317,1020247.31792,3256.0,2434.127,568266.27698
1757639820.0,233.49,233.49,233.1,233.18,3637.538,848409.0426,3579.0,1960.176,457147.09989
1757639880.0,233.18,233.21,232.87,232.87,12810.565,2986361.78316,3032.0,1777.931,414444.6665
1757639940.0,232.88,233.35,232.8,232.88,4612.567,1074983.96801,3140.0,1473.705,343459.00668
1757640000.0,232.87,233.04,232.67,233.03,5211.491,1213253.96324,2860.0,2285.036,531902.3055
1757640060.0,233.03,233.26,232.98,232.99,2392.673,557735.69032,1734.0,1282.327,298858.50251
1757640120.0,232.99,233.13,232.91,233.09,2988.775,696498.64199,2420.0,1756.905,409442.11298
1757640180.0,233.09,233.1,232.79,232.87,2449.098,570428.71692,2393.0,1545.184,359870.92482
1757640240.0,232.88,232.9,232.52,232.65,3767.02,876466.55369,3331.0,1339.573,311635.7178
1757640300.0,232.64,232.76,232.5,232.63,2839.519,660542.61844,2260.0,1375.768,320031.32827
1757640360.0,232.63,232.72,232.51,232.55,1412.709,328602.88528,1901.0,790.12,183787.74825
1757640420.0,232.56,232.7,232.52,232.63,2082.389,484393.77162,1468.0,672.167,156339.72208
1757640480.0,232.63,232.86,232.59,232.86,2420.709,563394.66719,1991.0,1101.789,256441.58146
1757640540.0,232.86,232.93,232.7,232.71,2176.367,506783.51579,1604.0,703.531,163815.22248
1757640600.0,232.71,232.75,232.35,232.4,3786.167,880200.52337,2519.0,1932.322,449177.55609
1757640660.0,232.39,232.66,232.17,232.56,4840.457,1124753.2571,3135.0,2051.681,476755.45085
1757640720.0,232.57,232.79,232.36,232.5,3196.856,743285.07298,3882.0,1079.264,250963.51795
1757640780.0,232.5,232.6,232.2,232.24,1942.15,451260.45889,2499.0,586.233,136189.89703
1757640840.0,232.24,232.28,231.91,231.96,6452.03,1497273.05679,3109.0,1020.241,236796.28844
1757640900.0,231.96,232.02,231.54,231.59,11384.785,2638817.58883,5668.0,2865.639,664332.08439
1757640960.0,231.59,232.05,231.59,231.81,4412.75,1023412.73853,3998.0,2786.97,646367.96723
1757641020.0,231.81,232.23,231.79,232.13,3004.695,697444.53578,2739.0,1778.203,412688.68841
1757641080.0,232.14,232.35,232.05,232.22,2832.777,657799.61625,1893.0,1152.203,267550.15253
1757641140.0,232.23,232.23,232.0,232.2,2158.023,500843.30345,1298.0,726.245,168563.30123
1757641200.0,232.2,232.35,231.9,232.0,2489.145,577860.03846,2452.0,689.384,160063.65869
1757641260.0,232.0,232.1,231.71,231.93,2600.143,602969.79227,2157.0,702.531,162917.15099
1757641320.0,231.93,232.12,231.77,232.06,3661.899,849425.0067,2287.0,2115.534,490757.26004
1757641380.0,232.07,232.2,232.04,232.18,2220.373,515438.73005,1382.0,1411.23,327626.63185
1757641440.0,232.17,232.44,232.13,232.44,3393.971,788253.61977,2054.0,2743.63,637216.74612
1757641500.0,232.44,232.5,232.12,232.13,2987.134,693965.31117,1955.0,402.942,93610.42274
1757641560.0,232.12,232.29,232.0,232.01,1711.08,397259.80308,1721.0,612.929,142280.99693
1757641620.0,232.01,232.13,232.0,232.11,1355.646,314567.64287,1504.0,674.989,156625.88319
1757641680.0,232.11,232.11,231.82,231.88,1748.544,405603.33387,1227.0,302.752,70208.36083
1757641740.0,231.88,232.1,231.86,232.03,3768.41,873938.19512,2135.0,2579.852,598272.37166
1757641800.0,232.04,232.18,232.01,232.1,2267.049,526216.29773,1438.0,1854.724,430521.37503
1757641860.0,232.1,232.33,232.02,232.14,4921.194,1142761.47962,2016.0,4414.486,1025095.35365
1757641920.0,232.14,232.4,232.14,232.18,1686.375,391782.73173,1604.0,672.577,156252.64398
1757641980.0,232.17,232.24,232.0,232.03,1030.484,239175.09797,1257.0,315.087,73135.53205
1757642040.0,232.03,232.07,231.86,231.92,1514.01,351217.50009,1247.0,964.185,223684.92408
1757642100.0,231.93,232.02,231.7,231.74,1894.668,439340.10079,1894.0,574.918,133306.47908
1757642160.0,231.74,231.93,231.71,231.78,2811.522,651699.83974,1988.0,978.747,226877.48157
1757642220.0,231.79,232.15,231.78,232.14,839.558,194742.84808,1464.0,575.221,133426.28341
1757642280.0,232.15,232.34,232.15,232.26,1412.54,328065.91003,2085.0,779.249,180969.46485
1757642340.0,232.25,232.39,232.18,232.23,1259.251,292476.44726,1662.0,369.498,85814.64019
1757642400.0,232.24,232.65,232.2,232.28,3673.156,853892.13007,2382.0,2324.872,540508.16372
1757642460.0,232.28,232.73,232.15,232.68,1648.318,383275.70418,2345.0,1160.769,269951.33541
1757642520.0,232.69,232.86,232.41,232.63,8232.306,1915237.18701,3714.0,4116.01,957520.03438
1757642580.0,232.63,232.99,232.63,232.99,1392.829,324341.19163,1749.0,1034.894,240997.21104
1757642640.0,232.98,233.04,232.87,233.04,3262.592,760056.81687,1681.0,1862.313,433893.97011
1757642700.0,233.04,233.28,232.9,232.92,3516.48,819742.08994,1897.0,2371.163,552763.01801
1757642760.0,232.92,233.06,232.88,232.97,1303.519,303711.22691,1037.0,964.029,224614.72936
1757642820.0,232.97,232.97,232.62,232.79,3352.509,780532.31398,2013.0,928.598,216185.39441
1757642880.0,232.78,232.91,232.64,232.75,4096.342,953608.84792,2119.0,3063.251,713121.79946
1757642940.0,232.75,233.11,232.63,233.09,1436.255,334552.5051,1574.0,1206.4,281015.09164
1757643000.0,233.08,233.16,232.91,233.1,2737.659,637868.91545,2399.0,1549.84,361070.91678
1757643060.0,233.1,233.15,232.9,233.01,2134.104,497323.47121,1531.0,833.988,194325.91189
1757643120.0,233.02,233.1,232.86,233.09,3656.801,851947.48958,1187.0,2227.082,518853.07288
1757643180.0,233.09,233.12,232.95,233.08,1859.444,433314.97568,1109.0,508.884,118595.51039
1757643240.0,233.09,233.29,233.08,233.11,2687.498,626716.29391,1767.0,2160.94,503920.33014
1757643300.0,233.12,233.47,233.08,233.17,4632.471,1080522.90212,2701.0,2636.991,615120.89935
1757643360.0,233.17,233.47,233.0,233.46,2707.692,631625.62366,2534.0,1020.783,238099.23773
1757643420.0,233.46,233.47,233.08,233.09,1623.43,378717.45981,1766.0,566.501,132133.08136
1757643480.0,233.08,233.2,232.91,232.91,2324.791,541768.20757,1793.0,519.701,121151.78209
1757643540.0,232.91,233.3,232.87,233.29,1500.837,349914.89172,2102.0,869.371,202679.29875
1757643600.0,233.3,233.49,233.19,233.49,4626.913,1079672.96215,3056.0,3470.959,809957.13797
1757643660.0,233.49,233.58,233.38,233.56,1305.396,304789.3206,1374.0,644.311,150445.98081
1757643720.0,233.56,233.79,233.48,233.65,2867.756,670047.17888,2195.0,2361.069,551655.65359
1757643780.0,233.65,233.86,233.5,233.53,3773.741,881984.44173,2888.0,1488.715,347977.96032
1757643840.0,233.54,233.73,233.36,233.37,3105.991,725432.95356,2003.0,1329.774,310609.11332
1757643900.0,233.38,233.42,233.22,233.22,1861.005,434255.08154,1444.0,811.603,189362.96318
1757643960.0,233.22,233.29,233.03,233.03,1436.097,334837.38216,1366.0,450.777,105088.5103
1757644020.0,233.03,233.15,232.93,233.02,1896.77,441986.3724,1405.0,820.233,191133.19379
1757644080.0,233.01,233.01,232.86,232.94,1647.614,383764.96276,1079.0,978.644,227959.99372
1757644140.0,232.93,233.19,232.91,233.19,2167.085,504925.81579,1258.0,1589.151,370277.45192
1757644200.0,233.19,233.2,232.72,232.75,4079.857,950383.16674,2382.0,595.272,138662.81226
1757644260.0,232.76,232.76,232.49,232.49,2476.751,576081.42593,1183.0,972.874,226267.97769
1757644320.0,232.49,232.62,232.44,232.56,1675.972,389660.80131,1368.0,774.953,180169.46889
1757644380.0,232.56,232.76,232.55,232.58,1093.912,254530.06606,1686.0,584.408,135967.66745
1757644440.0,232.58,232.88,232.53,232.83,1114.19,259286.33617,1200.0,394.854,91889.15207
1757644500.0,232.83,233.09,232.79,233.08,3259.336,759189.31298,893.0,2618.26,609905.98264
1757644560.0,233.08,233.09,232.91,233.0,1137.397,265003.26948,1723.0,452.96,105519.04072
1757644620.0,232.99,233.08,232.85,233.08,529.494,123335.42679,1254.0,416.311,96971.10768
1757644680.0,233.08,233.43,233.05,233.24,2555.987,596167.85258,2819.0,2185.966,509838.32583
1757644740.0,233.24,233.29,233.19,233.27,829.641,193508.78046,993.0,403.99,94233.4282
1757644800.0,233.28,233.3,233.04,233.04,3028.965,706439.33406,1323.0,628.69,146624.26571
1757644860.0,233.05,233.17,232.88,232.9,1685.785,392805.8543,1737.0,1027.366,239402.1439
1757644920.0,232.91,233.28,232.88,233.14,2626.832,612174.11439,1768.0,1117.503,260480.49721
1757644980.0,233.13,233.21,233.03,233.1,2762.651,644048.15972,1528.0,1113.589,259602.70282
1757645040.0,233.11,233.16,233.08,233.09,259.072,60395.17738,547.0,156.038,36375.76689
1757645100.0,233.09,233.09,232.93,233.01,1150.994,268202.76736,1040.0,499.432,116368.87122
1757645160.0,233.0,233.02,232.86,232.9,2686.518,625847.47158,1230.0,1088.109,253479.08799
1757645220.0,232.91,232.96,232.8,232.83,487.475,113526.17762,1185.0,273.749,63751.62606
1757645280.0,232.82,232.92,232.73,232.73,868.319,202147.51236,1013.0,182.81,42567.69735
1757645340.0,232.73,232.88,232.65,232.66,1588.578,369767.98381,984.0,294.667,68587.23439
1757645400.0,232.66,232.78,232.62,232.65,1857.757,432328.51773,1046.0,1385.438,322426.53414
1757645460.0,232.65,232.76,232.54,232.71,2338.012,543916.29848,1171.0,814.325,189474.41014
1757645520.0,232.72,233.05,232.72,233.04,3116.793,725790.81566,1755.0,1946.798,453401.57572
1757645580.0,233.04,233.15,232.8,232.89,2775.368,646657.82842,1993.0,1234.28,287568.05555
1757645640.0,232.89,232.89,232.79,232.84,1119.066,260547.11255,719.0,663.788,154541.89575
1757645700.0,232.83,232.86,232.73,232.85,597.608,139131.35642,944.0,241.23,56159.59557
1757645760.0,232.85,233.08,232.79,232.94,1406.3,327592.02412,1537.0,1033.157,240670.61007
1757645820.0,232.93,232.94,232.54,232.63,2875.249,668992.81767,1864.0,1125.518,261795.35899
1757645880.0,232.63,232.63,232.48,232.5,2065.985,480405.39876,1519.0,591.337,137494.96129
1757645940.0,232.51,232.77,232.5,232.7,1650.59,384078.17754,1234.0,457.046,106342.11635
1757646000.0,232.69,232.78,232.44,232.44,1415.257,329158.11427,1653.0,642.625,149459.08509
1757646060.0,232.45,232.5,232.36,232.45,3013.11,700315.78714,1470.0,1555.343,361481.66008
1757646120.0,232.44,232.46,232.27,232.3,1102.276,256126.4454,1043.0,443.891,103133.68784
1757646180.0,232.29,232.46,232.28,232.37,1107.036,257237.94514,900.0,480.956,111737.83716
1757646240.0,232.37,232.4,232.28,232.34,1312.606,304977.58196,1094.0,877.893,203975.4605
1757646300.0,232.34,232.4,232.22,232.39,1346.452,312769.17315,999.0,327.048,75972.72433
1757646360.0,232.39,232.6,232.39,232.59,687.116,159767.16922,1093.0,442.053,102790.7573
1757646420.0,232.59,232.87,232.59,232.86,1095.345,254957.82904,846.0,878.338,204460.51522
1757646480.0,232.86,232.93,232.76,232.9,1036.791,241432.40079,798.0,602.826,140386.15812
1757646540.0,232.91,233.0,232.79,232.91,2606.712,607192.47701,1320.0,970.737,226096.58938
1757646600.0,232.92,232.99,232.81,232.82,845.165,196855.52937,1004.0,621.647,144795.4153
1757646660.0,232.81,232.9,232.73,232.89,1125.514,262010.85909,693.0,793.928,184819.97023
1757646720.0,232.89,232.93,232.61,232.74,1455.96,338878.52507,1124.0,259.325,60353.41922
1757646780.0,232.74,232.89,232.66,232.88,1609.779,374704.08101,984.0,571.902,133138.4392
1757646840.0,232.88,232.99,232.77,232.98,890.886,207446.66345,863.0,233.434,54358.71838
1757646900.0,232.98,232.99,232.88,232.9,546.661,127324.58147,1047.0,377.402,87898.07271
1757646960.0,232.9,233.08,232.79,233.0,1773.677,413156.93531,1732.0,781.305,181959.14295
1757647020.0,233.01,233.69,232.91,233.65,7200.156,1680187.20326,3802.0,5088.87,1187414.81151
1757647080.0,233.65,233.72,233.56,233.66,5093.698,1190086.63261,2134.0,2354.723,550152.99358
1757647140.0,233.67,233.74,233.5,233.71,5754.855,1344409.96267,1862.0,1503.755,351252.53437
1757647200.0,233.71,233.79,233.47,233.5,3698.237,864019.76208,1952.0,1645.474,384436.73806
1757647260.0,233.5,233.7,233.48,233.51,3766.382,879719.64048,1970.0,1036.58,242108.90927
1757647320.0,233.51,233.6,233.41,233.59,2250.598,525520.75055,1644.0,824.937,192594.46591
1757647380.0,233.58,233.65,233.53,233.55,3490.338,815339.20637,1171.0,540.43,126244.35816
1757647440.0,233.55,233.6,233.49,233.51,2543.256,593970.70354,1223.0,1347.321,314677.83222
1757647500.0,233.51,233.56,233.42,233.47,772.395,180345.15075,988.0,306.916,71662.25836
1757647560.0,233.46,233.53,233.36,233.41,2057.995,480394.96165,1133.0,712.631,166351.28081
1757647620.0,233.41,233.6,233.4,233.51,1286.483,300424.47123,1027.0,960.133,224211.37575
1757647680.0,233.51,233.51,233.4,233.48,1081.535,252501.78205,900.0,595.433,139008.11489
1757647740.0,233.49,233.49,233.4,233.47,1045.446,244066.79878,614.0,705.128,164620.4712
1757647800.0,233.47,233.56,233.29,233.47,2034.278,474951.79343,1270.0,1503.003,350956.53865
1757647860.0,233.47,233.62,233.36,233.36,1388.863,324342.92428,1673.0,983.309,229629.88608
1757647920.0,233.36,233.44,233.32,233.36,2096.203,489156.05807,1301.0,661.31,154315.13741
1757647980.0,233.36,233.65,233.36,233.61,3146.106,734813.25018,1269.0,807.349,188565.59852
1757648040.0,233.62,233.69,233.43,233.47,3545.66,828185.95996,1548.0,1430.028,334091.02719
1757648100.0,233.48,233.66,233.48,233.66,3960.639,925121.75876,1700.0,2178.451,508817.95887
1757648160.0,233.65,233.69,233.42,233.58,5084.017,1187692.63535,2257.0,2062.857,481897.88684
1757648220.0,233.58,233.65,233.42,233.48,4428.666,1034164.93722,1696.0,1436.266,335358.70779
1757648280.0,233.48,234.36,233.44,233.99,15296.648,3578075.16145,5220.0,11025.987,2579155.55069
1757648340.0,233.99,234.12,233.77,234.0,8036.984,1880045.89691,3006.0,3573.109,835872.70408
1757648400.0,233.99,234.23,233.95,234.03,5489.944,1284996.30297,3358.0,2009.742,470413.32894
1757648460.0,234.03,234.06,233.82,233.85,6088.287,1424209.34308,2956.0,2537.722,593612.90078
1757648520.0,233.85,234.13,233.81,233.93,4059.62,949805.14638,2527.0,1608.782,376421.80372
1757648580.0,233.93,234.22,233.93,234.14,2235.811,523514.82207,1711.0,1511.693,353946.57724
1757648640.0,234.13,234.22,234.08,234.16,3583.83,839227.55383,1746.0,2129.076,498593.42089
1757648700.0,234.15,234.49,234.11,234.49,4615.234,1081310.53276,2841.0,3614.21,846777.23285
1757648760.0,234.49,234.59,234.41,234.56,12261.315,2875234.72741,3144.0,6128.446,1437124.98953
1757648820.0,234.55,234.68,234.39,234.68,10116.719,2372649.36008,2554.0,5847.899,1371457.75137
1757648880.0,234.69,234.69,234.36,234.39,6791.44,1593002.04482,2420.0,2215.58,519631.86056
1757648940.0,234.39,234.64,234.34,234.63,2483.17,582191.65739,1618.0,1711.557,401297.36385
1757649000.0,234.62,234.67,234.5,234.55,2606.083,611345.3401,1338.0,1847.952,433484.35405
1757649060.0,234.56,234.65,234.47,234.6,3231.015,757948.16331,1006.0,2030.569,476369.27472
1757649120.0,234.61,234.63,234.5,234.6,1962.762,460404.7023,1101.0,612.16,143591.15569
1757649180.0,234.61,234.66,234.43,234.43,1656.062,388455.53539,1058.0,719.726,168824.5114
1757649240.0,234.44,234.54,234.43,234.45,2463.79,577739.78355,800.0,1819.107,426561.86225
1757649300.0,234.45,234.85,234.42,234.8,3564.574,836477.58417,1932.0,2347.124,550825.52579
1757649360.0,234.79,235.81,234.79,235.46,40830.358,9605329.98324,12233.0,32222.121,7579078.35286
1757649420.0,235.46,235.74,235.34,235.35,13212.728,3112641.49947,4738.0,7756.773,1827571.35488
1757649480.0,235.35,235.35,234.96,235.15,6916.559,1626041.36209,2754.0,4972.0,1168897.70439
1757649540.0,235.16,235.23,235.04,235.09,3413.526,802620.18941,1861.0,1920.898,451671.49934
1757649600.0,235.08,235.2,234.84,234.84,3644.112,856544.34921,2035.0,1392.474,327360.00846
1757649660.0,234.84,234.91,234.7,234.89,4746.977,1114654.146,2344.0,2118.967,497566.96236
1757649720.0,234.89,234.9,234.57,234.58,3795.934,890792.67639,2607.0,1450.209,340288.30255
1757649780.0,234.58,234.76,234.51,234.66,2195.415,515062.91951,1812.0,1192.637,279789.69336
1757649840.0,234.67,234.83,234.67,234.74,1637.564,384445.7391,1107.0,754.313,177108.87355
1757649900.0,234.74,235.35,234.57,234.57,8670.948,2038171.20136,3860.0,5995.576,1409251.95416
1757649960.0,234.58,234.71,234.5,234.51,1942.197,455623.58787,1266.0,989.452,232133.34533
1757650020.0,234.52,234.54,234.22,234.37,1967.431,461099.03759,2155.0,441.195,103383.93514
1757650080.0,234.38,234.73,234.32,234.62,13093.009,3070917.6191,3010.0,7769.546,1822117.57195
1757650140.0,234.62,234.72,234.52,234.65,4719.191,1107219.88529,2356.0,1623.247,380859.68556
1757650200.0,234.65,235.26,234.64,235.14,8649.326,2033045.42243,3007.0,5231.496,1229364.88441
1757650260.0,235.15,235.18,234.75,234.78,14287.156,3357843.70805,2901.0,2878.913,676222.86049
1757650320.0,234.77,235.0,234.77,234.93,2392.588,562039.11816,1918.0,1520.093,357064.63524
1757650380.0,234.93,234.95,234.73,234.8,2402.731,564270.59034,1894.0,1084.557,254705.86442
1757650440.0,234.8,234.8,234.65,234.77,2267.65,532270.12714,1728.0,1568.977,368271.31292
1757650500.0,234.77,234.87,234.71,234.74,1819.412,427208.38331,1311.0,878.902,206370.99223
1757650560.0,234.74,234.92,234.74,234.83,1305.796,306644.35684,1343.0,721.348,169377.58407
1757650620.0,234.82,234.96,234.8,234.91,1533.361,360132.93985,1139.0,1049.109,246386.46613
1757650680.0,234.92,234.97,234.9,234.92,1141.058,268051.32117,741.0,338.267,79465.88987
1757650740.0,234.93,235.35,234.93,235.08,29738.725,6995722.07662,3704.0,7451.793,1752283.55861
1757650800.0,235.08,235.24,234.95,235.22,3823.233,898868.6741,2502.0,2622.759,616630.49998
1757650860.0,235.22,235.51,235.21,235.39,15848.582,3729582.13247,2353.0,11511.681,2708766.74859
1757650920.0,235.39,235.39,235.23,235.24,3255.818,766126.04498,1771.0,1955.207,460067.40146
1757650980.0,235.25,235.25,235.09,235.22,2845.993,669325.72164,1217.0,1870.067,439797.60175
1757651040.0,235.23,235.29,235.17,235.25,1554.039,365566.22765,931.0,772.589,181731.25763
1757651100.0,235.25,235.43,235.25,235.43,1375.838,323775.03222,628.0,1248.293,293759.73388
1757651160.0,235.42,235.69,235.42,235.69,5790.686,1364443.81437,1578.0,3074.465,724386.43129
1757651220.0,235.68,236.49,235.68,236.21,15632.207,3690886.29674,8660.0,10555.752,2491663.91903
1757651280.0,236.21,236.43,236.04,236.12,4341.897,1025592.5597,3725.0,2473.874,584368.90188
1757651340.0,236.12,237.12,235.93,236.75,25623.109,6062034.93929,6948.0,20301.56,4802305.5822
1757651400.0,236.76,237.0,236.31,236.68,14801.461,3502532.93781,5798.0,10988.02,2600060.71222
1757651460.0,236.68,236.99,236.43,236.91,9182.027,2174633.10778,4047.0,4839.715,1146154.69652
1757651520.0,236.92,237.92,236.92,237.09,25601.924,6080232.20518,10221.0,16860.218,4004351.81993
1757651580.0,237.1,237.49,236.92,237.15,13244.676,3142221.37191,5807.0,9167.972,2175381.73051
1757651640.0,237.16,237.59,237.08,237.36,15090.836,3581827.55815,3379.0,12294.832,2918411.51076
1757651700.0,237.35,237.38,237.12,237.22,8410.201,1995320.82873,3853.0,3744.058,888197.76319
1757651760.0,237.22,237.26,237.0,237.01,25724.248,6100477.70398,3639.0,3226.773,765146.05815
1757651820.0,237.0,237.13,236.86,237.03,10545.844,2499147.57458,4373.0,3330.428,789232.05396
1757651880.0,237.03,237.03,236.71,236.73,7689.665,1820922.07796,3774.0,1648.511,390352.96808
1757651940.0,236.73,237.3,236.71,237.3,10566.244,2504197.62403,3117.0,8186.209,1940254.70808
1757652000.0,237.3,237.3,236.88,237.19,3720.974,882294.79586,3336.0,1857.757,440568.51267
1757652060.0,237.18,237.21,236.77,236.96,8530.723,2021988.25465,2742.0,5445.031,1290716.67242
1757652120.0,236.96,237.11,236.96,237.0,2611.492,618958.20855,1564.0,1834.396,434772.21637
1757652180.0,237.0,237.0,236.67,236.71,6807.806,1612179.25937,2438.0,3571.438,845790.71845
1757652240.0,236.7,236.96,236.51,236.82,11821.89,2798687.28661,4560.0,5506.134,1303473.1764
1757652300.0,236.82,236.93,236.56,236.59,4651.617,1101356.00716,2692.0,2088.056,494397.34282
1757652360.0,236.6,236.84,236.56,236.73,1673.121,395976.55154,1472.0,1238.169,293044.02609
1757652420.0,236.73,236.87,236.6,236.61,2670.398,632160.93288,1932.0,1182.436,279917.68954
1757652480.0,236.6,236.88,236.53,236.79,4111.707,973567.81092,2935.0,1856.955,439638.91975
1757652540.0,236.79,237.1,236.72,237.1,2878.577,681985.05793,2535.0,1431.994,339346.7561
1757652600.0,237.09,237.25,236.92,236.93,3024.383,716972.64443,2265.0,1723.949,408668.75736
1757652660.0,236.92,237.26,236.84,237.21,2802.689,664635.25788,1990.0,1162.449,275614.63954
1757652720.0,237.21,237.41,237.14,237.21,8413.88,1996328.97021,2680.0,4379.007,1039024.1478
1757652780.0,237.22,237.35,237.06,237.1,4645.456,1101964.72689,2150.0,2599.623,616643.06183
1757652840.0,237.09,237.15,237.07,237.13,1782.016,422523.09102,846.0,715.611,169680.65614
1757652900.0,237.13,237.38,237.03,237.22,3652.194,866317.04366,2339.0,2228.391,528614.39043
1757652960.0,237.21,237.39,237.21,237.29,3078.652,730568.77806,1621.0,2106.578,499888.71969
1757653020.0,237.28,238.2,237.26,237.91,25615.518,6090211.55516,5973.0,19626.952,4666062.41628
1757653080.0,237.91,238.0,237.42,237.74,26409.34,6279650.61148,5708.0,21790.642,5181830.0406
1757653140.0,237.74,237.97,237.41,237.42,4537.279,1078685.59294,3642.0,1281.244,304700.92876
1757653200.0,237.42,237.64,237.32,237.33,4565.141,1084113.66604,3998.0,1789.234,424913.67288
1757653260.0,237.34,237.34,237.05,237.1,4414.202,1047015.52024,2700.0,1521.418,360875.6056
1757653320.0,237.1,237.59,237.06,237.54,3210.503,761949.35689,3215.0,2251.249,534239.17
1757653380.0,237.54,237.87,237.53,237.73,6043.858,1436740.91629,3165.0,3624.572,861591.71917
1757653440.0,237.74,237.93,237.73,237.92,2482.075,590227.46566,1477.0,1521.453,361796.36631
1757653500.0,237.93,237.96,237.78,237.81,4812.204,1144789.69275,2339.0,1108.814,263774.87052
1757653560.0,237.81,238.0,237.66,237.89,5920.465,1408397.22191,2375.0,3447.913,820245.83046
1757653620.0,237.88,238.12,237.78,237.99,6766.755,1610523.62329,2530.0,4314.409,1026811.55804
1757653680.0,238.0,238.45,237.99,238.21,14738.947,3512264.1783,4681.0,10792.653,2572068.33239
1757653740.0,238.22,238.48,238.1,238.32,6288.213,1498804.0504,3258.0,5016.805,1195790.72519
1757653800.0,238.32,238.32,237.86,238.01,5522.138,1314883.83026,2897.0,3033.975,722479.55842
1757653860.0,238.01,238.16,237.84,238.16,3094.953,736446.03195,2685.0,1769.777,421135.51591
1757653920.0,238.15,238.28,238.0,238.15,5259.896,1252493.59644,2279.0,2191.482,521840.61409
1757653980.0,238.15,238.44,238.14,238.19,7822.436,1864155.52844,3584.0,4159.318,991183.46493
1757654040.0,238.19,238.24,238.04,238.2,7118.799,1695339.23065,2018.0,2897.209,690051.97379
1757654100.0,238.21,238.79,238.15,238.63,8622.553,2056753.63396,4417.0,6190.406,1476618.78208
1757654160.0,238.63,238.74,238.56,238.7,5984.95,1428280.99863,3561.0,3586.686,855971.70831
1757654220.0,238.7,238.81,238.6,238.73,5415.566,1292713.26697,3077.0,2710.03,646910.00898
1757654280.0,238.73,238.89,238.72,238.79,4430.543,1058062.96124,1817.0,3358.638,802065.86983
1757654340.0,238.78,238.86,238.65,238.83,5435.633,1297717.28833,2104.0,2021.555,482708.36737
1757654400.0,238.82,238.9,238.72,238.85,8731.132,2085278.41991,1947.0,1722.176,411306.28952
1757654460.0,238.84,238.98,238.82,238.86,7483.508,1787656.17713,2017.0,4426.074,1057345.6677
1757654520.0,238.86,239.11,238.8,239.08,11072.131,2646278.32204,3375.0,9894.039,2364755.4236
1757654580.0,239.09,239.2,239.06,239.13,4170.874,997317.34111,2158.0,2257.742,539861.7699
1757654640.0,239.13,239.47,239.01,239.47,28323.042,6776892.44083,3205.0,13480.806,3224979.13831
1757654700.0,239.46,239.86,239.04,239.08,53310.132,12770773.41515,9131.0,17684.133,4236865.52033
1757654760.0,239.09,239.09,238.65,238.74,12045.933,2876775.28392,6625.0,4399.976,1050765.81454
1757654820.0,238.73,238.75,238.49,238.54,8227.59,1963297.38714,4346.0,1768.228,421947.77375
1757654880.0,238.54,238.73,238.51,238.52,11399.523,2720463.77979,3923.0,5630.967,1343796.60356
1757654940.0,238.52,238.65,238.36,238.41,6640.637,1583723.45518,3115.0,1465.215,349431.75218
1757655000.0,238.4,238.55,238.28,238.28,7006.439,1670460.1021,3500.0,4633.441,1104770.26906
1757655060.0,238.29,238.3,237.91,238.15,19144.563,4558114.75698,4601.0,2530.823,602590.13021
1757655120.0,238.15,238.23,238.02,238.12,4544.848,1082324.0347,2041.0,1965.104,467971.16223
1757655180.0,238.13,238.58,238.13,238.44,7593.333,1810085.43174,3069.0,3653.014,870602.83509
1757655240.0,238.45,238.74,238.32,238.61,17080.574,4072668.29909,3555.0,7329.448,1747595.84839
1757655300.0,238.62,238.99,238.61,238.94,4059.351,969410.11927,3351.0,1957.857,467569.40909
1757655360.0,238.94,239.03,238.6,238.72,7403.791,1767588.98801,2778.0,5758.233,1374609.21698
1757655420.0,238.71,238.82,238.43,238.55,9617.361,2295569.50806,2394.0,926.403,221060.17665
1757655480.0,238.54,238.65,238.24,238.25,1819.025,433663.39478,1686.0,834.618,198975.66265
1757655540.0,238.25,238.32,238.11,238.15,6384.538,1520779.99661,2820.0,1668.417,397390.77469
1757655600.0,238.15,238.7,238.14,238.65,5339.566,1272814.08737,2305.0,4204.011,1002055.70989
1757655660.0,238.65,238.78,238.61,238.65,5915.256,1412011.57633,2160.0,2688.113,641666.26926
1757655720.0,238.65,238.78,238.59,238.68,3651.988,871627.34147,1772.0,1144.046,273087.1059
1757655780.0,238.67,238.82,238.62,238.79,1590.94,379768.57107,1002.0,1003.509,239557.16197
1757655840.0,238.78,239.09,238.76,238.98,6882.207,1644584.22368,2817.0,4269.006,1020075.68905
1757655900.0,238.97,239.3,238.97,239.23,6774.873,1620323.32669,3254.0,5052.501,1208313.44549
1757655960.0,239.23,239.49,239.22,239.31,2701.379,646672.08441,2277.0,1941.365,464749.31864
1757656020.0,239.31,239.39,238.99,239.29,7280.23,1741248.54073,3427.0,3596.601,860279.93538
1757656080.0,239.28,239.29,239.0,239.14,2936.281,701956.10356,1842.0,1119.844,267698.72699
1757656140.0,239.14,239.32,239.12,239.23,4595.898,1099470.91628,2028.0,2083.524,498447.18993
1757656200.0,239.22,239.5,239.15,239.27,7878.931,1885549.21041,3124.0,6345.482,1518532.34427
1757656260.0,239.28,239.28,239.12,239.12,4264.158,1019911.43471,1469.0,1699.911,406617.89671
1757656320.0,239.12,239.12,238.92,238.94,3531.657,844156.3415,1727.0,842.849,201461.78962
1757656380.0,238.95,239.07,238.94,239.01,3576.14,854728.51092,1737.0,752.27,179811.31255
1757656440.0,239.01,239.01,238.92,238.93,1231.28,294216.36577,838.0,478.921,114444.09585
1757656500.0,238.93,239.2,238.93,239.06,4904.531,1172514.79208,2033.0,2097.1,501376.62824
1757656560.0,239.06,239.2,238.71,238.74,6100.76,1457712.68793,2340.0,1419.667,339273.42457
1757656620.0,238.73,238.77,238.56,238.63,3664.519,874526.4421,1318.0,966.021,230525.07664
1757656680.0,238.63,238.85,238.59,238.82,2614.625,624212.48971,1971.0,1150.932,274778.45412
1757656740.0,238.81,238.82,238.63,238.63,3049.951,728206.50009,856.0,569.491,135985.25157
1757656800.0,238.64,238.64,238.41,238.59,6700.374,1598316.49747,2204.0,4166.991,994065.67127
1757656860.0,238.6,238.62,238.24,238.39,12210.646,2911486.47374,2932.0,3505.836,835843.43257
1757656920.0,238.39,238.46,238.06,238.26,12990.407,3094889.55502,4313.0,7352.267,1751451.67169
1757656980.0,238.26,238.28,238.1,238.14,5193.545,1236993.15864,2283.0,1944.128,463051.88772
1757657040.0,238.13,238.15,237.87,237.99,8006.115,1905622.30245,1940.0,1893.085,450595.39432
1757657100.0,237.99,238.0,237.38,237.86,20746.729,4930260.42447,5732.0,7199.528,1711627.48743
1757657160.0,237.86,238.0,237.57,237.94,8834.66,2100079.66588,2420.0,1476.07,351063.87446
1757657220.0,237.93,238.04,237.92,238.03,2169.528,516315.82002,1624.0,1538.49,366132.74238
1757657280.0,238.03,238.04,237.84,238.01,1989.44,473367.46606,1575.0,1296.603,308517.80707
1757657340.0,238.01,238.02,237.84,237.89,2327.355,553708.61202,1488.0,1177.093,280036.8002
1757657400.0,237.9,238.0,237.86,237.95,3970.922,944800.72527,1384.0,1024.548,243747.42363
1757657460.0,237.96,238.18,237.96,238.09,2969.515,706940.10116,1607.0,1507.259,358803.60494
1757657520.0,238.09,238.35,237.97,238.35,4735.734,1128033.98356,2317.0,3332.322,793760.00834
1757657580.0,238.35,238.35,238.07,238.07,1376.38,327888.82185,1053.0,197.905,47138.67991
1757657640.0,238.07,238.07,237.88,237.93,2122.195,504930.79948,1068.0,587.844,139853.79667
1757657700.0,237.92,238.07,237.91,238.02,2650.759,630827.2653,1384.0,923.584,219798.50189
1757657760.0,238.02,238.19,237.94,238.19,2334.973,555880.3832,1624.0,1377.321,327889.78434
1757657820.0,238.2,238.29,238.04,238.1,2734.444,651201.17175,1486.0,974.227,232029.28867
1757657880.0,238.09,238.19,237.96,238.04,2326.663,553992.31577,1691.0,1499.074,356954.42037
1757657940.0,238.04,238.06,237.96,237.97,1181.518,281187.62167,889.0,486.868,115869.17242
1757658000.0,237.97,238.09,237.97,238.09,3036.873,722810.44896,1353.0,780.925,185873.44321
1757658060.0,238.08,238.09,237.92,237.98,1866.9,444314.19077,1435.0,582.706,138683.69099
1757658120.0,237.97,238.0,237.9,237.93,2508.584,596913.40977,1057.0,370.706,88200.23489
1757658180.0,237.92,238.09,237.9,237.98,2819.607,671047.06778,1239.0,1918.357,456542.91609
1757658240.0,237.98,238.07,237.91,237.97,2558.516,608891.81251,1191.0,619.608,147459.32101
1757658300.0,237.97,237.97,237.64,237.64,3564.19,847542.35806,1419.0,916.712,218009.06112
1757658360.0,237.64,237.67,237.42,237.6,12963.451,3079469.4184,1974.0,1560.08,370675.83122
1757658420.0,237.61,237.67,237.55,237.58,2277.941,541273.69285,1605.0,501.258,119100.04143
1757658480.0,237.58,237.61,237.37,237.52,4474.786,1062751.96771,1974.0,1679.823,398976.47711
1757658540.0,237.51,237.52,237.39,237.4,2267.711,538463.30166,1130.0,393.801,93500.26307
1757658600.0,237.39,237.49,237.3,237.47,10835.546,2572531.43862,2471.0,6550.851,1555264.30675
1757658660.0,237.47,237.58,237.38,237.57,3133.86,744102.96348,1437.0,939.259,223026.37321
1757658720.0,237.58,237.88,237.58,237.8,3652.769,868537.85619,1998.0,1753.112,416815.76804
1757658780.0,237.81,237.9,237.77,237.78,2864.635,681299.0966,1122.0,1442.189,343031.8303
1757658840.0,237.77,237.79,237.48,237.52,3780.682,898562.58199,1920.0,996.727,236895.72256
1757658900.0,237.52,237.52,237.28,237.46,4190.566,994736.66533,1801.0,1723.441,409089.03273
1757658960.0,237.46,237.47,237.36,237.42,3434.209,815299.71112,1126.0,2249.823,534123.61133
1757659020.0,237.41,237.66,237.41,237.6,1414.136,335866.13304,1223.0,695.899,165282.59801
1757659080.0,237.6,237.65,237.6,237.62,945.032,224568.74852,707.0,366.957,87200.37528
1757659140.0,237.61,237.61,237.47,237.47,1216.178,288880.32325,1188.0,313.384,74434.81817
1757659200.0,237.47,237.5,237.37,237.47,2734.432,649213.40997,1060.0,836.456,198595.97769
1757659260.0,237.47,237.91,237.47,237.9,4112.154,977877.36298,1393.0,3448.691,820154.75762
1757659320.0,237.9,237.91,237.73,237.78,3744.23,890516.07494,1339.0,782.984,186177.45943
1757659380.0,237.77,238.1,237.77,238.01,4199.633,999474.87626,1789.0,3693.72,879073.73422
1757659440.0,238.01,238.02,237.92,238.01,1122.782,267186.37422,980.0,750.38,178563.59183
1757659500.0,238.02,238.03,237.74,237.76,3141.326,747198.89059,1343.0,861.355,204937.73132
1757659560.0,237.76,237.85,237.64,237.72,3759.26,893685.7854,1435.0,975.781,231948.09885
1757659620.0,237.73,237.83,237.53,237.83,1914.898,455129.63615,1442.0,914.767,217451.2326
1757659680.0,237.83,237.96,237.76,237.77,2222.373,528580.68229,1448.0,702.81,167164.88619
1757659740.0,237.77,237.81,237.62,237.7,1888.126,448781.44163,1405.0,582.788,138521.29692
1757659800.0,237.71,237.82,237.68,237.74,1309.187,311247.87102,1511.0,374.567,89050.68561
1757659860.0,237.74,237.92,237.68,237.82,2108.786,501436.22558,1465.0,547.263,130139.32294
1757659920.0,237.82,237.88,237.65,237.81,1178.322,280110.12971,1237.0,468.431,111359.45711
1757659980.0,237.81,238.0,237.8,238.0,2752.782,654983.86372,1082.0,1844.034,438742.28142
1757660040.0,237.99,238.03,237.92,238.02,1235.062,293921.44574,466.0,182.713,43481.60313
1757660100.0,238.03,238.1,237.96,238.09,2182.789,519550.74368,740.0,459.216,109312.72053
1757660160.0,238.1,238.22,238.09,238.19,1786.774,425552.39204,1223.0,704.431,167770.10976
1757660220.0,238.2,238.29,238.17,238.29,3127.751,745083.87143,1022.0,1993.142,474800.8264
1757660280.0,238.28,238.33,238.2,238.21,2567.274,611719.04905,1073.0,1580.284,376557.60665
1757660340.0,238.21,238.3,238.15,238.15,1228.936,292767.59667,1108.0,494.582,117821.73729
1757660400.0,238.15,238.16,237.97,238.06,1298.808,309197.27119,1760.0,596.754,142068.87612
1757660460.0,238.06,238.21,238.0,238.1,2773.862,660516.95359,1628.0,1407.181,335070.28728
1757660520.0,238.1,238.12,237.94,237.95,2032.12,483691.05933,1379.0,387.641,92280.47362
1757660580.0,237.94,238.1,237.88,238.05,1257.995,299396.86118,1240.0,396.515,94368.96356
1757660640.0,238.05,238.85,238.05,238.57,49771.873,11877746.50686,7442.0,39722.983,9479064.94169
1757660700.0,238.58,238.89,238.51,238.51,31978.149,7633523.12895,3767.0,28147.751,6718974.87267
1757660760.0,238.52,238.52,238.28,238.42,4064.047,968778.13473,2040.0,2360.534,562667.35647
1757660820.0,238.43,238.47,238.16,238.22,3144.092,749243.90212,2122.0,2007.226,478340.92848
1757660880.0,238.21,238.3,238.07,238.11,2063.919,491626.40486,1470.0,721.803,171955.66616
1757660940.0,238.12,238.28,238.05,238.27,997.878,237625.20661,963.0,305.461,72742.69081
1757661000.0,238.27,238.49,238.27,238.38,1876.625,447356.92567,1187.0,1142.53,272330.62609
1757661060.0,238.37,238.47,238.22,238.26,10996.144,2620636.07002,1588.0,2517.804,599960.83788
1757661120.0,238.26,238.39,238.24,238.38,13007.228,3099236.87936,1476.0,12749.481,3037824.83233
1757661180.0,238.38,238.5,238.33,238.38,641.408,152922.1762,837.0,274.021,65333.12289
1757661240.0,238.38,238.41,238.28,238.31,2607.097,621373.85427,1107.0,1133.558,270170.43452
1757661300.0,238.3,238.53,238.28,238.51,2006.121,478234.46756,1761.0,686.465,163647.20342
1757661360.0,238.5,238.55,238.42,238.47,2265.755,540364.02098,1605.0,963.13,229697.56007
1757661420.0,238.47,238.5,238.32,238.48,1743.187,415559.0895,1124.0,1398.815,333458.05537
1757661480.0,238.49,238.62,238.44,238.46,1150.455,274429.42733,1208.0,472.928,112809.0571
1757661540.0,238.47,238.51,238.39,238.47,1071.323,255457.12097,905.0,711.895,169752.32697
1757661600.0,238.47,238.48,238.3,238.45,1353.274,322637.26378,1520.0,489.038,116589.31565
1757661660.0,238.46,238.55,238.31,238.32,2110.864,503350.73309,1296.0,393.572,93839.84719
1757661720.0,238.31,238.32,238.21,238.23,1769.785,421671.99307,946.0,734.229,174943.73039
1757661780.0,238.23,238.28,237.95,237.97,2070.093,492845.12891,1228.0,377.236,89811.83119
1757661840.0,237.96,237.96,237.79,237.83,2762.314,657125.85042,1232.0,647.556,154029.434
1757661900.0,237.84,237.84,237.76,237.76,1041.202,247580.34149,550.0,102.429,24355.563
1757661960.0,237.76,237.83,237.67,237.69,1907.149,453411.66945,1085.0,665.66,158256.50339
1757662020.0,237.69,237.73,237.65,237.69,1525.674,362633.45232,642.0,491.762,116885.23384
1757662080.0,237.7,237.93,237.67,237.82,1827.369,434479.57175,1067.0,640.453,152289.62154
1757662140.0,237.82,237.83,237.74,237.81,1812.907,431075.74671,888.0,866.302,205990.4638
1757662200.0,237.8,237.81,237.51,237.64,5602.729,1331250.81119,1661.0,2535.697,602508.43711
1757662260.0,237.64,237.65,237.41,237.43,2783.713,661149.89798,1654.0,483.314,114781.64617
1757662320.0,237.42,237.72,237.33,237.62,6525.675,1549455.50064,2224.0,1853.989,440217.50368
1757662380.0,237.61,237.72,237.52,237.72,2763.599,656675.65715,1887.0,1919.858,456180.0357
1757662440.0,237.71,237.73,237.53,237.53,1061.991,252333.32522,944.0,361.264,85849.65647
1757662500.0,237.54,237.54,237.39,237.41,1352.498,321127.98462,829.0,315.932,75008.74729
1757662560.0,237.41,237.5,237.41,237.44,1944.339,461671.85828,764.0,935.477,222124.65502
1757662620.0,237.43,237.49,237.32,237.35,1904.178,452103.74902,1092.0,370.94,88064.86421
1757662680.0,237.34,237.41,237.34,237.41,1931.273,458442.47168,783.0,1337.577,317514.20768
1757662740.0,237.4,237.86,237.4,237.71,3321.824,789677.58473,1978.0,1070.136,254309.51931
1757662800.0,237.71,237.79,237.69,237.7,1293.818,307594.57352,877.0,611.87,145468.13264
1757662860.0,237.7,237.75,237.62,237.72,3249.432,772371.07412,1087.0,1371.948,326113.62481
1757662920.0,237.71,237.86,237.68,237.69,1420.515,337773.97135,1161.0,624.928,148582.31591
1757662980.0,237.68,237.69,237.57,237.59,1345.125,319652.88511,853.0,259.259,61603.04727
1757663040.0,237.59,237.7,237.56,237.69,3100.173,736628.25895,773.0,2582.377,613591.28913
1757663100.0,237.69,237.7,237.59,237.59,1384.18,328960.02374,890.0,508.035,120744.64598
1757663160.0,237.59,237.68,237.57,237.61,1183.748,281282.79655,728.0,562.787,133729.46273
1757663220.0,237.61,237.62,237.46,237.48,2221.509,527614.19028,892.0,997.248,236845.52531
1757663280.0,237.47,237.55,237.46,237.55,1756.382,417111.14443,819.0,1407.373,334225.61525
1757663340.0,237.55,237.63,237.46,237.63,1410.711,335118.97702,956.0,656.196,155893.6615
1757663400.0,237.62,237.85,237.55,237.83,3005.701,714457.45287,1351.0,1882.721,447484.00076
1757663460.0,237.83,237.92,237.74,237.75,2895.372,688661.36531,866.0,1973.984,469540.98596
1757663520.0,237.74,237.75,237.5,237.5,1334.215,317041.7661,1065.0,347.685,82603.55701
1757663580.0,237.5,237.51,237.36,237.36,2788.962,662158.01141,795.0,216.115,51310.61447
1757663640.0,237.35,237.43,237.35,237.41,2202.68,522911.60107,689.0,1363.388,323661.92741
1757663700.0,237.41,237.42,237.13,237.2,6100.156,1447178.96335,1545.0,990.156,234916.25029
1757663760.0,237.19,237.2,237.01,237.1,4363.363,1034526.76987,1399.0,2521.595,597845.63833
1757663820.0,237.09,237.27,237.05,237.27,4581.111,1086153.34692,1061.0,1220.559,289409.09675
1757663880.0,237.27,237.49,237.26,237.4,6403.098,1519896.23332,1356.0,4906.063,1164519.24803
1757663940.0,237.39,237.4,237.32,237.33,1831.773,434798.52142,594.0,308.525,73228.22168
1757664000.0,237.33,237.59,237.33,237.59,1877.815,445907.70981,1324.0,1354.358,321604.47553
1757664060.0,237.58,237.75,237.58,237.69,2065.215,490867.96963,1422.0,1114.13,264810.36724
1757664120.0,237.68,237.68,237.55,237.59,2020.807,480129.19035,1383.0,603.406,143365.43364
1757664180.0,237.58,237.6,237.36,237.4,1965.775,466875.67993,1003.0,694.01,164862.90747
1757664240.0,237.39,237.45,237.14,237.15,4261.375,1011455.14895,1273.0,608.711,144425.99357
1757664300.0,237.14,237.2,237.09,237.09,2244.393,532278.2896,863.0,418.54,99260.57887
1757664360.0,237.1,237.15,236.96,236.96,2772.647,657261.84425,1464.0,682.833,161864.93867
1757664420.0,236.96,237.04,236.94,237.0,2067.505,489991.73397,726.0,1052.526,249447.21753
1757664480.0,237.01,237.13,236.93,236.99,5234.039,1240753.04146,1470.0,2196.171,520618.88842
1757664540.0,237.0,237.25,236.94,237.25,3429.997,813037.67941,1661.0,2036.273,482712.15545
1757664600.0,237.24,237.32,237.19,237.32,1383.267,328169.37976,1140.0,750.366,178019.63279
1757664660.0,237.31,237.32,237.14,237.26,1394.424,330826.33056,1325.0,519.815,123310.26699
1757664720.0,237.27,237.34,237.26,237.28,1370.112,325127.41718,1434.0,673.409,159795.68457
1757664780.0,237.28,237.42,237.27,237.34,1311.371,311261.77179,956.0,526.182,124882.87577
1757664840.0,237.34,237.34,237.22,237.3,1512.26,358847.05313,1205.0,492.64,116888.85391
1757664900.0,237.29,237.37,237.08,237.08,3999.815,948716.66408,1708.0,1933.341,458578.6087
1757664960.0,237.08,237.09,236.92,237.01,2464.87,584163.94432,1460.0,858.415,203429.70506
1757665020.0,237.0,237.0,236.72,236.77,5547.656,1313736.09948,2658.0,2952.769,699232.13898
1757665080.0,236.78,236.96,236.72,236.94,2685.401,635978.78591,1741.0,1014.756,240277.94224
1757665140.0,236.94,237.12,236.94,237.12,1600.523,379369.94021,1037.0,857.768,203298.83284
1757665200.0,237.12,237.47,237.09,237.34,2675.362,634700.97909,1920.0,1295.893,307476.82918
1757665260.0,237.33,237.41,237.17,237.38,1305.948,309905.55201,1105.0,986.46,234091.09587
1757665320.0,237.39,237.58,237.34,237.56,3086.739,733006.08609,1320.0,2704.648,642276.14121
1757665380.0,237.56,237.77,237.48,237.76,4059.54,964648.41733,1904.0,1466.366,348468.85434
1757665440.0,237.77,237.85,237.75,237.84,1040.122,247335.85053,776.0,569.621,135451.14901
1757665500.0,237.84,238.33,237.84,238.27,4970.427,1183392.66213,2799.0,4597.259,1094496.59558
1757665560.0,238.27,238.35,238.13,238.2,3603.207,858485.14922,1821.0,1917.336,456766.31
1757665620.0,238.19,238.19,237.84,237.89,3109.657,740180.72819,2022.0,1585.322,377364.61592
1757665680.0,237.9,238.04,237.89,237.91,848.14,201826.58564,1031.0,556.58,132442.5993
1757665740.0,237.92,238.03,237.91,238.02,717.982,170860.92104,731.0,476.148,113313.33498
1757665800.0,238.02,238.05,237.98,237.99,475.859,113260.50642,770.0,200.639,47754.1201
1757665860.0,237.99,238.17,237.92,237.93,2957.893,704090.87374,1610.0,1640.262,390458.74894
1757665920.0,237.92,237.96,237.68,237.96,2040.2,485161.21393,1912.0,1047.19,248995.70117
1757665980.0,237.96,238.09,237.83,237.87,1804.331,429432.4196,1612.0,1092.968,260149.04871
1757666040.0,237.87,237.93,237.77,237.81,1097.148,260938.48273,1150.0,598.233,142277.8864
1757666100.0,237.81,238.02,237.74,238.02,809.181,192518.62336,951.0,651.224,154940.60045
1757666160.0,238.02,238.12,237.9,238.01,1700.264,404714.74606,1060.0,702.491,167201.35058
1757666220.0,238.0,238.16,237.96,238.02,986.305,234780.90448,1030.0,580.576,138193.32339
1757666280.0,238.01,238.01,237.87,237.87,683.559,162624.35293,460.0,314.819,74902.77731
1757666340.0,237.87,237.88,237.77,237.77,1767.94,420459.16909,916.0,396.841,94377.68113
1757666400.0,237.77,237.87,237.63,237.87,828.78,197050.86027,1086.0,520.177,123683.73486
1757666460.0,237.86,237.92,237.86,237.89,652.142,155131.72402,668.0,351.146,83531.56804
1757666520.0,237.89,237.91,237.79,237.85,1186.136,282096.55338,813.0,842.197,200291.28949
1757666580.0,237.84,237.94,237.81,237.88,957.008,227630.22168,1141.0,543.98,129381.28999
1757666640.0,237.88,237.88,237.6,237.65,2114.589,502670.25695,1016.0,334.131,79411.03422
1757666700.0,237.66,237.69,237.65,237.65,1395.784,331721.84676,574.0,545.124,129556.84754
1757666760.0,237.66,237.66,237.42,237.43,1015.364,241173.15164,812.0,208.933,49633.25693
1757666820.0,237.44,237.52,237.41,237.51,1346.361,319695.00955,622.0,345.849,82124.15253
1757666880.0,237.51,237.66,237.5,237.64,1445.052,343279.70364,657.0,932.897,221596.77888
1757666940.0,237.64,237.64,237.46,237.46,2285.62,542917.80654,1131.0,318.168,75572.53869
1757667000.0,237.47,237.65,237.42,237.64,1828.715,434341.4399,1042.0,491.907,116832.85434
1757667060.0,237.64,237.66,237.49,237.53,993.331,235979.62063,1215.0,489.687,116323.90959
1757667120.0,237.53,237.65,237.52,237.62,1397.223,331976.89558,711.0,1084.91,257761.63314
1757667180.0,237.63,237.77,237.55,237.77,373.512,88760.9405,769.0,287.616,68348.17686
1757667240.0,237.76,237.79,237.69,237.79,761.455,181035.88455,738.0,332.319,79008.4999
1757667300.0,237.79,237.88,237.79,237.87,806.577,191835.44291,633.0,261.45,62179.66419
1757667360.0,237.87,237.99,237.83,237.97,2056.358,489236.76888,1172.0,666.936,158675.82436
1757667420.0,237.97,238.04,237.87,237.88,1104.905,262945.98645,685.0,457.699,108926.86307
1757667480.0,237.87,237.88,237.66,237.73,1633.476,388409.89295,1117.0,715.661,170165.03315
1757667540.0,237.74,237.74,237.67,237.73,816.149,194001.52792,460.0,190.704,45329.5793
1757667600.0,237.73,237.83,237.66,237.82,673.512,160104.00919,1075.0,372.437,88535.45841
1757667660.0,237.83,238.0,237.82,237.95,867.567,206406.96019,1317.0,358.529,85296.59876
1757667720.0,237.94,238.0,237.72,237.72,3081.408,733231.02353,1073.0,1525.789,363120.1667
1757667780.0,237.73,237.78,237.49,237.78,1626.086,386320.15257,1299.0,938.082,222873.33263
1757667840.0,237.77,237.82,237.65,237.74,1686.837,400994.40877,816.0,856.142,203483.89088
1757667900.0,237.73,237.92,237.65,237.85,2697.524,641287.90479,972.0,576.887,137167.708
1757667960.0,237.85,238.0,237.75,238.0,1279.708,304438.04408,942.0,1128.062,268363.38711
1757668020.0,238.0,238.25,237.96,238.24,1503.142,357924.67818,888.0,1060.109,252452.20481
1757668080.0,238.24,238.29,238.1,238.12,2144.486,510916.78208,966.0,1365.889,325432.27298
1757668140.0,238.13,238.25,238.04,238.24,1725.307,410878.97545,1261.0,1002.392,238712.87393
1757668200.0,238.23,238.46,238.18,238.45,8076.502,1924561.15759,1749.0,5428.914,1293802.39271
1757668260.0,238.45,238.5,238.3,238.36,2811.115,670344.38181,1305.0,2096.229,499885.58674
1757668320.0,238.36,238.39,238.22,238.29,2883.748,687254.92145,1139.0,916.255,218327.45935
1757668380.0,238.29,238.48,238.24,238.25,1002.162,238848.25295,1070.0,718.616,171270.73272
1757668440.0,238.24,238.47,238.23,238.44,1546.694,368637.70891,981.0,1231.913,293608.49968
1757668500.0,238.44,238.49,238.35,238.4,1728.069,411998.12653,1014.0,1099.071,262036.26014
1757668560.0,238.4,238.43,238.26,238.39,739.751,176302.25741,705.0,267.008,63642.37697
1757668620.0,238.38,238.4,237.98,237.99,3639.607,866729.60892,1166.0,1238.278,294825.77076
1757668680.0,237.99,238.01,237.85,237.86,1553.21,369526.57966,804.0,665.007,158223.03469
1757668740.0,237.85,237.97,237.85,237.88,2266.433,539193.74273,833.0,372.121,88526.32518
1757668800.0,237.88,237.9,237.8,237.8,991.591,235858.35441,786.0,505.653,120273.99441
1757668860.0,237.8,237.92,237.71,237.85,1697.623,403696.27492,1213.0,288.519,68623.91112
1757668920.0,237.85,238.09,237.82,238.03,1931.753,459671.83893,1475.0,1168.253,278013.23936
1757668980.0,238.03,238.28,237.96,238.27,1330.755,316817.76428,1308.0,965.042,229762.57483
1757669040.0,238.27,238.38,238.1,238.11,4354.586,1037279.60776,1317.0,3019.854,719270.21575
1757669100.0,238.11,238.11,237.99,237.99,558.316,132912.287,761.0,390.938,93067.76471
1757669160.0,238.0,238.02,237.95,238.02,976.962,232498.24513,675.0,627.335,149293.5473
1757669220.0,238.02,238.15,237.96,238.05,2378.352,566252.28963,1169.0,1869.466,445122.69208
1757669280.0,238.05,238.06,237.96,238.02,867.754,206537.6542,594.0,589.897,140404.50367
1757669340.0,238.02,238.1,237.98,238.03,3330.605,792809.97479,658.0,1220.72,290572.00037
1757669400.0,238.03,238.2,238.02,238.06,1267.21,301731.9643,950.0,1064.566,253477.80626
1757669460.0,238.05,238.11,237.96,238.04,1923.613,457846.03492,884.0,877.304,208811.60479
1757669520.0,238.05,238.05,237.83,237.95,3059.424,727993.42371,1289.0,902.309,214680.78205
1757669580.0,237.95,238.04,237.87,237.89,1720.208,409348.24542,1055.0,1034.473,246154.0799
1757669640.0,237.89,237.92,237.72,237.73,1777.831,422722.4476,809.0,585.663,139257.04158
1757669700.0,237.73,237.73,237.46,237.55,2624.485,623535.49455,1470.0,1229.298,292027.40194
1757669760.0,237.56,237.8,237.55,237.63,3547.4,843392.7229,1544.0,1311.413,311737.01535
1757669820.0,237.63,237.78,237.53,237.62,3020.859,717891.17888,1521.0,1440.964,342401.42356
1757669880.0,237.62,237.87,237.62,237.87,589.009,140021.17567,608.0,519.412,123474.31675
1757669940.0,237.87,237.95,237.81,237.81,1165.636,277290.45911,697.0,255.673,60820.26868
1757670000.0,237.82,237.96,237.81,237.95,1009.381,240094.98048,611.0,721.677,171671.03271
1757670060.0,237.95,238.05,237.95,237.99,783.167,186388.5839,920.0,310.537,73904.15816
1757670120.0,237.98,238.13,237.96,237.96,1436.402,341935.65202,951.0,1207.106,287358.75678
1757670180.0,237.95,238.11,237.95,238.11,1472.586,350536.57892,664.0,1303.986,310399.92479
1757670240.0,238.1,238.11,238.01,238.02,993.31,236491.15876,857.0,385.107,91683.42667
1757670300.0,238.02,238.17,238.02,238.06,1058.477,252040.05536,1339.0,808.164,192442.37376
1757670360.0,238.07,238.18,237.96,238.17,943.544,224608.81204,1248.0,586.715,139671.49022
1757670420.0,238.17,238.43,238.09,238.12,13257.531,3158695.48939,4217.0,10769.841,2565880.42997
1757670480.0,238.11,238.18,238.05,238.08,1839.258,437979.92874,1297.0,1237.057,294574.32705
1757670540.0,238.07,238.18,237.98,238.03,1564.817,372512.18552,1201.0,445.955,106174.05919
1757670600.0,238.04,238.31,238.03,238.22,1319.913,314468.31459,1099.0,572.816,136459.55136
1757670660.0,238.21,238.3,238.1,238.19,2866.658,682875.6248,1920.0,583.862,139085.0717
1757670720.0,238.2,238.27,238.19,238.24,970.204,231147.033,682.0,421.257,100358.90243
1757670780.0,238.25,238.39,238.24,238.28,1276.887,304290.092,906.0,664.623,158380.87711
1757670840.0,238.29,238.38,238.15,238.38,1125.796,268265.13373,874.0,719.489,171463.18844
1757670900.0,238.37,238.4,238.34,238.39,893.071,212869.63067,524.0,545.771,130088.36491
1757670960.0,238.4,238.53,238.38,238.52,1836.082,437824.89021,605.0,1282.088,305739.27689
1757671020.0,238.52,238.6,238.26,238.34,2004.808,477982.07197,1380.0,1033.462,246461.59453
1757671080.0,238.34,238.43,238.34,238.4,618.323,147401.36754,531.0,159.886,38113.85661
1757671140.0,238.4,238.56,238.39,238.46,1651.056,393695.45725,707.0,1118.098,266569.41222
1757671200.0,238.45,238.48,238.14,238.17,2822.218,672500.09418,1890.0,764.261,182119.47595
1757671260.0,238.18,238.25,238.17,238.23,505.247,120361.24421,388.0,215.798,51407.96405
1757671320.0,238.22,238.23,238.12,238.17,2523.014,600953.78019,984.0,579.487,138021.32248
1757671380.0,238.18,238.22,238.0,238.11,1502.07,357595.74798,874.0,465.149,110738.4926
1757671440.0,238.1,238.11,237.87,237.87,1677.575,399180.27874,751.0,284.816,67774.29053
1757671500.0,237.88,237.97,237.64,237.64,1902.205,452389.15137,1086.0,849.421,202046.30149
1757671560.0,237.65,237.69,237.55,237.55,858.52,204014.53793,675.0,185.667,44120.47815
1757671620.0,237.56,237.99,237.56,237.99,1619.233,385024.98236,1267.0,1318.56,313507.04844
1757671680.0,237.99,238.49,237.99,238.41,3447.529,821215.33194,1466.0,2690.085,640623.63978
1757671740.0,238.41,238.45,238.31,238.33,1962.773,467943.37223,1282.0,683.874,163040.68536
1757671800.0,238.34,238.35,238.28,238.28,1002.312,238856.24699,800.0,398.149,94879.62478
1757671860.0,238.29,238.34,238.07,238.07,2073.711,494122.12471,1006.0,554.905,132239.00163
1757671920.0,238.07,238.19,238.02,238.03,1370.967,326417.30815,1155.0,553.074,131686.82577
1757671980.0,238.02,238.02,237.79,237.85,1537.28,365707.54336,1023.0,589.563,140243.73975
1757672040.0,237.84,237.88,237.76,237.83,1390.407,330678.25026,996.0,538.443,128048.93782
1757672100.0,237.82,237.83,237.71,237.82,1744.798,414869.26441,1009.0,560.387,133245.56659
1757672160.0,237.81,237.97,237.7,237.74,2489.619,592174.49085,1557.0,899.263,213935.63972
1757672220.0,237.74,237.94,237.73,237.93,1126.55,267902.24142,1392.0,549.557,130688.55858
1757672280.0,237.93,238.2,237.93,238.18,2314.541,551068.36189,1216.0,1278.348,304391.77438
1757672340.0,238.17,238.29,238.09,238.23,1851.675,441073.23719,939.0,1055.576,251460.21793
1757672400.0,238.23,238.23,237.94,238.16,1852.058,440954.39722,1387.0,730.7,173946.58606
1757672460.0,238.16,238.24,238.09,238.12,1794.611,427393.89383,1485.0,537.824,128086.54788
1757672520.0,238.12,238.13,237.79,237.83,1762.949,419421.54365,1329.0,700.016,166508.52141
1757672580.0,237.84,237.91,237.78,237.85,1664.309,395861.90646,1129.0,869.696,206853.73828
1757672640.0,237.85,237.89,237.75,237.8,4539.421,1079531.41163,1568.0,1573.904,374284.27186
1757672700.0,237.79,237.99,237.77,237.94,1557.152,370395.62395,1390.0,922.59,219427.10764
1757672760.0,237.94,238.16,237.94,238.16,1195.491,284555.71978,913.0,991.807,236074.21509
1757672820.0,238.16,238.18,238.11,238.15,1045.743,249033.15123,627.0,314.702,74942.19328
1757672880.0,238.16,238.16,238.09,238.13,2712.35,645870.59378,784.0,298.967,71192.23282
1757672940.0,238.14,238.22,238.13,238.2,615.167,146528.66302,382.0,421.601,100424.24714
1757673000.0,238.2,238.37,238.15,238.3,2252.381,536719.07951,1145.0,1029.432,245293.90524
1757673060.0,238.31,238.37,238.15,238.26,1134.43,270253.97751,685.0,204.356,48679.78228
1757673120.0,238.27,238.3,238.17,238.28,701.248,167075.09502,759.0,373.004,88868.52775
1757673180.0,238.28,238.36,238.27,238.36,1012.361,241252.65499,553.0,887.937,211603.23291
1757673240.0,238.35,238.41,238.27,238.4,1715.514,408911.92046,900.0,1041.438,248253.58875
1757673300.0,238.4,238.4,238.3,238.37,526.78,125550.9187,796.0,264.074,62940.38037
1757673360.0,238.36,238.4,238.3,238.3,589.663,140563.06103,496.0,176.635,42104.24655
1757673420.0,238.3,238.37,238.24,238.36,564.848,134615.41991,520.0,254.234,60594.1587
1757673480.0,238.36,238.49,238.3,238.43,884.844,210964.09886,776.0,590.66,140823.66534
1757673540.0,238.44,238.52,238.37,238.42,1447.166,345100.80392,802.0,937.561,223592.42617
1757673600.0,238.42,238.5,238.37,238.49,1688.663,402688.37835,772.0,431.877,102970.57371
1757673660.0,238.49,238.55,238.43,238.54,1127.073,268804.26079,711.0,925.105,220637.52001
1757673720.0,238.55,238.55,238.45,238.48,1924.1,458929.88712,687.0,720.679,171897.68781
1757673780.0,238.48,238.51,238.37,238.47,1721.279,410445.38679,722.0,856.264,204152.79708
1757673840.0,238.48,238.52,238.4,238.52,905.251,215879.87304,724.0,675.94,161194.45687
1757673900.0,238.52,238.56,238.43,238.43,827.046,197262.14792,600.0,479.095,114273.81543
1757673960.0,238.43,238.43,238.32,238.42,596.099,142086.50719,664.0,412.132,98233.08543
1757674020.0,238.43,238.43,238.34,238.42,479.566,114322.77268,625.0,300.023,71523.29119
1757674080.0,238.41,238.49,238.41,238.47,896.652,213813.0624,473.0,620.214,147893.27561
1757674140.0,238.48,238.61,238.48,238.58,2915.127,695446.89884,642.0,2643.286,630603.26041
1757674200.0,238.58,238.67,238.52,238.65,1332.799,317995.71945,969.0,715.98,170846.65408
1757674260.0,238.64,238.75,238.59,238.75,3868.16,923272.7467,989.0,3554.247,848362.11448
1757674320.0,238.75,238.81,238.69,238.81,1260.827,301045.14392,1139.0,684.848,163519.87926
1757674380.0,238.81,238.99,238.78,238.99,5491.328,1311683.30452,1095.0,5040.257,1203938.58136
1757674440.0,238.99,238.99,238.88,238.92,1843.416,440451.24077,622.0,1148.95,274511.72762
1757674500.0,238.92,238.95,238.76,238.89,2050.628,489851.50869,1413.0,1196.715,285846.9576
1757674560.0,238.89,239.11,238.88,238.96,5507.926,1316341.21246,2042.0,4366.686,1043583.26192
1757674620.0,238.97,239.18,238.97,238.99,2759.144,659699.48511,1680.0,1622.368,387900.86186
1757674680.0,238.99,239.17,238.98,239.16,1139.739,272458.97898,843.0,966.258,230984.45398
1757674740.0,239.16,239.29,239.06,239.06,3885.307,929232.27982,1965.0,1689.338,404041.98508
1757674800.0,239.07,239.07,238.89,238.9,1651.118,394600.91256,945.0,601.46,143753.19624
1757674860.0,238.89,238.98,238.81,238.83,2050.351,489828.05789,1236.0,713.149,170376.75862
1757674920.0,238.83,238.96,238.69,238.8,4280.73,1022339.79973,2288.0,2308.481,551316.55665
1757674980.0,238.8,238.88,238.77,238.8,1480.111,353494.30676,1191.0,523.729,125076.95266
1757675040.0,238.8,238.89,238.8,238.85,1411.746,337202.76982,623.0,569.777,136094.98069
1757675100.0,238.85,238.99,238.85,238.88,1120.498,267712.71737,884.0,556.149,132876.85686
1757675160.0,238.87,238.89,238.59,238.59,4934.991,1178047.40964,2663.0,1397.094,333485.3666
1757675220.0,238.59,238.8,238.51,238.72,2015.96,481050.02805,1509.0,514.656,122853.33867
1757675280.0,238.73,238.89,238.73,238.85,1106.576,264299.46226,953.0,225.173,53777.56381
1757675340.0,238.84,238.99,238.84,238.99,956.372,228496.53433,463.0,741.95,177275.27649
1757675400.0,238.99,239.09,238.98,239.09,2139.901,511516.6885,750.0,1770.768,423270.58195
1757675460.0,239.08,239.33,239.08,239.31,2563.424,613237.88643,1043.0,2332.371,557958.19513
1757675520.0,239.31,239.32,239.21,239.22,902.34,215908.46584,537.0,522.991,125149.94953
1757675580.0,239.21,239.23,239.18,239.2,1244.829,297772.01168,648.0,622.774,148974.99321
1757675640.0,239.19,239.29,239.18,239.25,4864.724,1163766.67975,871.0,4585.917,1097068.26766
1757675700.0,239.25,239.33,239.07,239.1,3267.513,781473.5695,1751.0,1045.607,250107.38293
1757675760.0,239.1,239.18,239.03,239.17,1593.093,380891.65486,1281.0,415.896,99437.45538
1757675820.0,239.18,239.25,239.13,239.24,1472.538,352229.3562,904.0,982.457,235002.12517
1757675880.0,239.24,239.48,239.16,239.26,6098.623,1459679.04636,3027.0,5189.545,1242100.8959
1757675940.0,239.26,239.32,239.15,239.19,1313.984,314342.68805,1192.0,776.697,185802.13313
1757676000.0,239.19,239.23,239.08,239.08,1321.246,315961.73964,957.0,708.43,169416.95699
1757676060.0,239.09,239.2,238.91,238.99,2921.523,698381.59355,2052.0,853.118,203962.04348
1757676120.0,238.99,239.17,238.96,239.12,1678.687,401329.21797,1534.0,769.954,184086.12303
1757676180.0,239.12,239.27,239.1,239.26,1713.15,409757.90236,1103.0,1286.559,307731.8056
1757676240.0,239.26,239.51,239.2,239.3,11917.437,2853329.7725,2284.0,8544.19,2045710.38301
1757676300.0,239.3,239.3,239.16,239.17,1891.398,452454.40445,1022.0,673.988,161241.92738
1757676360.0,239.16,239.37,239.16,239.36,2368.669,566757.02034,1485.0,953.583,228154.22179
1757676420.0,239.36,239.55,239.36,239.45,5741.916,1375152.95599,1619.0,4874.024,1167319.77114
1757676480.0,239.45,239.47,239.24,239.29,4550.967,1089318.51281,1415.0,1642.535,393110.9467
1757676540.0,239.29,239.38,239.29,239.34,1543.216,369335.27859,853.0,631.119,151042.3018
1757676600.0,239.34,239.38,239.22,239.29,2819.402,674669.11738,1577.0,1627.478,389442.24179
1757676660.0,239.3,239.35,239.12,239.16,2541.291,607982.43777,1546.0,1171.646,280318.71283
1757676720.0,239.15,239.2,238.98,238.99,2332.928,557782.43678,1285.0,486.915,116414.04029
1757676780.0,238.98,239.02,238.93,238.94,1217.41,290926.81172,533.0,283.876,67838.68496
1757676840.0,238.94,238.98,238.92,238.97,1198.755,286433.92531,619.0,647.946,154824.39703
1757676900.0,238.98,239.0,238.8,238.84,2316.79,553466.34953,1358.0,772.875,184620.86998
1757676960.0,238.84,238.88,238.78,238.79,2511.819,599902.12486,1184.0,1337.443,319425.68348
1757677020.0,238.79,238.81,238.71,238.73,1371.678,327508.29394,1031.0,343.75,82073.13599
1757677080.0,238.73,238.93,238.62,238.93,1903.734,454507.63467,1691.0,962.84,229921.67495
1757677140.0,238.92,239.08,238.87,239.08,1428.083,341236.11543,774.0,1155.845,276183.13096
1757677200.0,239.08,239.17,238.99,239.1,4623.475,1105451.20758,1573.0,1588.154,379708.35505
1757677260.0,239.1,239.17,239.08,239.17,1046.451,250224.00387,974.0,646.672,154627.49825
1757677320.0,239.16,239.17,239.02,239.09,1383.672,330832.10137,934.0,612.049,146342.46228
1757677380.0,239.09,239.1,239.03,239.03,671.361,160497.08343,552.0,174.92,41820.06193
1757677440.0,239.03,239.09,238.94,239.06,2334.104,557845.67202,986.0,1019.627,243673.59621
1757677500.0,239.07,239.15,239.06,239.11,1896.81,453498.17753,684.0,1427.417,341273.64023
1757677560.0,239.1,239.11,238.83,238.98,2167.36,517946.10539,1505.0,708.682,169376.73542
1757677620.0,238.97,239.02,238.93,238.99,10196.922,2437033.87322,1143.0,808.019,193103.10453
1757677680.0,238.98,239.15,238.98,239.15,1335.933,319371.52574,864.0,655.675,156729.24591
1757677740.0,239.15,239.21,238.81,238.97,2311.593,552582.48133,2004.0,999.432,238942.65899
1757677800.0,238.97,239.04,238.91,238.98,1618.254,386714.35189,1226.0,149.148,35642.31063
1757677860.0,238.98,239.02,238.76,239.02,1508.446,360330.21648,1620.0,428.088,102270.12541
1757677920.0,239.03,239.09,238.98,239.08,735.863,175901.46295,909.0,419.155,100194.16817
1757677980.0,239.08,239.09,238.99,239.05,717.318,171473.74896,765.0,242.864,58056.36573
1757678040.0,239.04,239.04,238.87,239.04,1656.086,395706.50166,1732.0,526.94,125918.16601
1757678100.0,239.04,239.39,239.02,239.28,4136.132,989418.91977,1306.0,2308.45,552385.35705
1757678160.0,239.27,239.28,239.06,239.19,1996.864,477568.03256,1338.0,655.218,156702.31816
1757678220.0,239.19,239.2,239.1,239.12,1472.311,352068.66271,833.0,792.612,189541.19147
1757678280.0,239.13,239.21,239.12,239.21,929.64,222334.05266,631.0,429.708,102774.12791
1757678340.0,239.22,239.26,239.1,239.18,1825.706,436656.24906,1110.0,1023.231,244738.40721
1757678400.0,239.18,239.21,239.1,239.17,2242.115,536207.17051,1322.0,731.66,174994.87539
1757678460.0,239.16,239.2,238.87,238.89,3519.519,841226.67624,1586.0,956.602,228671.24629
1757678520.0,238.89,238.93,238.74,238.87,1691.697,404037.58962,1807.0,577.419,137913.4856
1757678580.0,238.88,238.94,238.5,238.57,8912.403,2126898.07955,2585.0,2091.537,499060.23326
1757678640.0,238.57,238.6,238.22,238.38,5055.663,1205033.97951,2286.0,1664.081,396651.6073
1757678700.0,238.38,238.46,238.19,238.19,4351.101,1036915.85577,2224.0,1875.462,446912.21587
1757678760.0,238.2,238.24,237.92,237.99,5049.949,1202275.11185,2690.0,1570.906,374039.92068
1757678820.0,237.98,238.02,237.77,237.77,4198.517,998902.42594,2626.0,1222.925,290978.21317
1757678880.0,237.77,237.8,237.56,237.65,6921.269,1645111.98474,2843.0,2522.771,599608.00196
1757678940.0,237.65,238.09,237.65,238.09,3319.522,789507.9353,1588.0,1640.453,390224.48861
1757679000.0,238.08,238.25,238.05,238.22,10890.469,2593818.37948,2573.0,8381.476,1996283.35852
1757679060.0,238.23,238.23,237.87,237.95,2081.916,495436.13113,2203.0,560.007,133252.39436
1757679120.0,237.96,237.96,237.84,237.87,3060.063,727930.21517,1387.0,1414.566,336491.12847
1757679180.0,237.88,237.97,237.65,237.9,4332.05,1030084.38802,2522.0,2483.29,590524.17417
1757679240.0,237.89,237.9,237.68,237.73,2328.173,553550.53858,1291.0,411.564,97844.3692
1757679300.0,237.74,237.84,237.7,237.71,2376.856,565184.38865,1689.0,500.329,118969.65113
1757679360.0,237.7,237.88,237.7,237.87,2100.211,499353.37109,1126.0,922.917,219434.69657
1757679420.0,237.88,238.13,237.87,238.12,4216.529,1003492.60086,1223.0,3127.954,744442.27825
1757679480.0,238.12,238.28,238.09,238.15,2537.475,604355.48475,1056.0,1569.337,373772.15135
1757679540.0,238.15,238.41,238.0,238.39,7032.039,1674759.89439,2701.0,4991.448,1188851.96731
1757679600.0,238.38,238.39,238.02,238.04,2092.954,498477.92116,1579.0,1122.743,267380.66459
1757679660.0,238.04,238.09,237.97,238.06,5969.869,1420864.31485,1651.0,5433.525,1293210.23719
1757679720.0,238.05,238.06,237.87,237.9,1788.71,425575.23849,937.0,936.484,222810.30407
1757679780.0,237.91,237.96,237.76,237.88,2148.855,511157.06154,1193.0,1113.291,264809.56023
1757679840.0,237.88,238.05,237.87,238.04,1120.328,266536.75781,801.0,783.569,186416.28047
1757679900.0,238.04,238.15,237.84,238.01,3262.207,776525.00458,1877.0,1017.986,242319.84365
1757679960.0,238.01,238.08,237.92,238.08,977.227,232571.44092,964.0,711.705,169378.36091
1757680020.0,238.07,238.38,237.95,238.32,3911.562,931466.52561,1696.0,2197.487,523426.28232
1757680080.0,238.32,238.42,238.09,238.28,6945.196,1655114.99281,2639.0,4739.156,1129485.3556
1757680140.0,238.28,238.28,238.08,238.19,1442.875,343635.74075,696.0,584.36,139169.56831
1757680200.0,238.2,238.32,238.03,238.07,1768.89,421318.44987,1236.0,1026.236,244431.15751
1757680260.0,238.08,238.13,237.92,238.13,3125.348,743847.67507,1774.0,2281.962,543118.05434
1757680320.0,238.12,238.36,238.11,238.12,1553.871,370148.38286,1577.0,676.745,161214.29879
1757680380.0,238.13,238.16,237.93,238.01,1817.104,432494.05564,1587.0,699.353,166453.12865
1757680440.0,238.01,238.13,237.97,238.1,2362.032,562269.36245,1924.0,540.197,128588.99645
1757680500.0,238.11,238.23,238.06,238.19,1084.297,258221.16031,1838.0,466.607,111127.60405
1757680560.0,238.2,238.29,237.93,238.23,2223.018,529213.62233,2718.0,1372.219,326663.61349
1757680620.0,238.23,238.41,238.22,238.36,902.186,215014.25595,1392.0,644.344,153557.81231
1757680680.0,238.37,238.52,238.33,238.47,3537.415,843575.75236,1809.0,2474.851,590191.21168
1757680740.0,238.47,238.64,238.39,238.59,5373.43,1281745.92312,1290.0,4302.475,1026352.70705
1757680800.0,238.59,238.65,238.33,238.49,2569.085,612718.72874,2196.0,1069.448,255042.37028
1757680860.0,238.5,238.55,238.43,238.51,851.966,203202.23884,1012.0,304.455,72612.59483
1757680920.0,238.51,238.51,238.32,238.39,3222.128,768188.55692,1604.0,455.682,108634.32399
1757680980.0,238.39,238.57,238.32,238.57,482.311,114999.2692,910.0,418.641,99820.41792
1757681040.0,238.58,238.74,238.56,238.74,2505.428,597991.38478,1087.0,2325.013,554939.32797
1757681100.0,238.74,238.8,238.72,238.76,1274.242,304236.54779,1227.0,766.68,183050.9237
1757681160.0,238.77,238.79,238.7,238.79,1294.725,309101.63603,999.0,192.148,45875.10733
1757681220.0,238.79,238.92,238.71,238.91,3349.355,800136.04258,1135.0,1148.699,274393.41263
1757681280.0,238.92,239.07,238.87,239.03,4755.411,1136458.32874,1570.0,4276.11,1021925.56221
1757681340.0,239.03,239.49,239.03,239.47,20743.476,4964774.35402,2504.0,14912.614,3569094.87953
1757681400.0,239.47,240.44,239.43,239.88,50905.776,12216747.03711,11288.0,39303.177,9429860.89121
1757681460.0,239.89,240.1,239.66,239.93,5825.87,1397588.60671,2845.0,3754.45,900653.3637
1757681520.0,239.94,240.06,239.9,240.01,4413.512,1059105.81702,1996.0,3159.443,758184.56059
1757681580.0,240.01,240.15,239.81,239.81,6458.241,1550011.11787,2667.0,3042.707,730323.44785
1757681640.0,239.81,239.85,239.66,239.79,4297.705,1030408.06507,1497.0,1404.92,336806.85768
1757681700.0,239.79,239.83,239.51,239.57,3713.613,890206.38044,1475.0,2274.457,545256.84124
1757681760.0,239.57,239.59,239.35,239.46,2448.457,586342.71204,1367.0,1005.219,240723.7018
1757681820.0,239.46,239.5,239.28,239.38,2808.475,672335.72107,1640.0,1058.346,253344.66084
1757681880.0,239.39,239.46,239.16,239.39,7235.227,1731375.95653,1632.0,1793.996,429431.91049
1757681940.0,239.39,239.39,239.25,239.34,2779.387,665173.35318,997.0,629.001,150531.62021
1757682000.0,239.34,239.48,239.22,239.22,1861.937,445650.35612,1428.0,814.947,195061.74214
1757682060.0,239.23,239.3,239.0,239.3,2732.389,653431.40735,2046.0,1185.097,283460.09468
1757682120.0,239.3,239.7,239.29,239.66,3187.045,763375.46135,1897.0,2559.341,612980.85256
1757682180.0,239.66,239.76,239.53,239.54,4299.53,1030248.94572,1952.0,3297.643,790168.33812
1757682240.0,239.54,239.78,239.54,239.62,1558.409,373517.00144,1291.0,902.309,216233.69903
1757682300.0,239.61,239.73,239.57,239.67,1628.23,390212.91535,1364.0,802.771,192365.45122
1757682360.0,239.67,239.75,239.55,239.69,3850.607,922802.9997,1677.0,2987.43,715924.58149
1757682420.0,239.69,239.9,239.68,239.85,6505.894,1559774.41369,1388.0,6014.145,1441852.78065
1757682480.0,239.86,239.89,239.77,239.87,3250.819,779643.91173,1389.0,1598.396,383343.17916
1757682540.0,239.86,239.97,239.82,239.96,2271.021,544808.39871,1223.0,817.386,196105.60266
1757682600.0,239.96,239.97,239.77,239.78,1883.821,451886.8311,1308.0,428.344,102758.03525
1757682660.0,239.77,239.86,239.59,239.59,4478.004,1073724.8386,1617.0,3010.003,721823.82608
1757682720.0,239.58,239.9,239.55,239.9,2687.745,644303.85538,1424.0,1818.391,435899.10198
1757682780.0,239.9,239.97,239.88,239.9,1328.32,318710.54159,556.0,798.252,191533.3542
1757682840.0,239.9,239.96,239.84,239.94,5245.007,1258237.08017,1413.0,995.604,238835.78212
1757682900.0,239.94,240.1,239.81,239.82,15955.138,3829371.14635,2323.0,5287.13,1268950.04782
1757682960.0,239.81,239.94,239.29,239.29,5247.186,1257197.10503,3293.0,1468.977,352127.25162
1757683020.0,239.3,239.53,239.26,239.5,3307.029,791712.51792,1887.0,2328.36,557445.55714
1757683080.0,239.5,239.61,239.47,239.58,1400.283,335424.51979,1188.0,868.856,208135.52247
1757683140.0,239.58,239.76,239.55,239.65,12297.211,2947109.0971,1939.0,4818.013,1154781.28731
1757683200.0,239.64,239.71,239.46,239.57,1571.543,376523.83283,1664.0,565.922,135594.74719
1757683260.0,239.57,239.77,239.52,239.52,1420.05,340365.56662,1527.0,998.796,239401.91384
1757683320.0,239.52,239.54,239.39,239.42,1272.099,304609.92031,1058.0,435.81,104353.21282
1757683380.0,239.42,239.5,239.36,239.4,1697.138,406343.32268,878.0,1007.296,241179.59442
1757683440.0,239.4,239.6,239.39,239.54,2755.623,660006.05861,1389.0,941.957,225623.0924
1757683500.0,239.54,239.74,239.52,239.66,1088.488,260857.32055,1470.0,756.701,181340.32757
1757683560.0,239.66,239.78,239.56,239.7,3087.856,739961.03454,1502.0,1714.308,410797.94603
1757683620.0,239.69,239.71,239.6,239.67,1123.566,269259.32383,606.0,461.394,110565.5234
1757683680.0,239.66,239.82,239.66,239.78,2658.631,637452.96201,902.0,568.116,136216.61382
1757683740.0,239.78,239.91,239.7,239.71,1761.807,422528.29854,754.0,1018.923,244363.86683
1757683800.0,239.7,239.93,239.39,239.53,3994.903,957563.95564,2241.0,1690.343,405263.00015
1757683860.0,239.53,239.93,239.46,239.92,6774.52,1622872.9606,3901.0,897.48,215103.90612
1757683920.0,239.93,240.0,239.59,239.64,3551.244,851589.05135,4092.0,2212.106,530498.35919
1757683980.0,239.64,239.9,239.56,239.89,2908.991,697338.30743,2511.0,1832.221,439198.95129
1757684040.0,239.9,239.9,239.45,239.49,2049.989,491343.75764,2536.0,906.456,217251.22265
1757684100.0,239.49,239.58,239.2,239.21,5007.81,1198656.05779,2938.0,3346.731,801003.29204
1757684160.0,239.2,239.38,238.85,238.99,7283.381,1740949.14065,3068.0,1656.746,396064.44208
1757684220.0,238.99,238.99,238.56,238.7,5051.755,1206235.42576,3486.0,639.732,152724.53396
1757684280.0,238.7,238.77,238.24,238.25,19475.827,4642214.18965,4694.0,11026.372,2628007.16282
1757684340.0,238.25,238.45,238.05,238.18,5898.25,1405086.45323,4017.0,1418.547,337972.43382
1757684400.0,238.18,238.48,238.09,238.35,11948.53,2846169.92013,3587.0,6511.49,1550902.06435
1757684460.0,238.34,238.42,238.15,238.41,4412.882,1051453.06431,3177.0,2893.686,689479.29296
1757684520.0,238.42,238.63,238.26,238.34,4022.678,959297.65705,1985.0,2164.861,516354.50984
1757684580.0,238.35,238.42,238.16,238.22,1693.603,403570.41775,1949.0,257.316,61327.60749
1757684640.0,238.23,238.61,238.22,238.49,1915.085,456739.32574,1777.0,814.849,194318.1965
1757684700.0,238.49,238.59,238.43,238.51,1726.076,411646.74902,2454.0,405.155,96618.89681
1757684760.0,238.51,238.56,238.23,238.32,3841.397,915966.40881,2195.0,753.298,179546.36835
1757684820.0,238.32,238.87,238.32,238.83,2625.322,626668.59508,2262.0,2277.892,543730.94117
1757684880.0,238.83,239.16,238.82,238.86,7720.579,1845633.59268,3160.0,4783.422,1143444.29689
1757684940.0,238.86,239.11,238.85,238.97,1922.19,459373.38926,1849.0,1084.371,259148.30492
1757685000.0,238.97,239.03,238.64,238.99,2894.397,691263.77389,2394.0,1339.762,319940.4411
1757685060.0,238.99,238.99,238.48,238.5,4288.372,1023579.28852,3090.0,872.591,208224.18003
1757685120.0,238.51,238.65,238.3,238.42,3383.57,806881.22075,2634.0,1243.318,296543.05082
1757685180.0,238.42,238.81,238.42,238.78,2104.861,502217.59946,1728.0,871.399,207919.70458
1757685240.0,238.78,239.09,238.77,239.09,2560.456,611857.0025,1168.0,2033.204,485853.37168
1757685300.0,239.09,239.39,239.08,239.39,3157.243,755351.93509,2482.0,2413.321,577373.68322
1757685360.0,239.39,239.48,239.14,239.22,3840.403,919193.87017,2470.0,2668.321,638695.37154
1757685420.0,239.21,239.39,239.17,239.31,2836.73,678767.66576,2360.0,1269.988,303913.56332
1757685480.0,239.31,239.72,239.27,239.6,4215.026,1009604.41749,2159.0,3361.873,805277.98171
1757685540.0,239.6,239.66,239.53,239.57,1862.959,446365.02309,1013.0,1183.801,283632.10678
1757685600.0,239.57,239.62,239.0,239.6,12154.672,2909130.70596,8282.0,5768.035,1380554.27667
1757685660.0,239.6,239.94,239.51,239.9,19534.018,4681734.08072,5583.0,11538.96,2765647.24873
1757685720.0,239.9,239.93,239.61,239.79,3576.524,857706.88565,3097.0,1367.485,327955.37335
1757685780.0,239.78,239.97,239.65,239.66,2810.929,674227.49508,2486.0,1376.521,330202.06031
1757685840.0,239.65,239.94,239.61,239.87,2425.368,581681.53032,2567.0,1166.859,279835.11314
1757685900.0,239.87,239.94,239.81,239.88,4202.076,1007988.09264,2221.0,1983.235,475717.52074
1757685960.0,239.87,240.09,239.65,239.68,16307.011,3913077.75086,3655.0,13956.482,3349291.56951
1757686020.0,239.68,240.0,239.67,239.9,3557.0,853271.94935,3284.0,1827.464,438392.18342
1757686080.0,239.9,240.11,239.85,240.09,4043.024,970400.60056,1819.0,3526.308,846404.30684
1757686140.0,240.09,241.49,240.07,241.31,55338.182,13335946.48868,13039.0,38963.574,9384803.93949
1757686200.0,241.31,241.78,241.16,241.59,15472.581,3735451.5501,8574.0,10692.717,2581596.24619
1757686260.0,241.59,241.67,240.95,241.27,18600.04,4486512.05438,5862.0,8995.336,2169738.48353
1757686320.0,241.27,241.27,240.45,240.5,9830.982,2367930.49238,5870.0,2379.877,573113.17808
1757686380.0,240.5,240.58,240.34,240.48,3444.83,828200.57976,3671.0,1461.077,351275.40717
1757686440.0,240.47,240.5,240.02,240.21,5376.27,1291393.34315,3540.0,1922.41,461718.64799
1757686500.0,240.21,241.19,240.0,240.88,15804.951,3803257.33594,5935.0,11056.026,2661689.88951
1757686560.0,240.88,241.08,240.44,240.48,8579.619,2065021.7568,5417.0,4803.37,1156048.50462
1757686620.0,240.49,241.16,240.45,241.01,12096.579,2915307.88714,4041.0,10230.339,2465578.00689
1757686680.0,241.02,241.25,240.95,241.2,4171.102,1005689.82272,2656.0,2248.118,542071.21512
1757686740.0,241.21,241.21,241.07,241.17,2086.459,503133.5875,2145.0,937.189,225999.35953
1757686800.0,241.17,241.17,240.71,240.75,4496.49,1083515.35197,2736.0,1723.586,415323.97035
1757686860.0,240.76,240.92,240.61,240.64,4262.932,1026263.38515,2909.0,1555.106,374411.5634
1757686920.0,240.64,240.9,240.64,240.89,1861.392,448192.78754,2505.0,1043.773,251320.83725
1757686980.0,240.89,241.19,240.88,241.18,2092.689,504497.77541,1117.0,1876.377,452350.82182
1757687040.0,241.19,241.56,241.1,241.5,21021.782,5071711.37207,3959.0,10673.653,2575771.84302
1757687100.0,241.51,241.84,241.35,241.46,8113.989,1960383.66113,5499.0,4054.785,979678.63958
1757687160.0,241.46,241.49,241.26,241.29,4245.61,1024833.70249,3249.0,1524.544,367989.11908
1757687220.0,241.3,241.45,241.13,241.14,1363.56,328977.9304,2885.0,756.526,182548.78082
1757687280.0,241.13,241.31,241.04,241.12,2132.853,514255.46955,2392.0,983.63,237169.76461
1757687340.0,241.11,241.41,241.07,241.28,1919.26,463006.76177,1956.0,1318.439,318045.8542
1757687400.0,241.28,241.35,241.03,241.04,4984.624,1202362.87761,2814.0,1345.653,324639.25514
1757687460.0,241.04,241.22,240.68,240.87,12049.33,2903641.22706,4190.0,3982.568,959609.66259
1757687520.0,240.88,241.0,240.69,240.87,3475.561,836938.30503,3238.0,1995.64,480561.74003
1757687580.0,240.86,240.86,240.61,240.67,2366.784,569658.20707,1932.0,858.519,206637.4577
1757687640.0,240.66,240.67,240.44,240.45,5071.327,1219952.53455,2424.0,2164.578,520684.40251
1757687700.0,240.44,240.59,240.34,240.37,2845.503,684317.57415,2105.0,1689.678,406421.50034
1757687760.0,240.37,240.41,240.12,240.14,2471.669,593875.21513,2175.0,854.138,205261.49952
1757687820.0,240.15,240.21,239.88,240.18,8359.813,2006470.64553,5071.0,2319.023,556532.04517
1757687880.0,240.17,240.19,239.93,239.94,5712.539,1371090.31479,1945.0,1223.44,293661.76786
1757687940.0,239.93,239.94,239.63,239.63,6348.333,1522351.70321,2774.0,909.465,218092.38636
1757688000.0,239.64,239.95,239.62,239.69,4078.083,977814.11132,3105.0,2655.119,636650.80127
1757688060.0,239.7,239.96,239.58,239.9,15736.45,3772937.93363,3019.0,10071.445,2415247.54652
1757688120.0,239.9,239.93,239.66,239.81,3117.413,747487.92483,1696.0,800.041,191846.02739
1757688180.0,239.8,239.82,239.63,239.71,2328.899,558210.47511,1456.0,643.8,154325.38068
1757688240.0,239.72,239.72,239.32,239.36,2650.649,634832.69808,1597.0,742.058,177743.09787
1757688300.0,239.36,239.82,239.34,239.82,3909.88,937217.9953,2070.0,3372.896,808535.96532
1757688360.0,239.83,239.84,239.71,239.83,3901.895,935690.14522,1175.0,2482.215,595250.66919
1757688420.0,239.84,240.08,239.84,239.99,3804.817,913179.77067,2023.0,3061.916,734861.0057
1757688480.0,239.99,240.03,239.66,239.74,1982.652,475612.38953,1519.0,766.062,183801.84467
1757688540.0,239.73,240.05,239.71,240.0,1354.799,325034.9406,1627.0,682.403,163701.73369
1757688600.0,240.01,240.2,240.0,240.2,1454.816,349274.7381,1362.0,865.948,207903.57412
1757688660.0,240.2,240.3,240.0,240.07,6268.112,1505437.80691,2316.0,3737.238,897676.2466
1757688720.0,240.07,240.41,240.07,240.35,3694.455,887706.06194,1926.0,2052.178,493080.85752
1757688780.0,240.35,240.59,240.28,240.46,2483.803,597161.73077,1817.0,1208.319,290510.57897
1757688840.0,240.45,240.59,240.25,240.32,1945.416,467658.1903,2086.0,640.699,154017.79261
1757688900.0,240.32,240.46,240.26,240.45,2996.123,720234.84081,2183.0,988.866,237710.7892
1757688960.0,240.46,240.49,240.32,240.35,3784.328,909773.80806,1864.0,1095.841,263490.84556
1757689020.0,240.35,240.45,240.2,240.27,4113.971,988754.41125,1998.0,1096.613,263531.31745
1757689080.0,240.27,240.32,240.16,240.19,1375.299,330389.51188,1274.0,412.665,99139.09404
1757689140.0,240.2,240.35,240.19,240.26,1711.704,411270.80574,1003.0,1174.267,282126.58811
1757689200.0,240.26,240.35,240.09,240.12,4767.399,1145405.12876,2250.0,2739.053,658150.10548
1757689260.0,240.12,240.12,239.89,239.89,5633.807,1352073.95401,2095.0,612.903,147075.3207
1757689320.0,239.9,240.05,239.89,239.95,1221.299,293062.35187,2040.0,500.089,120005.9245
1757689380.0,239.95,240.0,239.65,239.65,2838.882,680803.90536,1879.0,881.801,211477.31246
1757689440.0,239.66,239.98,239.65,239.89,2425.856,581830.21606,1790.0,883.364,211857.714
1757689500.0,239.89,239.93,239.54,239.59,3419.374,819843.69642,3103.0,791.396,189765.86428
1757689560.0,239.58,239.59,238.84,239.09,87997.313,21040136.17734,7745.0,57805.775,13816640.59676
1757689620.0,239.09,239.26,239.08,239.15,4502.146,1076864.80014,2500.0,1901.762,454861.98569
1757689680.0,239.15,239.23,238.91,239.1,6385.287,1526377.51932,2499.0,1464.877,350164.82627
1757689740.0,239.09,239.09,238.87,238.98,4342.826,1037751.02793,2804.0,1665.441,397973.50624
1757689800.0,238.99,239.02,238.75,238.76,5782.935,1381477.81593,3441.0,1897.527,453314.34603
1757689860.0,238.75,238.86,238.56,238.57,6224.532,1485716.58568,3084.0,3971.84,948074.86945
1757689920.0,238.57,238.73,238.51,238.59,3034.407,724038.39371,2104.0,1719.016,410166.21652
1757689980.0,238.6,238.78,238.6,238.78,2495.049,595589.20309,2108.0,972.011,232020.44532
1757690040.0,238.78,238.82,238.61,238.7,1624.161,387650.25616,1522.0,785.912,187588.42304
1757690100.0,238.71,238.75,238.53,238.68,3567.642,851244.6186,1900.0,2287.742,545867.66981
1757690160.0,238.68,239.25,238.67,239.17,3502.597,837192.94391,2791.0,2380.85,569015.30588
1757690220.0,239.16,239.2,239.13,239.13,1866.552,446422.55994,1490.0,670.371,160324.15527
1757690280.0,239.14,239.14,238.94,239.04,5792.229,1384872.82768,2170.0,1307.347,312512.92373
1757690340.0,239.04,239.2,238.98,238.98,1733.624,414497.63964,1718.0,1003.933,240035.97702
1757690400.0,238.99,239.0,238.66,238.69,2859.839,682959.58247,2272.0,1710.827,408541.75547
1757690460.0,238.69,238.69,238.56,238.63,7310.209,1744286.11847,1559.0,1360.153,324560.163
1757690520.0,238.63,238.83,238.6,238.79,1038.679,247922.79628,1555.0,488.787,116683.63015
1757690580.0,238.79,239.08,238.79,239.08,1686.17,402908.02301,1475.0,972.388,232342.05184
1757690640.0,239.08,239.25,239.08,239.24,1191.289,284909.11805,1249.0,996.821,238398.38075
1757690700.0,239.24,239.26,239.2,239.21,1247.006,298331.6763,1043.0,496.231,118719.33867
1757690760.0,239.22,239.22,238.98,238.98,2802.016,669981.1934,1281.0,1364.168,326163.55934
1757690820.0,238.99,239.02,238.94,238.99,2872.607,686493.89049,1072.0,1140.397,272528.26703
1757690880.0,239.0,239.09,238.9,239.08,4736.05,1131795.25476,1435.0,3895.637,930961.67041
1757690940.0,239.08,239.09,238.89,238.94,5569.411,1330893.59959,1298.0,1418.949,339011.90284
1757691000.0,238.94,239.01,238.72,238.72,2510.927,599833.67835,1602.0,654.332,156311.52267
1757691060.0,238.73,239.14,238.73,239.02,1822.778,435538.10463,2437.0,1219.992,291483.05597
1757691120.0,239.02,239.36,239.01,239.15,1976.314,472858.93652,1456.0,938.784,224577.26957
1757691180.0,239.15,239.36,239.09,239.31,1678.611,401647.41972,1234.0,1289.563,308572.14136
1757691240.0,239.3,239.35,239.26,239.3,1391.739,333039.61882,862.0,963.55,230571.90478
1757691300.0,239.3,239.4,239.1,239.1,2405.561,575642.18159,1186.0,1856.16,444175.84551
1757691360.0,239.11,239.14,238.75,238.8,2051.972,490268.77375,996.0,1134.227,270980.20116
1757691420.0,238.8,238.98,238.62,238.63,2328.957,556077.93808,1197.0,1084.429,258910.01181
1757691480.0,238.63,238.73,238.63,238.67,2133.115,509112.81187,1045.0,774.15,184763.61565
1757691540.0,238.67,238.82,238.66,238.75,2477.399,591533.72246,1229.0,1288.78,307754.73863
1757691600.0,238.75,238.97,238.75,238.89,1303.467,311346.76326,1403.0,815.111,194687.79811
1757691660.0,238.89,239.07,238.89,239.05,1194.11,285397.7719,893.0,892.545,213317.51837
1757691720.0,239.05,239.13,238.91,238.94,2221.202,530893.8388,1493.0,853.286,203983.11453
1757691780.0,238.93,239.12,238.9,239.02,1563.812,373791.07849,1375.0,568.686,135926.16605
1757691840.0,239.02,239.08,238.99,239.03,2368.247,566131.7306,527.0,2101.319,502325.53509
1757691900.0,239.02,239.18,239.02,239.13,2179.232,521080.70853,913.0,1042.441,249246.06892
1757691960.0,239.13,239.22,239.08,239.18,2282.771,545897.47034,1894.0,1267.366,303086.68138
1757692020.0,239.19,239.2,239.08,239.18,2528.986,604857.00681,1246.0,842.461,201484.24788
1757692080.0,239.19,239.29,239.16,239.16,1327.137,317472.10135,1125.0,819.287,195979.09859
1757692140.0,239.16,239.4,239.16,239.39,1735.577,415333.50241,950.0,1513.111,362096.94564
1757692200.0,239.39,239.65,239.35,239.44,6723.918,1610295.04634,2036.0,5041.011,1207219.26166
1757692260.0,239.44,239.65,239.41,239.53,2416.816,578908.3923,2459.0,1231.049,294882.8026
1757692320.0,239.52,239.54,239.3,239.44,2186.838,523587.83795,1815.0,794.225,190158.30306
1757692380.0,239.44,239.48,239.26,239.36,2398.805,574102.60853,1072.0,1131.641,270816.29745
1757692440.0,239.36,239.6,239.35,239.59,1696.45,406241.94774,1155.0,1253.705,300240.08074
1757692500.0,239.6,239.73,239.55,239.63,1550.138,371476.93641,1262.0,1025.861,245839.64972
1757692560.0,239.64,239.72,239.41,239.5,3279.545,785552.98932,1434.0,1998.078,478595.48191
1757692620.0,239.5,239.77,239.49,239.66,1448.105,347037.6498,1387.0,1150.556,275720.42614
1757692680.0,239.65,239.66,239.35,239.38,1000.743,239668.85718,917.0,184.716,44230.27235
1757692740.0,239.38,239.39,239.3,239.31,874.037,209202.66648,641.0,225.416,53954.89807
1757692800.0,239.32,239.38,239.2,239.21,2528.658,605111.14612,1911.0,2004.028,479577.08899
1757692860.0,239.2,239.21,238.87,238.92,2293.682,548208.27619,1501.0,333.853,79789.73767
1757692920.0,238.92,239.12,238.45,238.76,12181.531,2907529.92864,5392.0,3896.809,930475.99629
1757692980.0,238.76,238.8,238.52,238.57,2097.532,500505.05794,1450.0,893.013,213071.92995
1757693040.0,238.57,238.86,238.57,238.69,1626.23,388162.6693,1677.0,951.603,227125.65873
1757693100.0,238.7,238.77,238.35,238.37,2455.787,585704.54121,2169.0,1011.862,241325.75874
1757693160.0,238.38,238.41,238.22,238.34,2277.505,542716.29585,2300.0,1088.561,259405.28823
1757693220.0,238.33,238.39,238.14,238.18,3066.584,730479.67387,2848.0,1478.552,352178.92595
1757693280.0,238.18,238.26,237.94,238.21,7773.06,1850367.56764,3698.0,3044.875,724813.89592
1757693340.0,238.2,238.65,238.2,238.55,8512.817,2030447.59127,2384.0,1659.05,395637.74685
1757693400.0,238.55,238.55,238.26,238.52,4634.166,1104658.38212,2220.0,1176.523,280479.46942
1757693460.0,238.51,238.63,238.44,238.56,1496.909,357074.47249,1865.0,549.737,131136.49457
1757693520.0,238.56,238.76,238.56,238.71,1419.193,338697.60361,1731.0,1141.782,272508.98351
1757693580.0,238.72,238.84,238.71,238.78,1148.681,274305.92301,968.0,966.855,230894.31798
1757693640.0,238.78,238.85,238.69,238.77,1741.318,415798.61202,1767.0,688.132,164286.95409
1757693700.0,238.76,238.94,238.73,238.77,3421.226,817186.52862,1752.0,1930.037,460984.82622
1757693760.0,238.77,238.97,238.77,238.82,1518.001,362647.5806,2082.0,1305.027,311770.61089
1757693820.0,238.82,238.89,238.72,238.87,1754.483,418974.61833,1360.0,950.347,226945.70529
1757693880.0,238.86,238.97,238.85,238.94,804.225,192143.35014,795.0,396.89,94814.83284
1757693940.0,238.93,238.93,238.79,238.82,2651.436,633347.03685,1541.0,259.787,62053.10679
1757694000.0,238.81,238.92,238.71,238.71,1890.864,451609.68893,1126.0,1033.486,246850.53666
1757694060.0,238.71,238.71,238.3,238.54,2651.723,632258.62928,2337.0,1558.391,371525.41788
1757694120.0,238.55,238.87,238.54,238.81,1402.621,334889.75323,1956.0,692.873,165396.84244
1757694180.0,238.82,238.91,238.56,238.64,2978.814,711276.20696,2045.0,1024.393,244567.89219
1757694240.0,238.64,238.84,238.56,238.76,1143.628,272990.62213,1791.0,730.487,174351.04886
1757694300.0,238.76,238.87,238.7,238.7,1422.16,339560.71104,1520.0,562.393,134291.78384
1757694360.0,238.7,238.89,238.65,238.75,1587.628,379029.97616,1428.0,528.603,126223.02507
1757694420.0,238.76,238.9,238.69,238.7,1464.98,349831.43369,1225.0,937.668,223913.24775
1757694480.0,238.69,238.8,238.58,238.79,3272.198,781082.20083,1883.0,651.28,155440.22653
1757694540.0,238.79,238.89,238.72,238.85,1036.991,247655.36845,1523.0,407.366,97279.97309
1757694600.0,238.85,238.9,238.71,238.9,1665.229,397648.1344,1681.0,329.407,78663.49372
1757694660.0,238.9,239.4,238.9,239.21,3876.122,926899.5291,2933.0,3188.749,762494.48794
1757694720.0,239.21,239.23,239.03,239.09,2279.957,545167.32131,2377.0,545.512,130446.94017
1757694780.0,239.09,239.15,238.98,238.99,1862.886,445393.19151,1464.0,489.677,117072.43838
1757694840.0,238.99,239.1,238.82,238.88,2757.42,658902.24529,2085.0,1056.616,252496.6221
1757694900.0,238.87,238.9,238.4,238.45,12051.182,2874284.10271,2452.0,4968.375,1184711.35033
1757694960.0,238.45,238.58,238.3,238.41,4153.906,990357.32173,3252.0,1591.583,379524.20682
1757695020.0,238.41,238.56,238.38,238.52,2266.131,540384.2484,2135.0,1125.443,268361.12337
1757695080.0,238.52,238.71,238.51,238.7,791.152,188801.37587,1186.0,456.221,108870.82899
1757695140.0,238.71,238.71,238.45,238.59,1524.323,363707.65154,1280.0,243.886,58175.32582
1757695200.0,238.59,238.6,238.31,238.38,1290.824,307799.89372,1419.0,452.146,107793.91311
1757695260.0,238.38,238.51,238.33,238.42,994.76,237163.91228,1512.0,319.705,76218.18349
1757695320.0,238.42,238.49,238.32,238.38,1001.923,238848.43751,1162.0,484.332,115440.57515
1757695380.0,238.38,238.52,238.36,238.51,911.237,217250.96467,1436.0,321.982,76767.04987
1757695440.0,238.52,238.64,238.49,238.54,745.695,177891.65023,1105.0,124.001,29585.155
1757695500.0,238.54,238.62,238.32,238.33,1918.914,457653.61119,1702.0,531.529,126707.0613
1757695560.0,238.32,238.33,238.18,238.25,1222.492,291269.76741,1876.0,269.522,64216.84401
1757695620.0,238.25,238.5,238.19,238.42,3711.548,884622.81669,2106.0,1453.439,346372.61738
1757695680.0,238.41,238.58,238.38,238.41,1295.067,308878.48564,1353.0,323.682,77202.44904
1757695740.0,238.41,238.48,238.17,238.21,2630.458,626900.07789,1399.0,867.981,206801.61869
1757695800.0,238.22,238.3,238.17,238.29,1149.886,273978.75389,1253.0,384.869,91699.71763
1757695860.0,238.29,238.48,238.21,238.48,3611.704,860689.93096,1576.0,2079.687,495599.21356
1757695920.0,238.48,238.49,238.28,238.38,1537.472,366496.88451,1151.0,615.985,146814.26755
1757695980.0,238.39,238.61,238.3,238.54,2109.667,503148.30264,1408.0,1795.682,428282.19184
1757696040.0,238.55,238.7,238.47,238.7,1718.523,410095.10009,1048.0,1381.483,329693.2195
1757696100.0,238.69,238.7,238.51,238.65,721.184,172062.34439,1206.0,211.691,50505.28129
1757696160.0,238.66,238.88,238.66,238.79,3631.675,867041.04663,1754.0,2846.669,679616.02243
1757696220.0,238.79,238.86,238.69,238.69,1235.431,294949.81173,1434.0,528.322,126145.81093
1757696280.0,238.69,238.81,238.64,238.64,1144.962,273324.46991,1336.0,225.031,53727.8273
1757696340.0,238.64,238.82,238.62,238.82,1669.242,398466.5593,1023.0,745.858,178061.53012
1757696400.0,238.82,238.85,238.74,238.82,1499.385,358022.87527,1126.0,315.969,75459.4968
1757696460.0,238.82,238.88,238.58,238.61,3839.192,916706.184,1754.0,2483.657,593138.46999
1757696520.0,238.61,238.61,238.41,238.5,2094.31,499512.86285,1277.0,583.414,139144.93665
1757696580.0,238.5,238.5,238.31,238.32,1088.807,259567.44151,1161.0,239.84,57172.31037
1757696640.0,238.31,238.38,238.26,238.36,6505.749,1550398.2893,1342.0,883.475,210526.96245
1757696700.0,238.36,238.55,238.29,238.41,1626.695,387834.84908,1475.0,607.699,144881.96232
1757696760.0,238.42,238.46,238.38,238.45,547.923,130638.71852,996.0,172.603,41151.86965
1757696820.0,238.45,238.65,238.44,238.64,843.065,201129.25664,988.0,462.224,110254.61042
1757696880.0,238.64,238.98,238.64,238.91,9271.246,2215077.65164,1387.0,8625.653,2060836.21316
1757696940.0,238.92,238.99,238.83,238.86,1946.495,465093.87535,1023.0,639.596,152824.98379
1757697000.0,238.86,239.1,238.86,239.04,3701.906,884716.06101,1456.0,3052.519,729524.24948
1757697060.0,239.03,239.11,238.98,239.1,2877.258,687787.02788,943.0,2248.323,537428.05879
1757697120.0,239.11,239.2,239.07,239.19,3336.878,797963.72906,1149.0,2153.639,514980.76653
1757697180.0,239.2,239.28,239.12,239.21,2250.728,538386.14614,1307.0,999.684,239129.90972
1757697240.0,239.22,239.34,239.1,239.33,1391.653,332843.93374,1084.0,597.419,142876.62508
1757697300.0,239.34,239.5,239.34,239.44,3031.317,725768.68318,1135.0,2205.237,527943.57861
1757697360.0,239.44,239.57,239.4,239.5,4680.504,1121051.23423,1698.0,2778.003,665383.10576
1757697420.0,239.5,239.77,239.49,239.75,3255.055,779992.86326,1971.0,1489.278,356878.55211
1757697480.0,239.74,239.93,239.74,239.85,2225.42,533783.80164,1398.0,1340.076,321416.58542
1757697540.0,239.85,239.98,239.65,239.67,8936.957,2143194.06071,2378.0,5274.912,1265070.19486
1757697600.0,239.68,239.98,239.68,239.97,2716.169,651595.40899,1609.0,1187.481,284837.0282
1757697660.0,239.97,239.99,239.95,239.96,1892.074,454041.35538,583.0,820.789,196964.44899
1757697720.0,239.97,239.99,239.89,239.9,2259.132,542048.09603,738.0,427.884,102673.1884
1757697780.0,239.9,239.99,239.89,239.98,1433.152,343883.67513,1112.0,1147.879,275435.01443
1757697840.0,239.98,240.09,239.94,240.08,3985.74,956599.42782,1360.0,3657.795,877890.40717
1757697900.0,240.08,240.13,239.96,239.96,1394.433,334767.42468,1333.0,444.972,106820.51971
1757697960.0,239.97,240.0,239.81,239.9,4287.614,1028768.98132,1416.0,2833.425,679897.4031
1757698020.0,239.9,239.92,239.63,239.73,4273.487,1024849.07113,1436.0,785.886,188410.44929
1757698080.0,239.74,239.95,239.73,239.85,2816.329,675576.8692,1449.0,1569.319,376432.22225
1757698140.0,239.85,239.86,239.62,239.76,2077.348,498033.58246,1377.0,311.882,74768.24547
1757698200.0,239.76,239.95,239.75,239.94,3077.213,737916.622,1470.0,575.295,137973.02434
1757698260.0,239.93,240.09,239.63,239.64,11791.555,2829296.26933,2322.0,1517.805,364257.8139
1757698320.0,239.63,239.89,239.52,239.71,4010.524,961496.3763,2366.0,1166.355,279569.09986
1757698380.0,239.71,239.91,239.52,239.77,6373.804,1527592.35533,2738.0,2265.621,542932.54181
1757698440.0,239.77,239.81,239.59,239.6,2697.304,646533.79166,1744.0,1209.231,289821.60516
1757698500.0,239.6,239.63,239.29,239.59,4817.815,1153698.00485,2258.0,1569.872,375915.41854
1757698560.0,239.58,239.78,239.33,239.59,12051.924,2886888.67477,3043.0,2839.443,680200.0821
1757698620.0,239.59,239.85,239.52,239.69,9475.799,2271346.73164,2640.0,5548.59,1329865.83423
1757698680.0,239.68,240.0,239.62,239.99,5496.704,1318381.50282,2199.0,3905.028,936613.58288
1757698740.0,240.0,240.44,240.0,240.09,16684.67,4008542.73611,3617.0,13103.008,3147923.19961
1757698800.0,240.09,240.27,240.02,240.25,2736.971,657339.34182,2305.0,1504.292,361267.0717
1757698860.0,240.24,240.37,240.23,240.34,1391.395,334370.46048,1417.0,865.274,207953.33804
1757698920.0,240.34,240.65,240.33,240.54,3277.869,788353.0982,2112.0,2364.362,568647.25498
1757698980.0,240.55,240.79,240.53,240.75,3745.457,901390.71944,1635.0,2345.079,564406.75494
1757699040.0,240.75,240.98,240.75,240.77,5751.192,1385344.55222,2300.0,3744.014,901841.6579
1757699100.0,240.76,240.99,240.72,240.85,7023.688,1692187.37699,2257.0,5038.622,1214052.1639
1757699160.0,240.84,240.84,240.5,240.55,3456.12,831612.58431,2296.0,555.623,133670.50342
1757699220.0,240.54,240.81,240.51,240.79,1800.621,433283.03394,1724.0,1295.834,311807.28175
1757699280.0,240.79,241.07,240.75,241.07,3312.152,798128.40563,1839.0,3029.992,730168.24945
1757699340.0,241.06,241.29,241.01,241.27,8282.971,1997273.58367,1971.0,5005.045,1207046.12387
1757699400.0,241.28,241.3,241.03,241.1,4690.45,1131323.86614,2135.0,1575.344,380025.40889
1757699460.0,241.1,241.1,240.81,240.93,4737.269,1141644.03784,1678.0,749.253,180545.6043
1757699520.0,240.92,240.93,240.68,240.72,8854.656,2132062.92795,2486.0,5886.915,1417364.46943
1757699580.0,240.71,240.73,240.34,240.34,4176.929,1004695.17732,2360.0,1102.978,265308.43282
1757699640.0,240.35,240.41,240.26,240.37,2800.728,673110.19553,1920.0,1066.721,256352.75049
1757699700.0,240.38,240.38,240.13,240.21,2832.78,680584.42771,1495.0,779.974,187396.42266
1757699760.0,240.21,240.22,239.68,239.76,7613.828,1826911.5041,3012.0,1037.381,248859.97357
1757699820.0,239.76,240.04,239.76,239.87,4500.965,1079827.02368,1996.0,1599.864,383746.92895
1757699880.0,239.87,240.07,239.81,240.0,13951.384,3347856.73273,1530.0,12988.511,3116851.85869
1757699940.0,240.0,240.3,239.97,240.25,4077.288,979421.05824,1417.0,2462.959,591609.94411
1757700000.0,240.25,240.25,239.94,240.11,4176.751,1002783.75203,2220.0,1761.511,422838.64458
1757700060.0,240.12,240.15,239.95,240.05,2334.716,560419.8207,1541.0,1041.284,249953.73334
1757700120.0,240.04,240.18,239.87,240.03,2304.57,553090.92834,1608.0,283.322,68004.56352
1757700180.0,240.03,240.47,240.03,240.46,3260.098,783437.70286,1924.0,2172.667,522205.11422
1757700240.0,240.46,240.64,240.0,240.09,7991.266,1921459.80094,2702.0,4937.381,1187507.52527
1757700300.0,240.1,240.26,240.07,240.07,1364.676,327758.49064,1396.0,308.517,74095.61885
1757700360.0,240.07,240.09,239.97,239.97,2656.752,637705.39532,1479.0,315.784,75802.58854
1757700420.0,239.97,240.0,239.88,239.99,1775.84,426098.94196,718.0,534.956,128362.53816
1757700480.0,240.0,240.13,239.99,240.08,2826.672,678633.94822,1279.0,782.863,187942.3976
1757700540.0,240.09,240.18,240.03,240.13,3625.945,870666.64218,1370.0,1267.579,304372.4718
1757700600.0,240.13,240.17,240.0,240.0,876.302,210414.0068,752.0,223.176,53588.76021
1757700660.0,240.0,240.25,240.0,240.24,2742.973,658736.0991,1066.0,2606.314,625921.23777
1757700720.0,240.25,240.65,240.24,240.62,4244.0,1020960.97291,1345.0,3917.723,942496.22057
1757700780.0,240.62,240.65,240.55,240.61,1673.271,402614.29839,878.0,365.796,88012.08039
1757700840.0,240.62,240.87,240.62,240.69,3570.006,859491.53339,1549.0,2412.326,580750.98951
1757700900.0,240.69,240.99,240.69,240.98,904.734,217923.61312,1226.0,711.485,171380.01915
1757700960.0,240.99,241.04,240.88,241.04,2611.493,629375.62322,1459.0,1842.994,444164.09147
1757701020.0,241.04,241.11,240.9,241.04,2941.85,709021.79838,1820.0,1529.714,368671.02129
1757701080.0,241.03,241.1,240.86,240.86,3136.033,755848.13864,1760.0,1033.805,249173.66248
1757701140.0,240.86,241.0,240.78,240.92,3382.562,814715.47739,1701.0,2093.287,504179.02475
1757701200.0,240.92,241.04,240.9,240.91,2068.244,498398.80701,1181.0,1222.974,294704.98853
1757701260.0,240.91,241.06,240.89,241.05,910.626,219440.79165,953.0,572.444,137950.48951
1757701320.0,241.06,241.17,241.06,241.1,2075.821,500530.06026,655.0,1006.228,242614.55633
1757701380.0,241.1,241.22,240.89,240.9,4795.227,1156067.95491,2162.0,1544.223,372360.97112
1757701440.0,240.9,241.09,240.58,240.63,4929.475,1187386.30158,2891.0,1195.762,288093.82679
1757701500.0,240.63,241.02,240.63,241.01,3874.64,932924.95487,1716.0,846.332,203820.7244
1757701560.0,241.0,241.2,241.0,241.15,1895.051,456943.27711,958.0,1187.657,286358.09903
1757701620.0,241.16,241.2,241.03,241.04,2733.509,659081.62006,1073.0,382.092,92126.74678
1757701680.0,241.04,241.2,241.03,241.17,3484.759,840371.95943,1174.0,2673.48,644726.75456
1757701740.0,241.17,241.21,241.16,241.2,1134.599,273647.20985,640.0,709.411,171101.88526
1757701800.0,241.2,241.46,241.19,241.33,4533.691,1093985.15782,2226.0,3781.022,912336.28148
1757701860.0,241.33,241.43,241.24,241.39,3351.828,808934.24084,1828.0,2092.918,505114.48941
1757701920.0,241.38,241.46,241.38,241.46,1892.545,456928.36596,735.0,1408.388,340036.01523
1757701980.0,241.45,241.48,241.26,241.42,3642.767,879375.91593,1579.0,1798.133,434114.64283
1757702040.0,241.41,241.48,241.32,241.41,1824.285,440455.84503,1223.0,918.713,221823.5144
1757702100.0,241.4,241.43,241.22,241.22,2210.526,533541.02772,1403.0,555.952,134185.43253
1757702160.0,241.22,241.25,240.96,241.17,5174.479,1247525.92582,1938.0,1267.241,305577.15879
1757702220.0,241.16,241.18,241.12,241.18,1549.308,373638.52056,598.0,709.443,171098.59457
1757702280.0,241.17,241.18,241.0,241.09,3756.079,905640.37631,1751.0,1939.261,467601.0039
1757702340.0,241.09,241.1,240.88,240.88,1982.191,477732.52945,1074.0,283.035,68210.28675
1757702400.0,240.88,240.93,240.68,240.68,4791.722,1153744.59938,2178.0,960.439,231284.8882
1757702460.0,240.68,240.89,240.64,240.87,3717.364,895043.57847,1943.0,2099.98,505611.40249
1757702520.0,240.86,240.95,240.81,240.92,3271.465,788094.53694,1315.0,546.211,131577.71972
1757702580.0,240.91,241.0,240.83,240.86,2429.418,585223.83739,1783.0,1134.785,273350.04324
1757702640.0,240.86,240.87,240.51,240.54,19127.377,4601847.20588,3278.0,5045.361,1213710.70088
1757702700.0,240.55,240.55,240.45,240.49,1216.925,292656.40985,666.0,482.956,116149.17867
1757702760.0,240.5,240.66,240.49,240.62,1552.577,373549.92594,807.0,1026.1,246865.15604
1757702820.0,240.63,240.82,240.62,240.78,1208.251,290831.94007,1138.0,599.77,144373.70682
1757702880.0,240.78,240.87,240.67,240.71,3333.859,802633.85806,1716.0,1671.135,402309.14952
1757702940.0,240.71,240.72,240.28,240.33,4705.698,1131628.87206,2696.0,471.779,113424.22993
1757703000.0,240.32,240.43,240.19,240.33,10645.976,2557731.21707,2088.0,1635.732,393007.38336
1757703060.0,240.33,240.49,240.32,240.48,1573.664,378359.76298,1528.0,1204.286,289550.43906
1757703120.0,240.48,240.76,240.47,240.62,2844.251,684585.50565,1541.0,1752.486,421796.16737
1757703180.0,240.61,240.62,240.42,240.5,1359.181,326881.81259,1235.0,472.821,113704.73031
1757703240.0,240.5,240.53,240.49,240.5,946.669,227676.93465,479.0,409.935,98592.85458
1757703300.0,240.5,240.5,240.34,240.49,1993.043,479123.15314,1099.0,1135.271,272901.86361
1757703360.0,240.49,240.61,240.41,240.47,5933.947,1427153.28115,1896.0,3938.321,947152.21435
1757703420.0,240.46,240.69,240.46,240.64,4782.386,1150574.19336,1640.0,3336.336,802642.22195
1757703480.0,240.64,240.69,240.59,240.62,2249.677,541323.85724,774.0,1122.275,270038.25166
1757703540.0,240.62,240.74,240.61,240.73,1538.526,370238.8151,881.0,1009.494,242927.02966
1757703600.0,240.74,240.78,240.54,240.61,2764.349,665284.84253,1683.0,1131.655,272347.04387
1757703660.0,240.62,240.68,240.52,240.61,2578.89,620476.65199,1183.0,1161.822,279508.03724
1757703720.0,240.62,240.62,240.47,240.5,2160.712,519749.05997,1109.0,694.842,167139.37837
1757703780.0,240.5,240.57,240.34,240.46,1961.141,471541.45635,1508.0,838.929,201709.5351
1757703840.0,240.47,240.66,240.16,240.24,3590.069,862908.64312,3260.0,1013.996,243821.98685
1757703900.0,240.24,240.31,240.11,240.15,1699.468,408235.64507,1262.0,400.017,96079.44343
1757703960.0,240.16,240.17,240.08,240.08,2531.317,607790.93101,962.0,617.508,148277.47915
1757704020.0,240.08,240.23,239.99,240.0,3255.274,781424.06982,1572.0,391.04,93893.86215
1757704080.0,240.0,240.14,239.97,240.0,2503.024,600802.17205,1323.0,988.246,237217.37615
1757704140.0,240.0,240.16,240.0,240.0,1723.77,413813.47826,1042.0,463.824,111354.22545
1757704200.0,240.01,240.02,239.95,240.0,1889.847,453533.86071,681.0,799.235,191799.38618
1757704260.0,240.0,240.07,239.99,240.01,746.037,179063.88155,557.0,523.026,125536.85139
1757704320.0,240.0,240.0,239.81,239.92,2616.256,627678.12091,1135.0,256.418,61511.46037
1757704380.0,239.92,239.97,239.86,239.87,1302.718,312542.36289,811.0,423.26,101553.1926
1757704440.0,239.86,239.88,239.72,239.85,4088.722,980513.08034,1465.0,2271.19,544682.52498
1757704500.0,239.86,239.86,239.61,239.67,3996.38,957934.37854,1149.0,2735.957,655784.62998
1757704560.0,239.68,239.85,239.62,239.72,3991.888,956907.30662,1823.0,1224.56,293533.95911
1757704620.0,239.71,239.84,239.69,239.71,2146.566,514626.83262,969.0,1423.855,341376.41203
1757704680.0,239.72,239.72,239.69,239.7,483.585,115917.58221,314.0,265.463,63633.82125
1757704740.0,239.71,239.81,239.7,239.77,993.74,238255.51577,506.0,613.332,147041.13931
1757704800.0,239.78,239.82,239.78,239.82,650.118,155904.17478,340.0,302.51,72545.31009
1757704860.0,239.82,240.14,239.81,240.13,1912.011,458782.96007,1148.0,1801.311,432215.94297
1757704920.0,240.14,240.16,240.07,240.15,1639.286,393626.36399,572.0,797.466,191503.23977
1757704980.0,240.15,240.19,240.15,240.19,740.479,177837.03719,371.0,609.118,146290.57138
1757705040.0,240.18,240.26,240.18,240.25,1878.001,451120.57647,508.0,1603.597,385203.94784
1757705100.0,240.26,240.31,240.11,240.11,1651.44,396745.78274,938.0,541.842,130197.02692
1757705160.0,240.11,240.2,240.02,240.2,1589.041,381504.93063,1252.0,819.83,196844.33586
1757705220.0,240.2,240.2,239.99,240.09,1601.707,384485.93454,875.0,304.741,73162.17653
1757705280.0,240.08,240.18,239.99,240.09,1320.242,316945.93762,1054.0,852.238,204593.62469
1757705340.0,240.08,240.23,240.08,240.23,1052.683,252824.71637,905.0,821.28,197246.7064
1757705400.0,240.24,240.28,239.96,239.96,889.925,213703.95895,976.0,78.97,18961.62929
1757705460.0,239.96,240.29,239.89,240.18,2608.777,626389.45036,1689.0,1647.442,395598.08476
1757705520.0,240.18,240.23,239.89,240.01,3489.007,837484.02007,1971.0,662.406,159008.73116
1757705580.0,240.01,240.13,239.93,240.12,943.89,226542.98326,975.0,485.339,116491.96727
1757705640.0,240.13,240.29,240.12,240.15,1399.486,336160.42829,954.0,355.564,85407.98967
1757705700.0,240.15,240.21,240.06,240.12,778.356,186918.20678,903.0,385.787,92650.05255
1757705760.0,240.11,240.11,239.93,239.93,1349.137,323851.0551,1237.0,462.943,111131.78187
1757705820.0,239.93,240.03,239.81,240.03,2142.307,513935.05001,1272.0,1298.481,311489.57681
1757705880.0,240.02,240.15,240.01,240.11,1336.294,320788.77723,1500.0,926.832,222493.27673
1757705940.0,240.11,240.27,240.07,240.27,1585.226,380714.95069,1714.0,929.687,223278.26068
1757706000.0,240.26,240.5,240.26,240.36,5268.544,1266396.27319,1845.0,2782.388,668771.65667
1757706060.0,240.37,240.51,240.34,240.47,3305.273,794787.48224,1554.0,2777.913,667980.47172
1757706120.0,240.46,240.61,240.46,240.61,1256.206,302155.89412,1283.0,893.715,214974.45848
1757706180.0,240.61,240.71,240.57,240.69,9120.184,2194777.18753,1177.0,8316.3,2001318.66593
1757706240.0,240.68,240.75,240.61,240.64,1150.58,276910.59372,984.0,517.555,124563.01759
1757706300.0,240.65,240.83,240.6,240.83,1713.438,412469.99778,1246.0,1028.162,247531.5385
1757706360.0,240.83,241.07,240.79,241.06,5331.117,1284638.95468,1665.0,4952.267,1193398.50073
1757706420.0,241.06,241.12,240.93,240.93,5901.01,1422537.99422,1512.0,3865.269,931804.56561
1757706480.0,240.92,240.92,240.69,240.69,1805.603,434739.42913,1293.0,870.646,209622.44505
1757706540.0,240.7,240.97,240.58,240.85,2544.65,612650.35723,1610.0,1647.083,396590.91779
1757706600.0,240.86,240.95,240.58,240.62,3154.491,759391.29469,1356.0,1443.002,347395.70027
1757706660.0,240.62,241.1,240.61,241.07,3291.155,793125.26882,1361.0,2447.295,589757.05907
1757706720.0,241.07,241.15,240.98,241.06,4495.572,1083760.54189,1667.0,1453.365,350338.92102
1757706780.0,241.06,241.06,240.91,241.06,2240.581,539983.45731,1303.0,1340.548,323063.40103
1757706840.0,241.05,241.14,240.94,241.14,1852.881,446675.40818,1185.0,1122.935,270700.82465
1757706900.0,241.13,241.13,240.93,241.05,5076.571,1223609.23617,2137.0,1410.235,339895.37607
1757706960.0,241.05,241.16,241.0,241.09,3929.674,947396.1907,1060.0,3252.79,784218.44124
1757707020.0,241.09,241.26,241.02,241.25,4987.893,1202844.86947,1406.0,4337.512,1046061.65056
1757707080.0,241.26,241.26,241.12,241.13,1606.721,387495.75817,960.0,292.973,70653.28234
1757707140.0,241.13,241.17,240.77,241.0,3542.28,853566.36721,2379.0,1442.006,347427.65517
1757707200.0,241.0,241.0,240.47,240.66,4178.301,1005661.95591,2623.0,2288.592,550835.42153
1757707260.0,240.65,240.65,240.25,240.25,4270.29,1026911.89612,1950.0,1110.764,267153.18943
1757707320.0,240.25,240.32,240.02,240.25,3393.042,814906.54395,2585.0,1491.029,358130.69389
1757707380.0,240.25,240.54,240.25,240.49,1665.519,400448.57323,1990.0,1281.294,308059.70135
1757707440.0,240.49,240.49,240.2,240.36,7067.61,1698091.72813,1117.0,3092.608,742929.74614
1757707500.0,240.36,240.52,240.23,240.28,2611.924,627785.43723,1810.0,1317.921,316724.1818
1757707560.0,240.28,240.59,240.23,240.58,1150.6,276593.0568,1381.0,758.512,182339.51289
1757707620.0,240.58,241.12,240.58,241.11,5000.957,1204413.36729,2449.0,4005.301,964675.47687
1757707680.0,241.11,241.13,240.93,241.07,3162.719,762378.22056,1810.0,1620.707,390662.67352
1757707740.0,241.07,241.14,241.05,241.14,1567.858,377983.91757,752.0,1128.273,272009.17715
1757707800.0,241.15,241.24,241.08,241.22,2738.787,660427.65557,1255.0,1731.831,417578.41612
1757707860.0,241.22,241.23,241.13,241.14,3093.796,746246.39456,647.0,1430.523,345062.55187
1757707920.0,241.14,241.14,240.96,241.06,1242.419,299487.63385,704.0,512.328,123490.57938
1757707980.0,241.06,241.07,240.05,240.26,15463.518,3720483.70813,3081.0,3819.199,917911.41282
1757708040.0,240.27,240.41,240.16,240.19,3107.494,746614.55081,2229.0,1127.348,270863.42957
1757708100.0,240.2,240.23,239.93,240.03,6012.176,1443334.7627,2082.0,1561.885,374976.76564
1757708160.0,240.02,240.02,239.8,239.94,9635.685,2312005.83146,2071.0,6370.226,1528566.35554
1757708220.0,239.94,240.07,239.7,239.82,3512.351,842568.04892,2977.0,874.215,209686.21305
1757708280.0,239.82,239.86,239.7,239.83,2383.91,571580.21655,1347.0,1556.26,373114.04059
1757708340.0,239.82,239.85,239.68,239.7,2443.577,585889.63995,1330.0,881.952,211467.70545
1757708400.0,239.7,239.88,239.51,239.87,3998.857,958487.41526,2881.0,2099.967,503380.0666
1757708460.0,239.87,239.87,239.64,239.7,2828.505,678044.97545,2004.0,769.863,184541.06001
1757708520.0,239.7,239.87,239.65,239.75,1374.029,329404.29791,1710.0,651.084,156094.76638
1757708580.0,239.75,239.92,239.75,239.9,1009.248,242062.46906,1013.0,817.333,196034.40912
1757708640.0,239.91,240.0,239.91,240.0,1284.854,308331.80759,649.0,795.071,190793.97075
1757708700.0,240.0,240.01,239.74,239.74,3990.638,957237.37595,1715.0,1629.238,390761.98101
1757708760.0,239.74,239.78,239.66,239.72,3461.97,829902.62315,1506.0,1247.668,299085.1419
1757708820.0,239.73,239.75,239.0,239.23,17652.157,4223863.50454,4455.0,5053.075,1208808.94153
1757708880.0,239.22,239.25,239.0,239.19,5266.752,1259496.74337,2156.0,1077.86,257747.69073
1757708940.0,239.19,239.38,239.12,239.37,2350.909,562521.8988,1613.0,1294.263,309689.88394
1757709000.0,239.37,239.49,239.35,239.41,1797.377,430335.65206,1592.0,1066.482,255355.3986
1757709060.0,239.42,239.49,239.18,239.18,2707.702,648054.21092,2138.0,702.708,168166.8286
1757709120.0,239.19,239.3,239.16,239.29,1604.999,383978.93577,1195.0,862.448,206329.47003
1757709180.0,239.28,239.36,239.11,239.2,2377.555,568806.9426,1831.0,1396.191,334014.94306
1757709240.0,239.19,239.36,239.17,239.36,1144.864,273910.41107,655.0,616.269,147457.33266
1757709300.0,239.35,239.48,239.35,239.48,1354.185,324165.17524,585.0,1166.597,279261.90681
1757709360.0,239.48,239.62,239.41,239.52,7582.022,1815685.35507,1445.0,1490.942,357120.83227
1757709420.0,239.51,239.72,239.49,239.67,1100.929,263766.51859,899.0,712.666,170753.05951
1757709480.0,239.68,239.91,239.64,239.9,2004.427,480603.06856,1306.0,1727.808,414294.06392
1757709540.0,239.91,239.92,239.73,239.82,2243.056,537965.79217,957.0,682.99,163803.3071
1757709600.0,239.83,239.97,239.83,239.94,2103.169,504614.6185,821.0,1827.135,438386.32006
1757709660.0,239.93,240.0,239.61,239.68,3207.216,769248.41541,1786.0,1211.875,290706.00363
1757709720.0,239.67,239.68,239.42,239.5,4097.447,981355.54028,1391.0,1654.239,396173.5832
1757709780.0,239.49,239.66,239.49,239.65,1377.839,330103.75711,942.0,1179.728,282638.16306
1757709840.0,239.66,239.83,239.66,239.83,1520.408,364536.9829,991.0,1161.906,278578.81871
1757709900.0,239.83,240.04,239.8,240.03,2865.881,687598.97483,1458.0,1784.881,428243.7034
1757709960.0,240.04,240.09,239.89,239.99,1461.061,350620.5157,1310.0,475.41,114105.30938
1757710020.0,239.99,240.1,239.95,239.96,2193.806,526576.30077,905.0,1412.339,338994.19345
1757710080.0,239.96,240.44,239.93,240.42,9234.458,2218383.35141,2230.0,7779.471,1868800.75401
1757710140.0,240.42,240.59,240.08,240.2,7175.301,1725032.67751,2193.0,4815.186,1157763.08926
1757710200.0,240.19,240.24,240.05,240.1,2703.05,649169.24098,1614.0,650.695,156245.83906
1757710260.0,240.1,240.11,239.93,240.09,2003.452,480841.32698,1444.0,986.27,236717.54044
1757710320.0,240.1,240.1,239.9,239.97,2009.369,482174.81894,1303.0,390.33,93659.30453
1757710380.0,239.98,240.1,239.95,239.95,2128.237,510832.70778,1471.0,1175.712,282198.982
1757710440.0,239.95,240.02,239.86,239.92,2004.077,480855.67892,1231.0,839.295,201389.35787
1757710500.0,239.92,240.0,239.89,239.94,1339.704,321455.54435,1206.0,530.582,127309.11198
1757710560.0,239.94,239.94,239.85,239.9,1612.736,386903.60071,732.0,332.51,79765.15167
1757710620.0,239.9,239.9,239.55,239.64,3469.326,831690.55227,1505.0,556.118,133284.59232
1757710680.0,239.64,239.64,239.49,239.52,1396.934,334628.36277,908.0,360.714,86402.61934
1757710740.0,239.51,239.76,239.51,239.72,1014.596,243181.28998,1249.0,391.824,93890.54556
1757710800.0,239.72,239.74,239.27,239.52,2156.888,516559.21943,1903.0,395.203,94628.65857
1757710860.0,239.52,239.59,239.19,239.24,2571.092,615459.05557,1846.0,671.347,160668.06766
1757710920.0,239.24,239.31,239.1,239.11,3649.871,873071.53526,2064.0,1299.56,310871.2931
1757710980.0,239.1,239.14,239.0,239.14,2243.092,536189.4926,1192.0,420.568,100539.20416
1757711040.0,239.14,239.15,239.01,239.01,1645.116,393283.6385,1084.0,561.227,134167.07195
1757711100.0,239.01,239.02,238.56,238.78,6223.231,1485941.5596,2929.0,1435.746,342691.00617
1757711160.0,238.78,238.91,238.57,238.57,4787.89,1143121.10449,2676.0,1684.899,402321.19121
1757711220.0,238.58,238.8,238.47,238.69,2320.751,553663.40677,1989.0,1109.773,264776.6554
1757711280.0,238.69,238.74,238.56,238.56,2503.884,597575.76364,1113.0,606.514,144745.23003
1757711340.0,238.56,238.58,238.33,238.58,2724.8,649744.17673,1567.0,494.434,117899.2263
1757711400.0,238.57,238.77,238.57,238.7,6177.505,1474665.95595,1428.0,1864.556,444992.84176
1757711460.0,238.7,238.89,238.7,238.8,2591.511,618899.11581,846.0,1733.364,413960.87011
1757711520.0,238.79,238.87,238.72,238.85,2025.646,483751.36394,1019.0,1229.052,293522.4967
1757711580.0,238.85,238.91,238.77,238.82,5768.423,1377707.7401,881.0,1905.639,455123.61797
1757711640.0,238.82,238.9,238.82,238.89,1185.466,283169.02192,650.0,1037.525,247829.84863
1757711700.0,238.89,239.3,238.72,239.21,8102.151,1936049.51424,2747.0,5761.196,1376927.4601
1757711760.0,239.22,239.65,239.09,239.64,28890.736,6918138.88212,2941.0,9814.08,2349550.60875
1757711820.0,239.64,240.19,239.64,240.02,11021.13,2644566.7741,5189.0,6987.194,1676494.67096
1757711880.0,240.01,240.06,239.89,239.94,2774.336,665807.16835,1038.0,1481.35,355550.2973
1757711940.0,239.93,239.94,239.81,239.89,2599.038,623444.27765,1086.0,823.632,197558.50878
1757712000.0,239.9,239.95,239.84,239.89,1540.425,369566.074,813.0,540.25,129613.06064
1757712060.0,239.89,239.98,239.64,239.82,2393.629,573898.27729,1831.0,1189.204,285072.28217
1757712120.0,239.82,239.99,239.72,239.93,2019.375,484446.76396,1413.0,830.983,199332.3159
1757712180.0,239.94,240.09,239.93,240.09,588.158,141142.99759,496.0,395.991,95028.24885
1757712240.0,240.09,240.2,240.05,240.05,1672.974,401731.91319,1190.0,510.745,122645.2372
1757712300.0,240.06,240.22,240.02,240.04,1960.992,470935.96097,1268.0,1099.868,264137.86592
1757712360.0,240.04,240.12,240.0,240.08,830.021,199254.63882,1031.0,433.149,103981.08788
1757712420.0,240.08,240.12,240.02,240.02,1113.421,267291.40725,591.0,143.794,34522.09755
1757712480.0,240.03,240.23,240.0,240.16,1539.619,369696.48328,1359.0,1067.521,256320.47479
1757712540.0,240.16,240.27,240.14,240.26,1898.045,455980.45585,755.0,1326.825,318749.77317
1757712600.0,240.27,240.27,239.93,240.07,2344.298,562757.08659,2028.0,1309.806,314372.81104
1757712660.0,240.06,240.26,240.05,240.25,1683.944,404381.66828,1367.0,964.542,231618.09444
1757712720.0,240.25,240.3,239.89,239.92,2530.043,607432.66343,1849.0,1346.844,323365.84151
1757712780.0,239.92,239.93,239.76,239.77,1327.028,318212.2993,721.0,426.236,102201.35787
1757712840.0,239.78,239.8,239.66,239.8,1961.822,470384.38639,933.0,1439.44,345137.33913
1757712900.0,239.79,239.98,239.79,239.89,2554.922,612918.5135,1222.0,1621.5,388958.61059
1757712960.0,239.89,239.89,239.81,239.84,1317.43,316000.43089,725.0,261.466,62711.7118
1757713020.0,239.84,239.85,239.75,239.76,1313.488,314973.12171,652.0,800.66,192001.31636
1757713080.0,239.75,239.79,239.65,239.78,1571.406,376672.51062,1040.0,966.009,231556.22226
1757713140.0,239.78,239.79,239.65,239.74,1018.137,244059.88141,707.0,424.699,101799.87105
1757713200.0,239.74,239.8,239.64,239.65,735.97,176426.56307,893.0,245.932,58952.48655
1757713260.0,239.65,239.66,239.65,239.66,669.563,160463.84217,137.0,306.922,73556.92652
1757713320.0,239.66,239.66,239.52,239.59,982.222,235306.88962,773.0,642.475,153907.96257
1757713380.0,239.6,239.6,239.53,239.54,597.238,143079.15121,367.0,218.179,52272.51236
1757713440.0,239.54,239.55,239.5,239.51,1207.965,289330.37573,449.0,256.983,61557.54394
1757713500.0,239.5,239.51,239.3,239.49,2037.609,487798.68241,1967.0,594.676,142365.92084
1757713560.0,239.49,239.64,239.49,239.63,552.68,132418.44113,569.0,395.912,94867.85971
1757713620.0,239.64,239.8,239.63,239.72,743.88,178320.03498,901.0,455.822,109264.06538
1757713680.0,239.72,239.8,239.69,239.8,398.962,95652.28899,492.0,255.105,61163.70342
1757713740.0,239.8,239.88,239.79,239.87,511.156,122594.35458,620.0,479.997,115121.20598
1757713800.0,239.87,239.9,239.7,239.7,1447.372,347033.72773,698.0,280.345,67214.41547
1757713860.0,239.71,239.71,239.7,239.71,1233.004,295556.29707,308.0,523.827,125566.57017
1757713920.0,239.7,239.91,239.69,239.8,793.103,190181.10295,1213.0,407.003,97574.56514
1757713980.0,239.79,239.91,239.79,239.91,959.326,230107.85962,744.0,595.4,142820.4613
1757714040.0,239.91,240.08,239.9,240.07,2080.786,499323.32986,735.0,2039.261,489358.54399
1757714100.0,240.07,240.3,240.07,240.29,1686.302,405036.74346,820.0,1353.186,325031.249
1757714160.0,240.29,240.3,240.2,240.21,627.637,150778.92036,527.0,171.962,41310.80545
1757714220.0,240.21,240.23,240.2,240.22,497.753,119565.67843,314.0,310.874,74676.45783
1757714280.0,240.23,240.29,240.15,240.15,859.224,206419.35898,848.0,325.651,78231.96808
1757714340.0,240.15,240.15,239.94,240.11,1305.14,313237.25624,1504.0,895.548,214924.6495
1757714400.0,240.12,240.31,240.11,240.22,2785.607,669297.6968,1347.0,1398.236,335943.96589
1757714460.0,240.23,240.44,240.22,240.31,4450.475,1069657.05025,1232.0,3884.713,933673.50066
1757714520.0,240.31,240.57,240.3,240.46,4262.015,1024690.03143,3482.0,3158.248,759268.18827
1757714580.0,240.46,241.07,240.46,240.72,10089.743,2429904.50786,4900.0,7683.553,1850353.36581
1757714640.0,240.71,241.02,240.71,241.0,3868.461,931906.6414,2375.0,1926.106,463905.50114
1757714700.0,241.01,241.25,240.98,241.15,6590.006,1588950.67856,2716.0,4009.47,966734.07127
1757714760.0,241.15,241.29,241.14,241.29,1459.02,351970.94138,1143.0,1069.64,258038.55499
1757714820.0,241.28,241.41,241.27,241.34,2633.147,635500.1342,1771.0,1293.019,312075.33813
1757714880.0,241.34,241.34,241.22,241.25,687.02,165766.96053,1152.0,269.794,65095.32571
1757714940.0,241.26,241.5,241.21,241.28,11716.388,2828917.63726,1989.0,9709.35,2344328.49797
1757715000.0,241.28,241.62,241.27,241.51,10570.393,2553149.43879,2039.0,9450.789,2282759.80144
1757715060.0,241.52,241.72,241.47,241.51,5006.541,1209481.43606,2364.0,2367.532,571977.5594
1757715120.0,241.52,241.73,241.48,241.69,1263.345,305294.32024,1230.0,899.413,217350.05454
1757715180.0,241.7,242.0,241.7,241.96,11203.122,2710499.3436,3213.0,8833.091,2137097.19279
1757715240.0,241.97,241.97,241.68,241.9,3086.832,746516.19462,2162.0,1746.311,422284.14674
1757715300.0,241.9,244.0,241.88,243.26,87604.023,21290198.36129,20022.0,64183.807,15589619.50424
1757715360.0,243.26,243.81,243.18,243.41,13086.984,3186279.48094,8017.0,6557.489,1596545.46389
1757715420.0,243.4,243.74,243.25,243.54,5470.3,1332159.15678,4730.0,3002.027,730989.35824
1757715480.0,243.54,243.68,242.89,242.97,7317.475,1780523.98911,6091.0,3072.795,747862.57227
1757715540.0,242.97,243.97,242.95,243.78,15062.953,3670241.18308,6440.0,9745.242,2374368.79326
1757715600.0,243.78,243.97,243.59,243.62,5097.988,1242661.58632,5763.0,2527.486,616121.72784
1757715660.0,243.62,244.04,243.28,243.75,17638.197,4300015.45871,9910.0,11069.462,2698974.0491
1757715720.0,243.76,243.76,243.35,243.41,5675.729,1382351.99507,4201.0,2213.008,538971.57341
1757715780.0,243.4,243.63,243.14,243.4,7366.645,1793106.15683,4554.0,4854.742,1181878.05456
1757715840.0,243.4,243.58,243.22,243.58,2678.946,652005.31015,2834.0,1811.61,440906.86762
1757715900.0,243.59,243.59,243.15,243.23,2420.734,588921.55614,1792.0,853.146,207541.40548
1757715960.0,243.24,243.39,243.0,243.39,4718.138,1147138.96424,2528.0,2222.491,540432.05722
1757716020.0,243.39,243.67,243.39,243.59,6061.242,1476250.73681,2407.0,3963.688,965361.22282
1757716080.0,243.58,243.58,243.31,243.35,1705.82,415221.38713,1192.0,560.642,136445.78212
1757716140.0,243.34,243.38,243.19,243.28,2271.87,552711.56967,1220.0,1054.449,256538.5179
1757716200.0,243.28,243.29,243.04,243.24,2908.623,707220.90655,1570.0,1000.386,243251.24336
1757716260.0,243.24,243.32,243.04,243.04,2123.782,516506.43621,1673.0,996.045,242261.61475
1757716320.0,243.05,243.05,242.83,242.85,3612.208,877571.63067,2596.0,916.677,222700.57229
1757716380.0,242.85,243.28,242.82,243.25,1929.934,469223.37098,1892.0,724.798,176177.43042
1757716440.0,243.25,243.46,243.21,243.42,1838.481,447351.69092,1714.0,1371.906,333817.06998
1757716500.0,243.41,243.55,243.32,243.32,1117.633,272093.8919,1786.0,500.619,121875.82548
1757716560.0,243.31,243.4,243.14,243.29,4175.175,1015810.42017,2062.0,1839.363,447477.11006
1757716620.0,243.29,243.29,242.77,242.86,5518.821,1340767.44944,2527.0,1776.888,431621.93838
1757716680.0,242.87,242.87,242.65,242.69,3231.579,784457.10407,1427.0,642.935,156039.83238
1757716740.0,242.69,242.69,242.24,242.33,4302.537,1043094.48527,2288.0,487.075,118071.3433
1757716800.0,242.32,242.33,241.94,241.97,4423.809,1071177.29325,3018.0,1175.908,284828.72815
1757716860.0,241.97,242.05,241.84,242.04,2405.46,581932.68342,2014.0,1070.096,258871.88902
1757716920.0,242.03,242.23,242.01,242.09,1970.94,477189.90168,2419.0,1041.699,252219.60197
1757716980.0,242.1,242.28,242.09,242.2,1161.964,281421.20393,1109.0,582.093,140973.88212
1757717040.0,242.2,242.3,242.06,242.2,1848.149,447519.94511,1705.0,1278.098,309477.90137
1757717100.0,242.19,242.21,241.68,241.72,5273.781,1275802.10461,1862.0,1382.976,334496.60586
1757717160.0,241.72,241.74,241.26,241.34,8100.169,1956326.10236,3914.0,1261.836,304627.49908
1757717220.0,241.34,241.34,241.11,241.17,3552.926,856987.71036,2663.0,1165.411,281094.22955
1757717280.0,241.17,241.23,240.92,241.07,6123.412,1476198.67699,2877.0,1798.682,433633.02292
1757717340.0,241.07,241.29,240.85,241.21,3693.663,890580.29307,2579.0,2474.507,596680.25448
1757717400.0,241.21,241.31,241.06,241.29,2143.462,516950.53762,2343.0,716.346,172768.00844
1757717460.0,241.29,241.48,241.2,241.48,2184.444,527264.2122,1482.0,1465.797,353818.91035
1757717520.0,241.48,241.53,241.3,241.39,4151.938,1002346.55025,1912.0,934.071,225478.83144
1757717580.0,241.39,241.56,241.39,241.48,1359.267,328250.90781,1063.0,684.53,165304.3997
1757717640.0,241.47,241.65,241.47,241.55,2470.861,596892.6748,1349.0,1696.483,409835.97174
1757717700.0,241.56,241.56,241.32,241.33,1917.231,462846.16381,890.0,445.852,107617.66916
1757717760.0,241.33,241.52,241.2,241.46,3334.804,804888.04843,2025.0,2093.294,505259.93441
1757717820.0,241.47,241.47,241.24,241.43,1208.489,291683.61825,1277.0,1035.083,249830.54328
1757717880.0,241.43,241.51,241.3,241.31,1414.527,341459.31365,1197.0,604.268,145851.21408
1757717940.0,241.3,241.3,241.12,241.16,1239.803,299010.90171,906.0,340.805,82196.21911
1757718000.0,241.16,241.23,241.04,241.04,3272.897,789214.86352,1127.0,1122.572,270751.73203
1757718060.0,241.03,241.05,240.9,240.9,1830.496,441167.4546,989.0,378.56,91239.43036
1757718120.0,240.9,240.93,240.75,240.91,1891.048,455448.79233,2129.0,1175.726,283162.85339
1757718180.0,240.91,241.07,240.84,240.89,877.142,211376.08047,1115.0,578.747,139463.89553
1757718240.0,240.88,240.91,240.76,240.83,1173.653,282658.14921,771.0,390.181,93958.6509
1757718300.0,240.83,240.89,240.45,240.59,6260.025,1506453.1125,2547.0,1811.007,435691.84581
1757718360.0,240.59,240.8,240.51,240.67,2012.148,484306.03474,1453.0,922.328,221940.79093
1757718420.0,240.68,240.84,240.56,240.57,1057.741,254610.95279,1182.0,360.045,86674.80086
1757718480.0,240.56,240.56,240.32,240.48,3025.276,727272.95361,2596.0,1691.691,406668.3443
1757718540.0,240.49,240.59,240.48,240.51,1981.978,476765.27518,756.0,1409.538,339069.47836
1757718600.0,240.51,240.51,240.22,240.25,1991.123,478553.68693,1242.0,681.18,163711.27037
1757718660.0,240.25,240.32,240.2,240.22,1496.016,359405.44219,1289.0,789.583,189690.80238
1757718720.0,240.22,240.23,240.0,240.09,3974.179,954086.15209,2135.0,1167.216,280228.04793
1757718780.0,240.09,240.3,240.09,240.21,2930.617,703913.96012,1245.0,2471.235,593574.14457
1757718840.0,240.22,240.52,240.21,240.42,2937.705,706256.67985,1512.0,2357.517,566754.38183
1757718900.0,240.42,240.65,240.29,240.64,3979.298,956770.28856,1900.0,3159.193,759605.67963
1757718960.0,240.65,240.69,240.37,240.37,4705.444,1131801.98196,1670.0,2326.694,559630.30794
1757719020.0,240.38,240.72,240.35,240.72,4475.947,1076475.61325,1717.0,3943.792,948480.10363
1757719080.0,240.71,240.79,240.66,240.75,3714.117,894113.80656,1243.0,2372.25,571076.74627
1757719140.0,240.75,240.89,240.75,240.75,1609.555,387599.93122,1017.0,1209.013,291141.01201
1757719200.0,240.76,240.95,240.76,240.82,2830.26,681794.3202,1039.0,2171.478,523109.74162
1757719260.0,240.82,241.05,240.75,240.84,2240.866,539889.9619,1760.0,1565.564,377205.59583
1757719320.0,240.83,240.84,240.67,240.77,1601.515,385569.00696,1109.0,831.939,200285.98124
1757719380.0,240.77,240.84,240.75,240.84,1314.3,316448.37689,1098.0,701.506,168905.6515
1757719440.0,240.84,241.09,240.84,241.08,2431.938,586028.07266,1327.0,2315.636,558008.62098
1757719500.0,241.09,241.22,240.91,241.08,4195.371,1011548.5028,1515.0,3135.109,755932.45567
1757719560.0,241.08,241.29,241.07,241.17,2449.126,590646.12424,1483.0,1584.843,382199.15618
1757719620.0,241.17,241.3,241.12,241.23,960.789,231728.95002,871.0,468.993,113118.39044
1757719680.0,241.23,241.58,241.23,241.58,7213.995,1741990.23867,2364.0,5374.974,1297919.74799
1757719740.0,241.57,241.75,241.52,241.62,4815.968,1163503.38612,1403.0,3851.232,930428.20714
1757719800.0,241.61,241.9,241.31,241.84,7753.784,1874100.47663,2866.0,5191.849,1254834.80763
1757719860.0,241.85,242.36,241.85,242.14,11832.684,2864493.92342,4246.0,8306.65,2010636.3339
1757719920.0,242.14,242.15,241.93,241.98,7033.411,1702170.99953,1012.0,4644.683,1124032.63188
1757719980.0,241.99,242.14,241.89,242.14,2641.832,639345.26171,1113.0,2230.226,539738.34785
1757720040.0,242.14,242.47,242.13,242.38,3609.888,874811.43631,1425.0,3076.51,745538.87462
1757720100.0,242.38,242.6,242.36,242.37,2611.313,633132.53163,1844.0,1221.394,296129.22254
1757720160.0,242.36,242.43,242.29,242.33,2903.866,703781.46931,968.0,1114.556,270113.67002
1757720220.0,242.34,242.51,242.22,242.4,3056.465,740831.54195,1731.0,1630.082,395102.00744
1757720280.0,242.4,242.41,242.18,242.27,1605.717,389039.77759,819.0,495.353,120004.00376
1757720340.0,242.26,242.48,242.26,242.48,3227.98,782358.02606,1192.0,2023.274,490382.91626
1757720400.0,242.47,242.65,242.46,242.48,2693.551,653366.37143,1156.0,1542.365,374121.9216
1757720460.0,242.48,242.6,242.46,242.6,1954.792,474096.79212,978.0,1642.681,398408.98748
1757720520.0,242.59,242.7,242.53,242.61,4303.666,1044176.59685,1289.0,2828.495,686277.53993
1757720580.0,242.62,242.62,242.31,242.4,3483.311,844511.43453,1724.0,1476.569,357961.35943
1757720640.0,242.4,242.57,242.3,242.31,2569.886,623041.41722,1362.0,903.646,219100.10518
1757720700.0,242.3,242.53,242.21,242.52,2514.984,609437.76298,1210.0,1176.539,285112.01298
1757720760.0,242.51,242.51,242.29,242.29,2376.59,576043.64068,1338.0,1093.054,264923.75482
1757720820.0,242.29,242.34,242.1,242.18,2279.453,552067.45122,1188.0,827.537,200459.30093
1757720880.0,242.18,242.45,242.18,242.4,1324.572,320990.80082,724.0,1060.616,257003.53762
1757720940.0,242.4,242.44,242.3,242.38,2752.927,667285.36467,1212.0,926.333,224517.59024
1757721000.0,242.38,242.38,242.14,242.16,1229.679,297930.27662,1005.0,429.911,104172.84393
1757721060.0,242.16,242.2,241.9,242.03,4131.425,999836.5055,1315.0,1641.303,397136.71254
1757721120.0,242.04,242.1,241.94,242.05,3137.288,759261.46302,939.0,1269.812,307319.77064
1757721180.0,242.06,242.24,242.02,242.24,2090.903,506177.8326,982.0,631.576,152928.70176
1757721240.0,242.24,242.24,242.03,242.09,1380.113,334138.77116,997.0,852.495,206384.96278
1757721300.0,242.09,242.18,242.05,242.16,1417.036,343056.27205,765.0,1210.205,292977.88309
1757721360.0,242.16,242.24,242.05,242.18,1417.818,343312.84487,1270.0,914.991,221560.88948
1757721420.0,242.17,242.32,242.17,242.32,1817.341,440250.05913,929.0,1586.503,384335.59492
1757721480.0,242.32,242.35,242.2,242.21,1033.895,250479.4235,689.0,597.391,144718.9523
1757721540.0,242.22,242.22,242.15,242.18,577.52,139858.15171,394.0,373.434,90435.38712
1757721600.0,242.18,242.2,241.89,241.9,2028.663,491069.98434,876.0,929.988,225157.41811
1757721660.0,241.9,242.03,241.84,241.99,3299.395,798241.17859,1819.0,1689.276,408701.83858
1757721720.0,241.99,242.05,241.89,242.05,814.302,197047.01148,915.0,427.834,103523.92571
1757721780.0,242.04,242.05,241.85,241.94,2491.431,602754.06739,1285.0,972.498,235263.83209
1757721840.0,241.94,242.17,241.73,241.79,3406.389,824125.66754,2297.0,1484.641,359192.21681
1757721900.0,241.79,241.85,241.71,241.76,1893.973,457957.30217,1177.0,931.964,225345.28048
1757721960.0,241.77,241.82,241.64,241.64,1663.184,402051.65208,1152.0,1021.999,247065.92184
1757722020.0,241.64,241.96,241.63,241.96,1794.122,433792.37525,1373.0,1265.371,305922.09001
1757722080.0,241.95,242.04,241.91,242.03,4977.928,1204631.59548,1504.0,1926.547,466188.26941
1757722140.0,242.03,242.18,242.0,242.18,2246.041,543685.27008,705.0,1492.214,361240.2384
1757722200.0,242.17,242.23,242.05,242.23,2690.643,651465.499,1473.0,1389.0,336299.34855
1757722260.0,242.23,242.61,242.22,242.55,8978.369,2176686.52245,1808.0,7321.402,1774901.46121
1757722320.0,242.55,242.96,242.55,242.8,12665.355,3074992.70366,2810.0,11031.075,2678105.65741
1757722380.0,242.8,243.12,242.79,242.97,5823.799,1415293.77356,2823.0,4323.529,1050661.72899
1757722440.0,242.98,243.22,242.97,243.15,2611.275,634766.37469,1359.0,2257.464,548749.56909
1757722500.0,243.14,243.14,242.86,243.11,3111.111,756009.15722,2248.0,1462.16,355257.51066
1757722560.0,243.11,243.42,243.1,243.39,4961.41,1207153.34601,2238.0,3377.118,821675.41415
1757722620.0,243.38,243.42,243.22,243.38,2041.526,496745.50891,1674.0,1463.914,356205.86046
1757722680.0,243.39,243.5,243.28,243.32,3567.218,868317.37576,1514.0,2617.157,637055.73648
1757722740.0,243.32,243.56,243.31,243.55,4687.949,1141450.71332,1021.0,4117.423,1002530.09078
1757722800.0,243.55,243.74,243.32,243.36,8904.137,2168888.8393,2882.0,5813.151,1416003.30485
1757722860.0,243.37,243.41,242.98,243.02,4730.594,1150332.62523,2395.0,2419.455,588316.99985
1757722920.0,243.02,243.03,242.53,242.63,3683.141,894313.16875,2556.0,771.101,187238.63604
1757722980.0,242.63,243.02,242.52,243.02,2548.954,618773.31435,1802.0,2222.817,539634.93915
1757723040.0,243.01,243.2,242.85,243.19,4119.371,1001244.65376,1224.0,2887.156,701740.44428
1757723100.0,243.2,243.33,243.08,243.19,3378.205,821649.78449,1286.0,2203.244,535896.17566
1757723160.0,243.19,243.34,243.19,243.34,1264.708,307638.57611,948.0,942.976,229381.02407
1757723220.0,243.34,243.37,243.13,243.19,3149.0,765983.73362,1484.0,1280.568,311483.71676
1757723280.0,243.19,243.19,242.91,242.92,4442.047,1079461.92786,2119.0,2418.299,587638.48032
1757723340.0,242.92,243.05,242.85,242.91,1367.484,332246.35734,961.0,1058.456,257169.44268
1757723400.0,242.92,243.07,242.78,242.97,3933.369,955461.27782,1920.0,1055.54,256373.26991
1757723460.0,242.97,243.06,242.81,242.9,1836.009,446108.84753,1566.0,768.386,186677.49838
1757723520.0,242.91,243.18,242.91,243.18,844.852,205325.68352,1272.0,590.635,143542.68897
1757723580.0,243.18,243.34,243.05,243.09,3564.918,866880.48949,1929.0,1229.053,298903.54597
1757723640.0,243.09,243.14,243.0,243.04,1724.875,419265.33778,1438.0,843.314,204970.78749
1757723700.0,243.03,243.28,242.96,243.2,1064.583,258830.16302,1308.0,494.83,120283.10112
1757723760.0,243.21,243.21,243.02,243.04,1972.578,479600.08543,964.0,721.288,175371.80493
1757723820.0,243.04,243.19,243.04,243.15,1549.989,376832.38474,895.0,816.077,198382.99217
1757723880.0,243.15,243.15,243.02,243.11,1348.331,327752.25131,785.0,872.622,212102.6046
1757723940.0,243.1,243.13,242.97,242.98,976.46,237355.21861,888.0,528.306,128427.01543
1757724000.0,242.98,243.15,242.97,243.15,1520.526,369570.23553,1472.0,1271.879,309138.28295
1757724060.0,243.14,243.33,243.14,243.16,1827.476,444468.61471,1575.0,945.246,229893.15437
1757724120.0,243.16,243.24,242.99,243.0,2117.303,514814.81363,1067.0,1210.591,294365.0284
1757724180.0,243.0,243.06,242.87,243.06,1952.117,474267.76824,1274.0,850.184,206563.58808
1757724240.0,243.06,243.14,242.79,242.84,16613.394,4035820.63424,2203.0,7626.89,1852096.03536
1757724300.0,242.84,243.22,242.84,243.17,4214.886,1024824.36279,2077.0,3612.003,878227.27935
1757724360.0,243.18,243.27,243.09,243.2,5557.79,1351633.35301,1643.0,4618.582,1123228.96876
1757724420.0,243.19,243.29,243.05,243.2,2113.835,514046.58614,1537.0,1036.684,252101.77247
1757724480.0,243.2,243.25,242.99,243.0,7565.281,1839137.14334,2012.0,1482.238,360338.12642
1757724540.0,242.99,243.21,242.94,243.09,5256.623,1277731.05833,1856.0,3261.229,792617.89921
1757724600.0,243.1,243.27,243.07,243.14,1494.99,363559.26798,1094.0,769.026,186998.76675
1757724660.0,243.14,243.27,243.1,243.1,2225.507,541151.484,1294.0,987.963,240240.30062
1757724720.0,243.11,243.29,243.11,243.21,1203.763,292761.43015,1189.0,477.057,116008.3955
1757724780.0,243.22,243.3,243.22,243.24,2622.174,637910.09864,954.0,555.743,135201.08344
1757724840.0,243.24,243.53,243.23,243.53,2031.343,494450.82932,1145.0,1850.151,450339.2219
1757724900.0,243.52,243.7,243.49,243.62,10918.462,2659666.87024,1429.0,9820.032,2392097.2041
1757724960.0,243.62,243.75,243.62,243.75,2876.447,701038.58738,1541.0,1723.038,419930.1362
1757725020.0,243.74,243.75,243.52,243.57,3264.765,795388.02539,1635.0,1351.365,329184.18108
1757725080.0,243.58,243.58,243.43,243.45,3432.314,835847.71973,1081.0,1975.06,480953.53346
1757725140.0,243.45,243.45,243.14,243.16,4126.665,1003803.00883,1796.0,1931.832,469883.89459
1757725200.0,243.17,243.26,242.99,243.1,12832.829,3119374.92883,2029.0,5617.743,1365460.28868
1757725260.0,243.1,243.56,243.09,243.53,2780.36,676503.92974,1777.0,2641.75,642764.79399
1757725320.0,243.53,243.88,243.52,243.87,4471.667,1089552.23601,1715.0,3139.236,764965.76171
1757725380.0,243.87,243.97,243.79,243.79,3442.877,839777.17596,1895.0,1954.663,476768.93237
1757725440.0,243.79,243.99,243.78,243.99,6272.039,1530093.11692,1374.0,5940.608,1449238.33405
1757725500.0,243.99,244.03,243.9,243.94,4422.969,1079123.69581,1535.0,2876.86,701901.62588
1757725560.0,243.95,244.04,243.9,244.03,1774.27,432866.13561,1353.0,1391.233,339421.7213
1757725620.0,244.04,244.05,243.96,244.0,3624.739,884517.89988,984.0,1955.375,477156.71475
1757725680.0,244.0,244.14,243.96,244.06,6540.638,1596362.01341,1354.0,5587.817,1363822.51759
1757725740.0,244.06,244.14,243.77,243.91,5003.322,1220522.48218,2420.0,2205.821,538000.76415
1757725800.0,243.91,244.0,243.86,243.99,2372.26,578677.10531,1856.0,1702.105,415213.85848
1757725860.0,243.99,243.99,243.6,243.67,6858.467,1671518.42024,1950.0,862.535,210289.00128
1757725920.0,243.68,243.7,243.32,243.62,6558.843,1597389.1958,2885.0,2196.249,534815.88467
1757725980.0,243.63,243.8,243.55,243.79,2165.189,527565.50194,1530.0,912.297,222336.06852
1757726040.0,243.79,243.91,243.6,243.61,1728.852,421296.21903,1126.0,1019.064,248347.12744
1757726100.0,243.62,243.63,243.44,243.45,2955.866,719991.10613,1264.0,966.412,235382.22384
1757726160.0,243.44,243.47,243.33,243.37,3317.577,807511.22049,2121.0,2058.117,500942.20499
1757726220.0,243.37,243.95,243.37,243.95,6135.4,1494828.22951,2167.0,5589.454,1361880.87962
1757726280.0,243.94,243.99,243.69,243.69,2544.837,620591.49607,1497.0,1324.4,322943.77457
1757726340.0,243.68,243.69,243.63,243.69,1945.702,474098.71806,880.0,1572.51,383166.26073
1757726400.0,243.69,243.72,243.5,243.5,3236.066,788490.77238,964.0,1963.394,478451.30535
1757726460.0,243.51,243.51,243.3,243.31,4116.342,1001993.3149,1860.0,2021.01,491964.77139
1757726520.0,243.3,243.3,243.16,243.23,3560.477,865942.42416,1563.0,1565.822,380843.8759
1757726580.0,243.23,243.24,243.0,243.08,3014.931,732999.77609,1728.0,1295.483,314930.92109
1757726640.0,243.09,243.35,243.09,243.28,3666.106,891707.20948,1698.0,2431.903,591447.66772
1757726700.0,243.28,243.32,242.82,242.89,4531.958,1101375.4004,2170.0,1275.243,309816.36607
1757726760.0,242.88,243.01,242.88,242.89,1291.048,313659.29491,935.0,820.512,199332.9081
1757726820.0,242.89,242.98,242.79,242.8,1721.479,418082.17408,906.0,767.09,186318.50499
1757726880.0,242.8,242.91,242.77,242.78,2166.785,526157.18261,1157.0,794.201,192854.7318
1757726940.0,242.77,242.83,242.64,242.77,3814.905,926074.54833,1624.0,1492.562,362318.9754
1757727000.0,242.77,243.4,242.76,243.2,7183.172,1746132.65301,3041.0,6017.109,1462589.308
1757727060.0,243.21,243.39,243.2,243.31,2054.12,499737.23427,1693.0,1133.761,275814.91394
1757727120.0,243.3,243.33,243.21,243.26,1977.49,481047.82829,1091.0,1043.528,253850.8623
1757727180.0,243.27,243.27,243.18,243.23,2187.003,531911.5613,975.0,867.666,211032.08851
1757727240.0,243.23,243.36,243.23,243.33,1701.219,413908.69998,1042.0,1316.735,320365.7787
1757727300.0,243.32,243.35,243.28,243.28,629.734,153227.01524,723.0,399.646,97243.68189
1757727360.0,243.29,243.42,243.24,243.27,3074.12,748040.58083,1494.0,1958.835,476657.47648
1757727420.0,243.26,243.28,242.86,242.87,3103.517,754346.86674,1585.0,592.4,143927.5068
1757727480.0,242.86,243.0,242.8,242.92,2437.77,592045.90213,1271.0,1598.559,388243.18365
1757727540.0,242.91,242.95,242.82,242.92,1899.643,461428.34745,698.0,1437.996,349298.14307
1757727600.0,242.92,242.96,242.82,242.83,958.535,232815.73743,1006.0,430.939,104671.39164
1757727660.0,242.84,242.93,242.8,242.93,2074.574,503856.67601,1132.0,1748.967,424779.78815
1757727720.0,242.93,243.14,242.93,243.09,2021.451,491294.53335,1210.0,1119.532,272045.58517
1757727780.0,243.09,243.21,243.03,243.21,1589.851,386511.20526,1191.0,1255.134,305132.60816
1757727840.0,243.21,243.21,243.07,243.11,1653.213,401983.61238,788.0,701.01,170431.41328
1757727900.0,243.11,243.11,242.82,242.85,3205.998,778913.9378,1340.0,453.954,110255.96019
1757727960.0,242.85,243.03,242.83,242.99,2249.692,546542.87045,1196.0,1996.895,485127.6497
1757728020.0,242.99,243.0,242.87,242.88,784.342,190545.22781,602.0,321.624,78136.95736
1757728080.0,242.87,242.9,242.79,242.79,1109.864,269514.76268,592.0,764.559,185663.98496
1757728140.0,242.79,242.85,242.66,242.84,1717.048,416808.19825,1049.0,774.283,187951.84461
1757728200.0,242.83,242.87,242.58,242.6,2017.264,489591.07691,865.0,190.903,46330.31086
1757728260.0,242.61,242.65,242.25,242.29,3231.103,783395.16005,2058.0,780.643,189329.88702
1757728320.0,242.29,242.3,242.08,242.12,2218.041,537149.70585,1320.0,858.266,207848.76903
1757728380.0,242.11,242.14,242.03,242.12,3757.506,909637.69373,1480.0,1371.119,331923.15365
1757728440.0,242.13,242.13,241.88,241.89,4671.246,1130451.48203,2245.0,766.609,185550.44649
1757728500.0,241.89,242.14,241.89,241.99,1411.16,341541.00234,1501.0,1042.824,252396.58539
1757728560.0,241.98,242.08,241.97,241.98,1019.258,246692.30306,838.0,607.091,146939.05163
1757728620.0,241.98,242.05,241.89,241.9,2183.936,528418.86208,1076.0,966.959,233969.56588
1757728680.0,241.89,241.9,241.69,241.69,3843.499,929276.65896,1151.0,643.461,155579.38054
1757728740.0,241.7,241.77,241.58,241.62,3978.208,961500.22105,1207.0,3293.796,796097.79539
1757728800.0,241.62,241.67,241.35,241.36,6540.476,1579554.21876,2465.0,2433.056,587623.54179
1757728860.0,241.35,241.39,240.96,240.98,4749.064,1145159.96969,2897.0,1666.983,402067.65327
1757728920.0,240.97,241.12,240.84,240.89,3633.453,875610.12302,2295.0,1855.138,447051.87055
1757728980.0,240.89,240.97,240.68,240.97,3434.716,827128.09369,2938.0,1955.213,470851.12131
1757729040.0,240.96,241.12,240.9,240.91,12847.571,3096407.50238,2953.0,4026.163,970351.51331
1757729100.0,240.9,241.43,240.9,241.36,4970.355,1198954.33195,1755.0,4294.39,1035873.44125
1757729160.0,241.36,241.46,241.27,241.39,3820.803,922063.31444,1406.0,2942.062,709997.67746
1757729220.0,241.39,241.46,241.21,241.26,2020.565,487664.66919,1156.0,1059.829,255793.63046
1757729280.0,241.25,241.26,241.17,241.19,1372.193,330995.70137,861.0,951.578,229531.36161
1757729340.0,241.2,241.5,241.19,241.46,4006.059,966788.53023,1995.0,3127.044,754603.01412
1757729400.0,241.45,241.9,241.45,241.9,3906.105,943889.86339,2712.0,2764.212,668010.14241
1757729460.0,241.9,242.05,241.89,241.98,3354.12,811590.02926,1283.0,2418.174,585113.46815
1757729520.0,241.98,242.24,241.93,242.24,4053.81,981448.63792,2157.0,2441.545,591148.58861
1757729580.0,242.23,242.31,242.12,242.13,2955.209,715844.41326,1078.0,1782.289,431748.33469
1757729640.0,242.13,242.22,242.04,242.22,1548.88,374985.16551,804.0,1058.269,256213.10593
1757729700.0,242.21,242.26,241.99,242.12,4016.311,972466.24287,1620.0,801.916,194133.71552
1757729760.0,242.12,242.12,241.93,242.09,2164.492,523849.22465,1431.0,1336.14,323381.90076
1757729820.0,242.09,242.22,242.0,242.0,1482.991,359069.40659,1223.0,945.869,229022.83349
1757729880.0,242.0,242.19,241.99,242.16,4239.622,1026463.54534,1184.0,3523.184,853052.17885
1757729940.0,242.17,242.38,242.16,242.17,3899.755,945079.8934,1448.0,2935.83,711492.83062
1757730000.0,242.16,242.31,242.11,242.31,1182.636,286424.44797,1527.0,770.832,186690.31667
1757730060.0,242.31,242.49,242.31,242.34,3679.775,891970.55747,1268.0,2598.241,629813.19841
1757730120.0,242.35,242.65,242.3,242.56,4155.2,1007806.40147,1603.0,3396.95,823943.34414
1757730180.0,242.55,242.88,242.55,242.65,7557.035,1834224.30601,1551.0,6308.038,1531027.31878
1757730240.0,242.65,242.65,242.38,242.39,2625.989,636832.50658,684.0,579.308,140507.40589
1757730300.0,242.38,242.5,242.38,242.39,1555.014,376992.63552,939.0,823.531,199643.66059
1757730360.0,242.4,242.4,242.28,242.38,1927.095,467000.59756,713.0,597.636,144823.02367
1757730420.0,242.38,242.43,242.33,242.33,2475.533,599969.2364,668.0,1421.471,344491.91944
1757730480.0,242.34,242.61,242.34,242.59,972.458,235818.79323,1077.0,729.494,176909.35985
1757730540.0,242.58,242.59,242.41,242.41,715.444,173511.70418,614.0,238.458,57839.69712
1757730600.0,242.41,242.41,242.06,242.21,2291.312,555001.5594,1551.0,716.075,173432.49706
1757730660.0,242.22,242.24,242.08,242.15,1045.815,253265.61782,1077.0,560.367,135702.11992
1757730720.0,242.15,242.18,242.07,242.07,1166.917,282532.06432,635.0,344.991,83537.77519
1757730780.0,242.07,242.27,242.03,242.26,1683.972,407646.06666,1001.0,1379.453,333926.59036
1757730840.0,242.27,242.35,242.25,242.32,3999.095,969027.51932,831.0,2826.975,684990.31374
1757730900.0,242.33,242.35,242.19,242.29,971.932,235469.55139,753.0,491.049,118958.71761
1757730960.0,242.29,242.31,242.1,242.11,980.236,237425.24099,633.0,542.936,131504.40154
1757731020.0,242.12,242.36,242.12,242.36,473.574,114734.95453,646.0,399.538,96797.92917
1757731080.0,242.36,242.52,242.35,242.5,870.435,211043.06261,583.0,750.867,182053.90711
1757731140.0,242.5,242.54,242.42,242.48,575.012,139432.77332,670.0,354.771,86026.02436
1757731200.0,242.49,242.49,242.24,242.34,2922.191,708199.33731,1183.0,1278.743,309877.10568
1757731260.0,242.34,242.38,242.22,242.37,635.26,153939.1298,765.0,295.253,71546.31117
1757731320.0,242.38,242.44,242.33,242.44,1204.164,291874.51612,619.0,939.077,227628.15464
1757731380.0,242.44,242.61,242.28,242.51,6892.37,1671381.15086,1304.0,5847.699,1418172.63303
1757731440.0,242.51,242.54,242.38,242.39,1387.067,336317.03556,744.0,636.945,154444.28478
1757731500.0,242.38,242.42,242.33,242.36,1058.342,256519.98276,584.0,323.738,78470.83665
1757731560.0,242.36,242.48,242.35,242.47,1136.246,275457.15571,757.0,856.88,207738.69375
1757731620.0,242.48,242.48,242.39,242.45,1115.186,270371.7386,562.0,510.038,123659.15169
1757731680.0,242.46,242.49,242.27,242.29,2398.559,581306.60136,854.0,1654.644,401024.30903
1757731740.0,242.29,242.35,242.18,242.2,4472.235,1083570.41762,1210.0,3239.413,784928.38605
1757731800.0,242.2,242.24,242.0,242.08,1446.696,350269.04555,1261.0,720.125,174361.33673
1757731860.0,242.08,242.23,242.0,242.22,1211.57,293271.16877,976.0,595.762,144213.4755
1757731920.0,242.23,242.32,242.04,242.05,1505.825,364705.67451,1304.0,644.681,156153.18628
1757731980.0,242.05,242.11,242.05,242.1,810.845,196269.19258,519.0,362.667,87787.25249
1757732040.0,242.11,242.2,242.05,242.13,846.625,204981.75725,937.0,386.084,93477.1163
1757732100.0,242.14,242.14,242.0,242.14,1119.785,271036.69717,798.0,639.542,154804.76603
1757732160.0,242.14,242.27,242.13,242.26,1105.18,267686.3309,859.0,822.52,199215.30084
1757732220.0,242.26,242.26,242.13,242.17,532.838,129040.31855,523.0,307.074,74362.17972
1757732280.0,242.16,242.31,242.16,242.28,849.374,205772.93059,670.0,296.358,71787.15789
1757732340.0,242.29,242.52,242.28,242.51,4464.157,1082345.3882,1002.0,4132.15,1001868.76631
1757732400.0,242.51,242.51,242.21,242.21,1816.166,440138.45135,1481.0,536.455,129982.61931
1757732460.0,242.22,242.23,242.08,242.08,1326.459,321222.93101,877.0,722.606,174991.81085
1757732520.0,242.09,242.17,242.02,242.03,1695.253,410384.91659,1397.0,1024.599,248046.16829
1757732580.0,242.02,242.1,242.02,242.1,1001.918,242512.32743,714.0,622.502,150677.09658
1757732640.0,242.09,242.3,242.09,242.3,1138.846,275835.5523,1008.0,999.408,242060.06193
1757732700.0,242.3,242.31,242.02,242.02,717.34,173741.07334,687.0,270.293,65471.61897
1757732760.0,242.03,242.03,241.9,241.99,2036.375,492751.33885,974.0,837.627,202685.97452
1757732820.0,241.98,242.0,241.84,241.99,1453.488,351619.08359,881.0,386.557,93516.48664
1757732880.0,241.99,242.31,241.99,242.26,1387.864,336080.31236,1009.0,1057.531,256087.73908
1757732940.0,242.26,242.34,242.14,242.31,2306.925,558911.38021,1152.0,2069.825,501468.54034
1757733000.0,242.3,242.3,242.25,242.26,212.095,51381.98819,191.0,138.707,33603.15782
1757733060.0,242.26,242.39,242.25,242.39,2567.812,622321.94379,762.0,2168.036,525425.29231
1757733120.0,242.39,242.57,242.39,242.53,2463.253,597256.25816,980.0,2023.689,490661.78218
1757733180.0,242.53,242.61,242.35,242.36,932.761,226176.7305,775.0,302.232,73294.6247
1757733240.0,242.35,242.36,242.17,242.17,1851.876,448606.77774,1033.0,709.088,171769.70032
1757733300.0,242.17,242.18,242.02,242.18,1576.715,381681.07194,1459.0,994.983,240864.53999
1757733360.0,242.17,242.23,242.12,242.13,832.485,201591.88257,487.0,675.565,163591.25537
1757733420.0,242.13,242.39,242.13,242.39,1407.306,340966.69136,1353.0,888.633,215276.32943
1757733480.0,242.39,242.57,242.39,242.54,1671.679,405407.92004,1349.0,1337.243,324315.68463
1757733540.0,242.53,242.6,242.44,242.48,1191.189,288895.46535,933.0,962.204,233360.94032
1757733600.0,242.47,242.58,242.44,242.51,1339.803,324935.52217,1191.0,739.804,179411.87124
1757733660.0,242.52,242.57,242.44,242.56,723.468,175459.45797,873.0,534.917,129732.06885
1757733720.0,242.57,242.57,242.33,242.39,1690.522,409837.33987,940.0,421.837,102251.28965
1757733780.0,242.39,242.41,242.3,242.38,2053.663,497742.21646,801.0,1103.856,267538.6165
1757733840.0,242.39,242.44,242.35,242.39,1961.353,475415.25531,643.0,1316.206,319040.47205
1757733900.0,242.39,242.43,242.33,242.34,2141.369,519052.55084,697.0,1203.912,291821.38258
1757733960.0,242.33,242.47,242.33,242.45,937.643,227312.6592,1017.0,502.999,121938.46003
1757734020.0,242.45,242.67,242.45,242.64,1379.163,334602.25373,826.0,916.585,222380.3511
1757734080.0,242.65,242.68,242.55,242.66,1006.723,244262.80557,705.0,414.249,100512.18819
1757734140.0,242.66,242.71,242.66,242.68,1812.713,439927.00986,418.0,1123.992,272777.41908
1757734200.0,242.68,242.68,242.52,242.56,858.232,208208.63688,1191.0,301.709,73192.11009
1757734260.0,242.56,242.58,242.38,242.38,3526.437,855005.80782,1211.0,469.877,113905.05575
1757734320.0,242.38,242.45,242.35,242.36,1789.567,433765.391,602.0,491.651,119182.95242
1757734380.0,242.36,242.45,242.3,242.39,1953.134,473374.36598,955.0,1144.747,277457.51929
1757734440.0,242.39,242.58,242.38,242.53,1219.312,295672.63483,866.0,547.518,132781.23928
1757734500.0,242.54,242.59,242.4,242.41,650.918,157842.79442,765.0,247.317,59969.82878
1757734560.0,242.4,242.43,242.36,242.43,1003.418,243213.17504,507.0,265.556,64368.10401
1757734620.0,242.43,242.54,242.35,242.54,1344.426,325906.22311,1056.0,807.215,195690.62354
1757734680.0,242.53,242.56,242.49,242.52,1275.831,309429.28537,704.0,433.617,105164.00148
1757734740.0,242.51,242.59,242.45,242.59,1271.74,308408.15954,911.0,796.022,193047.70513
1757734800.0,242.59,242.78,242.58,242.76,5514.976,1338560.44809,908.0,5217.189,1266277.01357
1757734860.0,242.76,242.9,242.75,242.88,8387.165,2036422.50026,1035.0,7857.803,1907875.46655
1757734920.0,242.87,242.9,242.8,242.87,2039.845,495421.27442,950.0,1342.547,326066.45872
1757734980.0,242.87,242.94,242.82,242.89,2699.963,655773.19722,1008.0,1755.073,426273.2115
1757735040.0,242.89,243.0,242.83,243.0,3872.693,940796.40172,1030.0,2910.426,707036.633
1757735100.0,243.0,243.06,242.79,242.8,2725.468,662109.51352,957.0,1144.33,278000.31264
1757735160.0,242.8,242.99,242.75,242.98,2046.329,496883.85515,1433.0,1522.292,369645.46077
1757735220.0,242.98,243.42,242.98,243.27,9528.796,2317491.4696,3029.0,6642.117,1615429.18884
1757735280.0,243.26,243.36,243.14,243.27,2543.312,618652.91996,1598.0,1096.996,266862.18355
1757735340.0,243.26,243.44,243.2,243.44,2777.66,675856.97269,1207.0,1536.547,373915.45522
1757735400.0,243.44,243.65,243.44,243.65,11587.606,2822412.96122,1585.0,10868.843,2647363.07944
1757735460.0,243.64,243.75,243.53,243.53,6049.1,1473831.73312,1530.0,2112.206,514729.12268
1757735520.0,243.53,243.56,243.4,243.5,1568.081,381758.02602,1368.0,1087.185,264672.04445
1757735580.0,243.5,243.67,243.47,243.67,4602.872,1121140.41732,1172.0,2229.155,542992.89941
1757735640.0,243.67,243.99,243.66,243.76,9296.621,2267201.64901,2279.0,7926.238,1932945.53694
1757735700.0,243.76,243.81,243.61,243.72,3575.773,871548.33114,1207.0,2471.947,602473.20915
1757735760.0,243.72,243.72,243.61,243.61,1829.881,445853.93872,540.0,502.318,122403.13504
1757735820.0,243.62,243.66,243.56,243.57,1167.78,284480.44376,778.0,572.006,139348.22764
1757735880.0,243.57,243.78,243.54,243.74,3742.234,911838.98546,1002.0,2903.187,707379.55719
1757735940.0,243.75,243.79,243.61,243.61,3383.839,824757.2628,938.0,1048.768,255619.31849
1757736000.0,243.62,243.62,243.2,243.33,6416.558,1562245.36272,2548.0,1284.336,312495.43377
1757736060.0,243.32,243.37,243.2,243.37,1841.35,447948.54683,1468.0,1347.063,327695.86395
1757736120.0,243.36,243.36,243.18,243.18,1929.77,469373.06803,1402.0,572.621,139279.71419
1757736180.0,243.19,243.26,243.15,243.15,2065.668,502352.91177,796.0,1129.305,274648.91848
1757736240.0,243.15,243.22,243.15,243.16,1284.254,312305.20744,628.0,537.129,130618.7199
1757736300.0,243.16,243.29,243.15,243.29,1844.364,448628.78887,825.0,1592.492,387359.10626
1757736360.0,243.29,243.5,243.28,243.5,1789.288,435443.26712,752.0,1459.604,355201.51472
1757736420.0,243.5,243.51,243.37,243.47,1367.955,333045.35069,1054.0,937.852,228328.91305
1757736480.0,243.46,243.46,243.36,243.37,1057.884,257506.65551,650.0,230.902,56198.96097
1757736540.0,243.37,243.41,243.28,243.3,557.845,135743.50336,541.0,207.241,50427.6308
1757736600.0,243.29,243.31,243.2,243.22,1069.556,260172.41126,952.0,576.432,140216.69838
1757736660.0,243.22,243.22,243.08,243.09,1631.056,396599.67767,1000.0,653.963,159001.11695
1757736720.0,243.08,243.08,242.88,242.99,5456.04,1325513.21204,1601.0,1146.254,278468.2707
1757736780.0,242.99,243.15,242.9,243.15,1942.021,471992.49565,1443.0,1004.774,244189.72257
1757736840.0,243.15,243.2,243.09,243.11,1801.086,437935.64059,944.0,779.856,189615.27244
1757736900.0,243.12,243.12,242.95,242.96,1190.911,289420.29867,1183.0,756.394,183814.80163
1757736960.0,242.95,242.96,242.79,242.83,4788.18,1162716.84075,1060.0,2334.476,566832.44015
1757737020.0,242.82,242.83,242.76,242.76,1174.372,285120.39567,390.0,162.288,39402.02176
1757737080.0,242.76,242.76,242.52,242.64,2420.191,587177.90737,1301.0,1100.145,266890.68254
1757737140.0,242.65,242.69,242.58,242.65,870.553,211222.43674,828.0,524.525,127264.91773
1757737200.0,242.65,242.79,242.62,242.7,2544.28,617603.1399,1404.0,1181.9,286858.31703
1757737260.0,242.71,242.87,242.7,242.87,788.944,191554.28751,653.0,684.499,166194.20336
1757737320.0,242.87,242.91,242.84,242.84,644.786,156604.47208,545.0,188.484,45776.75407
1757737380.0,242.84,242.84,242.77,242.83,711.024,172634.99758,414.0,238.887,58003.06324
1757737440.0,242.83,242.84,242.73,242.73,963.74,233987.56024,522.0,239.527,58162.02489
1757737500.0,242.73,243.01,242.69,243.0,1505.518,365591.34783,999.0,1451.464,352470.01101
1757737560.0,243.0,243.16,243.0,243.16,1578.839,383767.66726,835.0,965.227,234622.28155
1757737620.0,243.16,243.38,243.15,243.3,5104.945,1241901.73674,1246.0,2777.139,675476.45513
1757737680.0,243.31,243.39,243.03,243.03,1509.336,367088.72282,1244.0,282.487,68730.91732
1757737740.0,243.02,243.06,242.99,243.06,555.73,135056.24731,389.0,304.435,73984.59434
1757737800.0,243.06,243.14,243.02,243.11,1439.096,349788.5095,1429.0,938.761,228179.07449
1757737860.0,243.11,243.31,243.1,243.3,497.721,121056.57014,716.0,389.529,94739.32098
1757737920.0,243.31,243.31,243.0,243.09,1376.058,334552.10516,1505.0,484.965,117876.81029
1757737980.0,243.08,243.11,242.96,242.97,1439.034,349729.41142,1031.0,827.074,201016.87354
1757738040.0,242.96,243.02,242.89,243.02,1060.771,257711.59399,602.0,598.718,145455.91793
1757738100.0,243.01,243.2,243.01,243.2,950.683,231132.62533,525.0,887.993,215890.28054
1757738160.0,243.2,243.23,243.18,243.23,421.44,102491.04947,214.0,195.471,47537.85784
1757738220.0,243.22,243.31,243.22,243.3,395.615,96252.73074,279.0,284.654,69256.7565
1757738280.0,243.29,243.44,243.29,243.43,2249.015,547332.53713,918.0,2001.23,487034.12025
1757738340.0,243.43,243.5,243.42,243.47,1332.842,324480.085,630.0,1070.734,260670.58453
1757738400.0,243.46,243.47,243.23,243.37,2578.729,627532.90986,1192.0,1497.853,364449.33894
1757738460.0,243.37,243.47,243.21,243.46,1766.384,429849.85457,1027.0,1477.054,359456.85332
1757738520.0,243.47,243.47,243.35,243.42,1623.124,395080.56019,545.0,805.727,196103.37752
1757738580.0,243.42,243.57,243.41,243.48,4882.841,1188894.52734,901.0,4457.383,1085303.76521
1757738640.0,243.48,243.58,243.43,243.58,1750.538,426270.1867,719.0,1265.502,308155.58441
1757738700.0,243.57,243.6,243.46,243.47,857.305,208793.36142,624.0,402.022,97910.49232
1757738760.0,243.47,243.48,243.39,243.4,1395.481,339716.023,616.0,504.42,122797.81791
1757738820.0,243.41,243.58,243.4,243.53,1523.704,371065.45845,672.0,813.77,198177.15614
1757738880.0,243.53,243.67,243.52,243.65,4952.091,1206372.03644,787.0,4494.244,1094837.12325
1757738940.0,243.65,243.67,243.52,243.52,1300.174,316742.75217,577.0,380.295,92651.04693
1757739000.0,243.52,243.52,243.22,243.28,1099.126,267452.31656,1331.0,576.844,140350.63883
1757739060.0,243.29,243.29,243.06,243.06,2896.826,704395.11479,1397.0,1236.916,300746.37453
1757739120.0,243.06,243.13,243.0,243.09,1325.663,322229.84786,626.0,974.935,236998.44988
1757739180.0,243.08,243.12,242.86,242.91,3486.618,847105.02248,1191.0,1017.879,247327.3346
1757739240.0,242.91,242.93,242.81,242.9,1182.189,287092.93612,829.0,727.687,176719.36928
1757739300.0,242.9,242.95,242.88,242.95,1813.056,440461.25339,589.0,1703.209,413777.71158
1757739360.0,242.95,243.06,242.94,243.03,1832.824,445355.40823,724.0,1582.125,384432.08449
1757739420.0,243.03,243.03,242.98,242.98,768.84,186827.8603,366.0,233.126,56648.28453
1757739480.0,242.99,243.06,242.98,243.06,1229.59,298796.53028,576.0,1065.905,259021.5415
1757739540.0,243.05,243.13,242.97,242.97,2608.377,634084.38308,832.0,538.889,130992.4363
1757739600.0,242.98,243.0,242.95,242.95,883.322,214623.45875,427.0,490.064,119073.47497
1757739660.0,242.95,242.99,242.9,242.96,878.749,213485.60189,728.0,578.471,140537.13603
1757739720.0,242.97,243.05,242.96,243.01,2227.216,541245.01235,628.0,1054.823,256329.33714
1757739780.0,243.01,243.12,242.95,242.96,1489.658,362078.66318,858.0,652.653,158632.56353
1757739840.0,242.96,242.96,242.8,242.81,1275.744,309849.5487,924.0,619.734,150513.93218
1757739900.0,242.8,242.81,242.62,242.63,1907.256,462927.94407,853.0,551.708,133902.62562
1757739960.0,242.62,242.76,242.61,242.7,2382.611,578205.93602,1190.0,901.502,218754.54709
1757740020.0,242.69,242.71,242.59,242.67,977.465,237182.2858,808.0,554.428,134528.41129
1757740080.0,242.67,242.77,242.67,242.67,894.836,217195.6762,780.0,368.865,89529.7628
1757740140.0,242.67,242.76,242.67,242.7,1096.29,266077.16961,866.0,430.339,104447.437
1757740200.0,242.71,242.8,242.71,242.77,704.347,170984.85909,519.0,538.482,130717.01231
1757740260.0,242.78,242.84,242.69,242.69,1214.107,294765.71621,642.0,451.875,109709.42474
1757740320.0,242.7,242.7,242.61,242.66,1163.824,282392.6961,847.0,680.091,165012.02215
1757740380.0,242.66,242.84,242.65,242.84,1492.774,362315.27559,1074.0,1110.827,269613.06869
1757740440.0,242.83,242.93,242.8,242.92,2881.079,699660.12241,1186.0,943.375,229102.61792
1757740500.0,242.93,243.0,242.76,242.76,2335.623,567288.63271,1261.0,872.533,211970.26856
1757740560.0,242.76,242.76,242.52,242.52,1552.384,376706.20254,791.0,357.89,86859.60438
1757740620.0,242.52,242.63,242.5,242.57,1026.764,249033.82882,1030.0,755.605,183267.22432
1757740680.0,242.56,242.82,242.54,242.82,3719.52,902496.25888,1644.0,2183.841,529954.4426
1757740740.0,242.82,242.98,242.75,242.75,3205.847,778674.40072,1152.0,992.461,241079.92125
1757740800.0,242.75,242.84,242.72,242.84,1148.544,278826.37088,800.0,538.564,130745.14457
1757740860.0,242.83,243.35,242.83,243.28,6085.399,1479798.60931,2116.0,5688.887,1383341.93432
1757740920.0,243.29,243.32,243.02,243.02,2281.825,554959.60059,1422.0,574.52,139708.88853
1757740980.0,243.02,243.03,242.8,242.84,1384.137,336169.55455,1014.0,515.756,125275.58126
1757741040.0,242.84,242.84,242.69,242.69,2815.615,683561.72816,705.0,790.319,191851.95059
1757741100.0,242.68,242.68,242.51,242.53,931.256,225886.55635,645.0,512.457,124293.03286
1757741160.0,242.54,242.65,242.46,242.47,1969.663,477732.92212,1160.0,1342.723,325691.00844
1757741220.0,242.46,242.46,242.33,242.36,1948.531,472268.84866,927.0,441.326,106965.20952
1757741280.0,242.36,242.36,242.26,242.36,975.754,236433.44498,804.0,521.835,126438.41205
1757741340.0,242.36,242.53,242.35,242.53,1606.975,389607.58001,1221.0,1175.677,285028.53766
1757741400.0,242.52,242.52,242.25,242.25,1350.51,327300.54948,736.0,161.612,39160.12464
1757741460.0,242.25,242.32,242.2,242.2,2025.378,490626.83456,1199.0,1001.792,242669.87726
1757741520.0,242.21,242.21,242.03,242.09,1949.633,472040.75939,1706.0,844.737,204516.7915
1757741580.0,242.09,242.23,242.03,242.11,2870.259,694897.68518,1180.0,2238.887,542042.79809
1757741640.0,242.1,242.19,241.99,242.0,2345.662,567798.60675,1390.0,797.011,192984.65194
1757741700.0,241.99,242.03,241.93,241.93,1784.253,431765.46899,996.0,613.18,148389.71108
1757741760.0,241.93,241.94,241.75,241.76,2382.429,576203.22418,2060.0,755.74,182788.65651
1757741820.0,241.75,241.75,241.52,241.52,3121.008,754136.36996,1536.0,1008.122,243599.1496
1757741880.0,241.53,241.66,241.5,241.58,2343.418,566078.20661,1763.0,1065.29,257344.99121
1757741940.0,241.57,241.64,241.47,241.55,2896.163,699602.56971,1250.0,1348.67,325793.25376
1757742000.0,241.56,241.7,241.46,241.69,2356.4,569196.34527,1296.0,1805.482,436131.03557
1757742060.0,241.69,241.86,241.69,241.84,2335.243,564618.70678,1251.0,2028.54,490461.00528
1757742120.0,241.84,241.9,241.52,241.68,1778.01,429748.41159,1295.0,651.547,157494.57185
1757742180.0,241.69,241.87,241.69,241.79,759.612,183668.98914,927.0,499.162,120693.61165
1757742240.0,241.79,241.88,241.75,241.79,1118.133,270369.50264,867.0,777.176,187924.67112
1757742300.0,241.79,241.79,241.56,241.6,1874.686,453106.39543,746.0,258.979,62577.38164
1757742360.0,241.6,241.63,241.5,241.51,1112.192,268677.88853,648.0,657.516,158851.41676
1757742420.0,241.51,241.52,241.3,241.3,3880.165,936621.93061,1434.0,974.426,235222.72109
1757742480.0,241.29,241.38,241.24,241.27,7100.326,1713328.37586,1680.0,3088.459,745316.07839
1757742540.0,241.27,241.46,241.23,241.32,3080.316,743466.97134,1740.0,1430.85,345341.47035
1757742600.0,241.32,241.34,241.23,241.25,1714.539,413686.72798,750.0,865.444,208814.10846
1757742660.0,241.25,241.38,241.25,241.37,2778.003,670308.00009,1059.0,1259.142,303821.18583
1757742720.0,241.38,241.51,241.3,241.51,2013.358,485958.42968,962.0,1249.282,301537.93927
1757742780.0,241.52,241.56,241.37,241.41,1828.138,441425.19097,888.0,521.743,125985.93831
1757742840.0,241.4,241.6,241.4,241.59,1903.654,459784.05135,712.0,1785.286,431194.73276
1757742900.0,241.59,241.72,241.58,241.66,694.062,167732.23627,696.0,484.177,117006.32854
1757742960.0,241.66,241.73,241.5,241.53,1578.181,381305.71546,1126.0,725.616,175332.86115
1757743020.0,241.54,241.61,241.52,241.52,852.919,206024.12959,519.0,272.261,65768.05561
1757743080.0,241.53,241.78,241.52,241.71,1251.738,302521.42055,945.0,629.213,152071.19636
1757743140.0,241.71,241.71,241.67,241.69,378.426,91461.55071,299.0,179.627,43414.16313
1757743200.0,241.68,241.87,241.68,241.83,1186.906,286932.87194,1102.0,800.42,193492.224
1757743260.0,241.82,241.82,241.72,241.81,709.229,171466.31346,710.0,370.427,89560.22619
1757743320.0,241.81,241.91,241.81,241.9,669.004,161818.08563,572.0,461.27,111573.1283
1757743380.0,241.91,241.97,241.89,241.94,2235.102,540732.26276,626.0,1976.917,478270.22822
1757743440.0,241.94,241.94,241.78,241.81,1491.411,360718.61813,660.0,373.907,90426.94763
1757743500.0,241.81,241.94,241.81,241.81,763.837,184770.9268,707.0,479.723,116039.9055
1757743560.0,241.8,241.9,241.78,241.89,314.135,75965.99005,432.0,157.406,38067.53439
1757743620.0,241.89,242.02,241.87,242.02,2960.982,716457.87959,1195.0,2755.121,666652.52568
1757743680.0,242.01,242.02,241.89,241.97,2542.248,615062.81275,625.0,1792.275,433606.84863
1757743740.0,241.98,242.19,241.97,242.19,4940.046,1196121.244,1068.0,4642.052,1123961.78706
1757743800.0,242.18,242.19,242.04,242.14,2359.442,571307.13018,1119.0,1860.488,450482.28712
1757743860.0,242.13,242.44,242.13,242.34,3013.861,730440.41922,1138.0,2163.919,524434.48891
1757743920.0,242.34,242.34,242.18,242.18,892.792,216302.4429,622.0,301.639,73081.64732
1757743980.0,242.19,242.27,241.97,241.97,7733.055,1872494.23824,1226.0,3406.438,824784.38911
1757744040.0,241.97,242.06,241.97,241.97,743.585,179971.26271,476.0,440.775,106678.87722
1757744100.0,241.97,242.0,241.79,242.0,2200.664,532337.49964,1362.0,1148.211,277744.26143
1757744160.0,242.01,242.24,242.0,242.18,1477.19,357713.09499,1369.0,997.037,241422.17092
1757744220.0,242.19,242.3,242.12,242.12,512.154,124063.10713,817.0,312.728,75755.77251
1757744280.0,242.13,242.18,241.98,242.09,452.026,109417.87194,890.0,277.508,67171.89801
1757744340.0,242.09,242.17,242.09,242.14,474.821,114973.57553,576.0,344.312,83371.29188
1757744400.0,242.14,242.22,242.02,242.22,1458.459,353065.98095,922.0,519.351,125743.62568
1757744460.0,242.22,242.29,242.2,242.24,819.989,198644.64215,945.0,297.06,71958.62895
1757744520.0,242.24,242.24,242.0,242.13,1966.78,476190.87331,1229.0,820.333,198572.28469
1757744580.0,242.13,242.26,242.12,242.26,1576.372,381803.42905,898.0,761.847,184523.06057
1757744640.0,242.25,242.26,242.03,242.03,1588.667,384662.69423,875.0,1051.294,254540.23673
1757744700.0,242.02,242.11,241.91,241.92,1639.329,396729.2757,826.0,611.855,148092.20657
1757744760.0,241.93,242.11,241.92,242.11,3106.339,751807.52824,899.0,2163.99,523706.65299
1757744820.0,242.11,242.12,242.0,242.12,1093.752,264754.7501,713.0,477.275,115532.71071
1757744880.0,242.12,242.35,242.11,242.35,2225.039,539001.58128,816.0,1870.722,453166.0842
1757744940.0,242.35,242.42,242.26,242.28,2708.462,656400.97467,711.0,1947.664,472014.20172
1757745000.0,242.28,242.33,242.21,242.24,829.574,200968.88641,839.0,464.855,112615.17602
1757745060.0,242.25,242.44,242.21,242.37,2062.711,499818.53146,1004.0,1277.241,309434.41588
1757745120.0,242.38,242.38,242.25,242.36,2435.879,590265.17995,1198.0,331.041,80213.39018
1757745180.0,242.36,242.44,242.36,242.43,1291.792,313132.71714,744.0,536.957,130151.61574
1757745240.0,242.43,242.43,242.02,242.06,5376.761,1302291.19301,1177.0,940.313,227710.49577
1757745300.0,242.05,242.06,242.01,242.05,1107.398,268030.11985,488.0,733.506,177537.31787
1757745360.0,242.05,242.16,242.01,242.13,4299.537,1040756.64344,1643.0,2176.657,526919.23824
1757745420.0,242.13,242.14,242.0,242.01,673.329,162964.28661,389.0,73.003,17669.59955
1757745480.0,242.01,242.03,241.79,241.99,6593.976,1595188.64817,1646.0,2482.479,600410.09412
1757745540.0,241.99,242.22,241.98,242.21,1975.944,478307.6385,1293.0,1421.941,344158.62336
1757745600.0,242.22,242.36,242.22,242.32,1014.243,245761.45969,606.0,362.367,87797.21856
1757745660.0,242.31,242.43,242.31,242.34,1757.228,425913.83173,674.0,1094.454,265266.86021
1757745720.0,242.34,242.55,242.33,242.49,2956.932,716823.18183,1664.0,1875.429,454633.11875
1757745780.0,242.49,242.5,242.42,242.42,439.481,106570.18665,269.0,149.492,36251.79079
1757745840.0,242.42,242.42,242.35,242.39,798.484,193538.44373,431.0,401.98,97431.06537
1757745900.0,242.39,242.41,242.27,242.33,1875.122,454432.61176,818.0,338.596,82048.56519
1757745960.0,242.32,242.42,242.32,242.39,608.721,147541.08664,392.0,420.707,101967.69127
1757746020.0,242.4,242.5,242.28,242.5,2691.274,652264.52955,1264.0,1116.834,270647.90571
1757746080.0,242.5,242.57,242.35,242.35,969.268,235015.90889,818.0,111.636,27071.87761
1757746140.0,242.35,242.49,242.35,242.49,1008.496,244493.1717,669.0,508.443,123250.84343
1757746200.0,242.49,242.63,242.43,242.44,2240.763,543535.72641,978.0,589.765,143060.09024
1757746260.0,242.44,242.54,242.39,242.41,2733.338,662823.31092,945.0,854.165,207120.66716
1757746320.0,242.42,242.69,242.41,242.65,1326.978,321900.31271,702.0,1204.892,292285.37213
1757746380.0,242.66,242.76,242.6,242.68,1906.281,462574.99593,1043.0,1591.689,386218.0049
1757746440.0,242.68,242.68,242.56,242.57,700.491,169959.0733,464.0,281.035,68192.44136
1757746500.0,242.57,242.63,242.57,242.62,627.711,152289.74038,408.0,550.956,133667.94381
1757746560.0,242.61,242.78,242.61,242.78,4240.678,1029252.12893,857.0,4111.307,997860.50135
1757746620.0,242.78,242.8,242.63,242.8,2230.387,541383.76751,1348.0,1303.007,316285.08127
1757746680.0,242.79,242.8,242.7,242.74,2200.516,534175.26927,900.0,1455.281,353253.88294
1757746740.0,242.75,242.78,242.68,242.69,1193.354,289683.93677,619.0,684.854,166245.79541
1757746800.0,242.69,242.77,242.58,242.6,1249.5,303234.13084,842.0,991.893,240713.35412
1757746860.0,242.6,242.6,242.45,242.45,485.989,117856.14764,474.0,88.289,21409.9814
1757746920.0,242.46,242.46,242.35,242.45,1282.324,310821.37906,890.0,500.754,121380.8295
1757746980.0,242.45,242.56,242.44,242.53,824.893,200031.79942,732.0,601.436,145842.00432
1757747040.0,242.53,242.62,242.53,242.62,916.01,222215.0574,759.0,733.546,177950.12238
1757747100.0,242.62,242.79,242.62,242.71,5440.277,1320548.92912,720.0,5164.078,1253508.28143
1757747160.0,242.71,242.8,242.71,242.8,1025.1,248862.15463,413.0,766.439,186066.22064
1757747220.0,242.79,242.8,242.79,242.8,321.502,78059.04393,95.0,157.335,38200.938
1757747280.0,242.8,242.8,242.74,242.78,1297.065,314898.71395,438.0,416.363,101087.73005
1757747340.0,242.78,242.8,242.77,242.8,1181.461,286852.5148,206.0,967.868,234995.98497
1757747400.0,242.79,242.79,242.64,242.64,1400.54,339948.32044,597.0,353.709,85840.99233
1757747460.0,242.65,242.8,242.64,242.8,1433.234,347927.59912,359.0,1408.647,341958.7416
1757747520.0,242.8,242.85,242.63,242.65,3772.096,915748.66267,916.0,3036.264,737101.24413
1757747580.0,242.66,242.72,242.59,242.6,719.459,174572.19094,592.0,379.105,91996.38591
1757747640.0,242.6,242.73,242.59,242.73,909.489,220688.69596,557.0,856.994,207953.08146
1757747700.0,242.73,242.81,242.7,242.74,1763.615,428135.32474,779.0,571.579,138749.14286
1757747760.0,242.74,242.74,242.72,242.74,416.06,100989.34218,205.0,288.102,69931.19285
1757747820.0,242.74,242.77,242.64,242.64,446.399,108352.08855,473.0,247.838,60156.34945
1757747880.0,242.65,242.71,242.61,242.71,1317.278,319655.06174,952.0,1044.874,253554.66769
1757747940.0,242.71,242.77,242.68,242.7,677.816,164523.1812,674.0,474.287,115120.89044
1757748000.0,242.7,242.75,242.69,242.7,545.991,132526.93948,476.0,322.35,78241.757
1757748060.0,242.7,242.7,242.66,242.69,378.729,91909.362,281.0,209.609,50868.03458
1757748120.0,242.69,242.69,242.6,242.61,768.504,186478.29274,629.0,220.67,53544.42064
1757748180.0,242.61,242.69,242.6,242.63,378.72,91892.4776,423.0,206.288,50053.22836
1757748240.0,242.62,242.64,242.59,242.6,1247.003,302538.83727,407.0,672.126,163071.73825
1757748300.0,242.6,242.64,242.54,242.64,2959.994,718033.14344,493.0,2430.577,589601.31127
1757748360.0,242.63,242.74,242.63,242.74,671.586,162980.17364,501.0,519.073,125966.45475
1757748420.0,242.73,242.75,242.72,242.74,342.872,83226.58293,210.0,171.468,41621.51671
1757748480.0,242.75,242.77,242.74,242.77,653.754,158706.66897,166.0,371.516,90190.65665
1757748540.0,242.77,242.88,242.76,242.87,1518.515,368688.45419,484.0,1446.356,351166.57544
1757748600.0,242.87,242.99,242.87,242.99,1021.832,248247.89167,521.0,714.556,173593.82579
1757748660.0,242.99,243.18,242.98,243.07,3276.082,796253.17757,1279.0,2285.53,555425.35051
1757748720.0,243.06,243.08,243.05,243.07,545.689,132638.35468,281.0,362.621,88141.50169
1757748780.0,243.07,243.13,243.05,243.06,577.939,140488.73738,406.0,424.225,103121.40335
1757748840.0,243.06,243.06,242.98,242.99,1303.637,316788.49442,688.0,722.953,175677.22831
1757748900.0,242.99,243.05,242.94,242.98,1537.237,373548.85455,949.0,1209.821,293986.64228
1757748960.0,242.98,243.0,242.76,242.83,1703.645,413724.95823,969.0,408.565,99233.02757
1757749020.0,242.83,242.85,242.8,242.8,763.876,185494.83055,267.0,569.681,138337.3362
1757749080.0,242.81,242.85,242.79,242.83,477.999,116061.62573,361.0,203.724,49465.51706
1757749140.0,242.83,242.95,242.82,242.83,632.999,153748.03525,648.0,473.169,114927.51612
1757749200.0,242.82,242.85,242.79,242.79,227.246,55179.2882,284.0,159.959,38840.73924
1757749260.0,242.8,242.86,242.8,242.86,489.807,118936.80374,269.0,418.276,101566.20987
1757749320.0,242.86,242.94,242.86,242.94,447.139,108613.85311,437.0,341.067,82847.19932
1757749380.0,242.94,243.0,242.9,242.9,691.576,168030.86914,519.0,479.465,116493.32826
1757749440.0,242.91,242.91,242.85,242.86,178.074,43248.93112,257.0,64.294,15615.39695
1757749500.0,242.85,242.99,242.84,242.93,771.042,187320.66762,612.0,630.018,153059.57391
1757749560.0,242.92,242.97,242.89,242.89,789.947,191900.57181,569.0,603.645,146645.95232
1757749620.0,242.9,242.92,242.79,242.81,732.363,177859.93077,501.0,318.526,77350.83375
1757749680.0,242.82,243.0,242.81,242.99,755.745,183585.73579,550.0,648.223,157468.85852
1757749740.0,243.0,243.02,242.96,242.97,953.788,231774.99719,348.0,714.05,173517.71471
1757749800.0,242.97,243.09,242.96,243.07,3100.801,753598.84553,579.0,2912.736,707891.01281
1757749860.0,243.08,243.08,242.97,242.98,719.486,174831.57106,281.0,150.675,36614.10918
1757749920.0,242.99,243.05,242.81,242.81,2203.089,535261.69496,745.0,1279.39,310861.19124
1757749980.0,242.82,242.82,242.6,242.65,1915.372,464835.41884,841.0,418.174,101468.61138
1757750040.0,242.65,242.65,242.6,242.61,1293.146,313736.39419,288.0,154.971,37601.76391
1757750100.0,242.61,242.67,242.54,242.66,3037.778,736996.07985,865.0,1115.951,270756.56487
1757750160.0,242.65,242.66,242.5,242.5,1509.037,365992.44925,574.0,362.766,87991.93798
1757750220.0,242.5,242.62,242.5,242.51,504.528,122373.05411,573.0,369.019,89500.66226
1757750280.0,242.5,242.52,242.5,242.51,1443.703,350108.36567,198.0,464.54,112656.744
1757750340.0,242.51,242.51,242.44,242.46,1183.611,287003.73577,364.0,85.693,20777.8349
1757750400.0,242.45,242.6,242.45,242.57,1245.469,302025.09529,648.0,1051.193,254908.89573
1757750460.0,242.58,242.58,242.38,242.39,683.169,165612.13067,527.0,128.053,31044.90251
1757750520.0,242.39,242.75,242.39,242.74,2328.029,564689.02257,878.0,2029.156,492164.4385
1757750580.0,242.74,242.77,242.48,242.55,892.839,216606.92076,1129.0,429.181,104117.57956
1757750640.0,242.54,242.55,242.22,242.34,2489.678,603387.88662,1739.0,1011.181,245049.8096
1757750700.0,242.34,242.34,242.01,242.19,4954.712,1200027.29138,1523.0,686.673,166273.92616
1757750760.0,242.19,242.27,242.07,242.12,1259.324,304942.32098,1071.0,944.772,228767.33703
1757750820.0,242.13,242.2,242.12,242.14,491.383,118987.0244,517.0,307.872,74549.29167
1757750880.0,242.14,242.17,242.1,242.11,645.761,156356.40178,347.0,303.004,73368.4885
1757750940.0,242.12,242.14,242.05,242.13,1130.2,273609.44237,635.0,939.981,227557.77255
1757751000.0,242.13,242.25,242.13,242.2,814.594,197287.0971,753.0,654.596,158536.20068
1757751060.0,242.19,242.32,242.18,242.18,1646.958,398988.89803,781.0,886.172,214665.2309
1757751120.0,242.18,242.3,242.18,242.29,829.921,201027.45467,743.0,749.59,181569.30245
1757751180.0,242.3,242.34,242.14,242.15,913.673,221332.42043,833.0,438.746,106279.4461
1757751240.0,242.14,242.18,242.12,242.18,554.935,134378.8143,370.0,412.147,99805.46763
1757751300.0,242.18,242.23,242.16,242.22,828.488,200653.4762,746.0,706.394,171083.37904
1757751360.0,242.23,242.33,242.23,242.31,772.098,187066.06869,548.0,515.497,124894.77174
1757751420.0,242.32,242.32,242.31,242.32,345.433,83703.3502,159.0,147.997,35862.63304
1757751480.0,242.32,242.39,242.31,242.37,1981.841,480292.77516,640.0,1130.536,273965.89227
1757751540.0,242.37,242.5,242.35,242.5,1435.589,348013.6111,720.0,1033.248,250493.43705
1757751600.0,242.5,242.63,242.49,242.6,870.051,211020.7682,1035.0,600.069,145541.60138
1757751660.0,242.61,242.66,242.58,242.62,1175.149,285108.43461,966.0,866.275,210166.92151
1757751720.0,242.61,242.8,242.6,242.79,1220.989,296348.1254,760.0,1085.551,263483.42313
1757751780.0,242.8,242.86,242.77,242.8,2019.817,490438.06266,946.0,963.846,234032.4312
1757751840.0,242.81,242.81,242.55,242.59,1659.629,402768.7383,734.0,590.5,143279.54615
1757751900.0,242.59,242.59,242.44,242.48,5179.852,1256054.35113,762.0,580.776,140820.82767
1757751960.0,242.49,242.6,242.49,242.56,1325.565,321512.06941,785.0,656.729,159278.09567
1757752020.0,242.56,242.56,242.51,242.55,282.693,68563.12952,301.0,136.941,33213.3445
1757752080.0,242.56,242.56,242.46,242.5,535.583,129886.70168,405.0,188.855,45796.41451
1757752140.0,242.5,242.53,242.49,242.53,301.057,73010.78278,189.0,285.13,69148.56613
1757752200.0,242.53,242.75,242.52,242.74,4011.153,973360.52138,1183.0,3697.133,897154.53402
1757752260.0,242.74,242.79,242.66,242.67,985.048,239124.71438,613.0,657.613,159640.95628
1757752320.0,242.67,242.71,242.58,242.69,1862.171,451868.30617,961.0,1032.55,250543.37647
1757752380.0,242.69,242.78,242.68,242.77,2205.998,535460.03639,359.0,2123.438,515422.88173
1757752440.0,242.78,242.97,242.77,242.91,2522.098,612587.2993,974.0,2209.038,536549.70617
1757752500.0,242.91,242.91,242.81,242.88,926.513,225021.22656,672.0,777.068,188725.88296
1757752560.0,242.89,242.89,242.75,242.76,2132.101,517671.18759,599.0,1086.732,263846.9641
1757752620.0,242.76,242.88,242.75,242.86,1998.647,485240.39205,1210.0,1407.733,341777.27695
1757752680.0,242.86,242.95,242.82,242.91,2891.505,702376.48787,474.0,2784.695,676435.14044
1757752740.0,242.91,243.02,242.9,242.99,5142.498,1249553.98847,534.0,4973.681,1208532.78324
1757752800.0,242.99,243.04,242.98,243.04,932.863,226705.56693,343.0,808.762,196546.16652
1757752860.0,243.04,243.08,242.98,243.06,1729.967,420482.62864,677.0,1033.089,251098.27958
1757752920.0,243.07,243.12,243.01,243.02,2362.155,574183.07243,719.0,2019.055,490787.43515
1757752980.0,243.03,243.05,242.9,243.05,3362.091,816903.59741,927.0,2809.782,682722.37818
1757753040.0,243.04,243.12,243.0,243.04,1697.044,412443.30436,746.0,762.009,185207.17016
1757753100.0,243.04,243.05,242.89,242.9,1269.773,308490.2224,636.0,440.532,107014.90247
1757753160.0,242.89,242.91,242.81,242.9,1220.456,296410.27788,727.0,606.001,147178.00133
1757753220.0,242.91,243.02,242.85,243.02,2704.597,656998.96584,1039.0,2160.861,524914.18038
1757753280.0,243.02,243.02,242.79,242.79,11784.099,2862552.28143,1303.0,1602.858,389359.82733
1757753340.0,242.79,242.88,242.79,242.88,2089.983,507521.50574,587.0,1572.981,381982.79009
1757753400.0,242.87,243.01,242.84,243.01,1114.304,270719.51189,599.0,877.409,213171.87049
1757753460.0,243.0,243.01,242.87,242.98,5379.842,1307039.87544,900.0,4259.604,1034873.13042
1757753520.0,242.97,243.06,242.95,242.99,1804.526,438503.03321,766.0,1332.941,323909.67153
1757753580.0,242.99,243.08,242.98,243.08,980.146,238199.67666,452.0,596.732,145025.2501
1757753640.0,243.07,243.32,243.07,243.28,12778.028,3107407.52536,1398.0,11628.438,2827813.5632
1757753700.0,243.29,243.31,243.27,243.3,1089.065,264951.34723,297.0,673.965,163966.33079
1757753760.0,243.29,243.31,243.25,243.27,615.092,149638.64779,414.0,235.683,57339.21695
1757753820.0,243.27,243.28,243.24,243.26,600.724,146134.26959,374.0,258.456,62871.61488
1757753880.0,243.26,243.38,243.25,243.38,1467.502,357039.12201,525.0,1356.092,329929.55615
1757753940.0,243.38,243.5,243.35,243.49,2518.589,613146.50125,884.0,1767.159,430232.51702
1757754000.0,243.49,243.5,243.1,243.17,4710.419,1146357.46538,1789.0,2679.946,652406.6921
1757754060.0,243.17,243.26,243.09,243.18,2360.364,573930.59929,1045.0,1036.193,251943.8161
1757754120.0,243.19,243.41,243.18,243.23,1215.948,295854.22254,1214.0,466.961,113611.27601
1757754180.0,243.23,243.23,242.97,243.09,2772.788,673937.93989,1069.0,1101.392,267659.78694
1757754240.0,243.09,243.34,243.04,243.25,4287.081,1042743.30527,1480.0,3311.362,805388.43698
1757754300.0,243.26,243.31,243.24,243.24,1531.517,372562.96791,662.0,933.965,227198.36924
1757754360.0,243.25,243.5,243.24,243.44,2540.249,618302.51305,1012.0,1303.026,317091.95391
1757754420.0,243.44,243.53,243.4,243.53,1380.921,336236.1761,632.0,1189.24,289567.39409
1757754480.0,243.53,243.6,243.45,243.45,1277.005,311028.72514,1000.0,589.194,143506.14145
1757754540.0,243.45,243.45,243.27,243.32,1009.153,245547.39879,933.0,560.595,136398.79593
1757754600.0,243.32,243.39,243.2,243.2,1479.142,359857.42002,821.0,783.552,190621.95177
1757754660.0,243.21,243.25,243.14,243.15,2552.089,620637.13839,918.0,938.586,228248.67866
1757754720.0,243.16,243.36,243.15,243.33,1638.416,398506.58486,1221.0,821.51,199821.51501
1757754780.0,243.33,243.34,243.2,243.33,1335.106,324805.04721,975.0,934.352,227313.56405
1757754840.0,243.33,243.34,243.13,243.25,7791.157,1894885.38123,967.0,5603.282,1362747.797
1757754900.0,243.26,243.28,243.08,243.09,1293.97,314671.29946,586.0,203.077,49388.68194
1757754960.0,243.08,243.09,243.01,243.01,1633.696,397071.3567,511.0,1015.173,246730.62043
1757755020.0,243.01,243.01,242.97,242.99,557.545,135476.49676,310.0,325.181,79013.84455
1757755080.0,243.0,243.03,242.98,243.01,639.344,155362.34993,438.0,393.233,95556.83998
1757755140.0,243.01,243.02,242.89,243.02,2386.701,579817.65005,1010.0,1350.823,328136.06227
1757755200.0,243.02,243.16,243.01,243.03,1285.488,312479.36664,797.0,865.016,210258.54392
1757755260.0,243.03,243.03,242.83,242.84,3092.561,751270.63697,938.0,1263.618,306973.73281
1757755320.0,242.84,242.84,242.77,242.82,2200.695,534339.17513,584.0,1269.451,308237.85602
1757755380.0,242.83,242.93,242.82,242.86,2815.985,683844.03283,762.0,2432.516,590719.75855
1757755440.0,242.87,242.92,242.83,242.84,1083.675,263204.90987,535.0,333.379,80965.6853
1757755500.0,242.84,243.09,242.83,243.08,7908.844,1921207.21189,1080.0,6841.42,1661872.90954
1757755560.0,243.08,243.09,242.93,242.94,1931.835,469412.71627,1273.0,632.983,153793.34888
1757755620.0,242.94,242.94,242.79,242.92,3612.006,877220.52776,936.0,1688.555,410072.77787
1757755680.0,242.91,242.92,242.79,242.83,2933.474,712391.73939,675.0,1295.28,314578.25979
1757755740.0,242.82,242.88,242.82,242.87,2332.564,566419.94436,412.0,1360.09,330275.15734
1757755800.0,242.88,242.99,242.79,242.93,4141.205,1005783.32196,1165.0,541.414,131514.35299
1757755860.0,242.92,242.93,242.77,242.82,4852.611,1178337.33686,1269.0,1714.124,416171.95686
1757755920.0,242.81,242.82,242.77,242.78,1197.555,290752.56061,548.0,230.833,56043.35406
1757755980.0,242.79,242.97,242.78,242.97,2477.048,601648.18457,780.0,1157.619,281135.66862
1757756040.0,242.96,243.09,242.95,243.04,2235.543,543295.84126,827.0,1044.945,253933.11936
1757756100.0,243.03,243.04,242.9,242.96,1182.218,287220.35868,972.0,491.516,119407.43186
1757756160.0,242.96,243.04,242.93,243.01,730.952,177619.60627,504.0,364.682,88617.10082
1757756220.0,243.01,243.1,242.96,242.99,906.491,220302.53919,881.0,502.347,122085.34961
1757756280.0,242.98,243.0,242.93,243.0,470.227,114241.41652,436.0,388.27,94330.32885
1757756340.0,243.0,243.0,242.93,242.98,447.719,108777.29088,360.0,247.345,60093.30934
1757756400.0,242.97,242.98,242.87,242.87,1556.145,378010.56944,709.0,188.964,45898.20555
1757756460.0,242.87,242.88,242.82,242.85,712.812,173098.3472,477.0,377.256,91611.05786
1757756520.0,242.84,243.0,242.84,243.0,707.028,171753.76301,598.0,672.472,163358.98539
1757756580.0,242.99,243.08,242.99,243.08,1379.771,335348.97759,389.0,563.607,136988.61099
1757756640.0,243.09,243.09,243.02,243.02,732.714,178080.93183,517.0,268.139,65169.13604
1757756700.0,243.03,243.03,242.91,242.97,1054.383,256152.02019,621.0,621.717,151035.34798
1757756760.0,242.96,242.97,242.91,242.91,505.845,122878.71906,275.0,145.015,35227.59475
1757756820.0,242.91,243.16,242.91,243.16,1544.169,375293.31162,923.0,1279.91,311066.44952
1757756880.0,243.17,243.19,242.98,243.09,1117.439,271605.39245,1111.0,621.236,150999.9195
1757756940.0,243.09,243.18,243.07,243.08,1410.175,342841.26733,725.0,1088.611,264663.90597
1757757000.0,243.08,243.12,243.07,243.08,966.174,234875.7004,540.0,756.759,183966.54497
1757757060.0,243.09,243.14,242.97,243.03,1543.119,375092.18296,983.0,543.778,132168.93626
1757757120.0,243.03,243.19,242.97,243.18,2124.419,516353.77982,1101.0,1396.285,339403.722
1757757180.0,243.18,243.19,243.02,243.06,1154.666,280722.57099,701.0,418.367,101711.88558
1757757240.0,243.05,243.16,243.0,243.15,974.654,236897.92026,688.0,568.088,138078.06094
1757757300.0,243.15,243.41,243.13,243.38,4208.279,1023662.724,1508.0,3461.852,842074.67529
1757757360.0,243.38,243.61,243.38,243.56,2861.598,696810.27016,1283.0,2201.77,536120.98001
1757757420.0,243.55,243.72,243.55,243.68,9490.402,2312246.41544,1256.0,7916.59,1928797.09328
1757757480.0,243.68,243.7,243.61,243.61,1489.434,362925.84107,562.0,691.388,168476.49534
1757757540.0,243.61,243.65,243.45,243.46,1839.029,447975.20548,865.0,1028.163,250464.7489
1757757600.0,243.46,243.46,243.24,243.3,2064.16,502203.949,1350.0,1470.721,357813.76789
1757757660.0,243.3,243.42,243.26,243.42,1705.063,414875.39837,834.0,1376.174,334853.30224
1757757720.0,243.42,243.43,243.06,243.2,4330.353,1053493.17914,1971.0,2084.229,507088.23086
1757757780.0,243.2,243.33,243.18,243.31,1596.745,388374.69333,764.0,951.378,231414.68105
1757757840.0,243.31,243.32,243.23,243.3,2047.658,498187.05279,857.0,977.459,237806.44842
1757757900.0,243.3,243.3,243.01,243.01,5260.887,1278964.46817,1798.0,777.2,188947.20928
1757757960.0,243.01,243.1,242.97,243.07,1892.879,460064.17499,1050.0,703.176,170906.67826
1757758020.0,243.07,243.18,243.0,243.0,876.921,213188.37509,969.0,240.765,58530.93325
1757758080.0,243.01,243.13,242.94,243.1,2984.842,725400.78282,1440.0,832.049,202206.01517
1757758140.0,243.1,243.18,243.01,243.12,2442.989,593872.51683,1059.0,1670.779,406168.95192
1757758200.0,243.12,243.15,243.0,243.01,1051.908,255695.2547,645.0,545.347,132569.45364
1757758260.0,243.01,243.15,243.0,243.11,1439.23,349814.3726,769.0,1042.212,253318.84659
1757758320.0,243.12,243.12,243.0,243.01,1621.183,393997.68126,660.0,1128.103,274158.81769
1757758380.0,243.02,243.08,243.0,243.08,2416.727,587276.61886,563.0,501.582,121892.04205
1757758440.0,243.08,243.1,242.95,242.96,7597.726,1846306.56889,889.0,414.161,100654.52445
1757758500.0,242.96,242.99,242.87,242.95,3099.391,752883.26938,951.0,649.28,157723.63164
1757758560.0,242.95,243.08,242.95,243.07,1116.745,271386.74458,517.0,626.569,152258.03353
1757758620.0,243.07,243.09,243.02,243.09,658.962,160159.29108,436.0,429.082,104285.60213
1757758680.0,243.09,243.26,243.08,243.22,1568.24,381339.38014,758.0,1126.055,273813.63611
1757758740.0,243.22,243.3,243.13,243.29,2398.673,583361.35557,1146.0,961.216,233770.35658
1757758800.0,243.29,243.34,243.15,243.21,1680.403,408682.25774,901.0,621.722,151204.16337
1757758860.0,243.2,243.24,243.1,243.11,1836.545,446622.65277,924.0,1062.087,258287.36042
1757758920.0,243.11,243.11,242.9,242.98,2477.287,602006.43695,841.0,911.552,221520.83518
1757758980.0,242.99,243.06,242.91,242.96,1122.379,272716.8187,801.0,825.513,200581.14302
1757759040.0,242.97,242.99,242.94,242.95,725.202,176192.83572,397.0,277.435,67406.62312
1757759100.0,242.95,242.96,242.9,242.9,737.939,179258.354,407.0,304.912,74070.70838
1757759160.0,242.91,242.91,242.66,242.74,3235.948,785588.34025,1473.0,1353.287,328532.56812
1757759220.0,242.73,242.76,242.67,242.67,1599.407,388213.24556,875.0,822.729,199704.922
1757759280.0,242.68,242.76,242.67,242.75,1097.322,266341.84109,503.0,483.507,117354.85886
1757759340.0,242.76,242.78,242.72,242.72,886.977,215322.04658,451.0,115.471,28033.1129
1757759400.0,242.72,242.8,242.68,242.8,543.613,131963.04869,543.0,212.015,51468.51687
1757759460.0,242.8,242.8,242.72,242.72,757.239,183834.45573,394.0,183.163,44463.84602
1757759520.0,242.72,242.75,242.5,242.53,2359.324,572432.1257,1348.0,1057.022,256455.827
1757759580.0,242.53,242.53,242.22,242.43,5632.439,1365068.49526,2629.0,1948.89,472275.80085
1757759640.0,242.44,242.55,242.33,242.38,2046.346,496067.5254,1143.0,701.52,170040.11121
1757759700.0,242.37,242.67,242.37,242.6,1826.688,443024.20597,1633.0,1528.293,370652.88663
1757759760.0,242.59,242.89,242.59,242.89,2447.891,594260.62292,981.0,2136.692,518739.06462
1757759820.0,242.89,242.91,242.83,242.9,1879.078,456398.15437,563.0,1576.481,382905.6409
1757759880.0,242.91,243.04,242.9,242.9,2426.471,589609.96938,1035.0,1634.276,397113.05966
1757759940.0,242.9,242.91,242.7,242.72,1491.128,362026.38859,1084.0,409.083,99321.8949
1757760000.0,242.71,242.92,242.71,242.78,2056.324,499275.13496,1507.0,507.516,123226.47981
1757760060.0,242.77,242.79,242.59,242.6,1780.887,432213.38883,796.0,528.586,128301.13198
1757760120.0,242.59,242.73,242.59,242.6,1819.579,441481.39744,836.0,985.2,239033.57408
1757760180.0,242.6,242.64,242.53,242.56,2687.226,651866.00342,940.0,787.086,190924.56427
1757760240.0,242.57,242.57,242.51,242.52,1166.264,282855.21443,353.0,181.196,43948.43256
1757760300.0,242.51,242.64,242.51,242.61,1505.597,365197.18358,1187.0,1250.189,303241.4006
1757760360.0,242.62,242.62,242.41,242.43,1631.739,395684.4158,930.0,740.072,179449.72831
1757760420.0,242.43,242.43,242.31,242.31,1068.4,258929.62303,469.0,129.272,31325.98298
1757760480.0,242.32,242.35,242.26,242.31,1184.735,287063.5422,854.0,380.344,92157.66891
1757760540.0,242.31,242.32,242.25,242.28,2055.231,497962.57509,733.0,738.071,178828.32336
1757760600.0,242.28,242.31,242.24,242.3,911.181,220755.78734,426.0,438.906,106335.50466
1757760660.0,242.31,242.37,242.22,242.27,2669.526,646739.81983,1023.0,1126.522,272927.38788
1757760720.0,242.27,242.44,242.26,242.39,1191.331,288736.03767,725.0,971.965,235563.30118
1757760780.0,242.39,242.44,242.33,242.44,1170.872,283809.13555,760.0,736.724,178583.11195
1757760840.0,242.45,242.49,242.44,242.49,427.627,103685.16094,324.0,316.827,76819.45279
1757760900.0,242.48,242.65,242.48,242.6,2070.722,502322.68637,811.0,1817.937,440991.28313
1757760960.0,242.6,242.62,242.53,242.54,921.568,223538.48255,449.0,457.19,110896.1105
1757761020.0,242.54,242.62,242.53,242.61,2092.706,507673.92735,625.0,1499.816,363840.20625
1757761080.0,242.61,242.66,242.6,242.65,926.249,224709.70313,286.0,155.161,37643.70968
1757761140.0,242.65,242.67,242.64,242.64,501.699,121739.87178,245.0,430.383,104434.68574
1757761200.0,242.64,242.65,242.4,242.51,1383.19,335424.53676,926.0,238.286,57773.94933
1757761260.0,242.52,242.52,242.27,242.29,2154.669,522164.08087,760.0,623.691,151121.5917
1757761320.0,242.28,242.39,242.27,242.39,1638.581,397076.01314,662.0,1229.466,297946.8594
1757761380.0,242.39,242.43,242.35,242.37,968.844,234833.02508,619.0,364.691,88396.60255
1757761440.0,242.38,242.38,242.3,242.32,1071.888,259743.56701,394.0,777.921,188503.35064
1757761500.0,242.32,242.32,242.22,242.31,1709.732,414225.81443,710.0,330.12,79975.44687
1757761560.0,242.31,242.31,242.16,242.24,2310.821,559779.33158,1130.0,1172.385,284013.84931
1757761620.0,242.23,242.28,241.85,241.97,7010.405,1696580.62154,2732.0,1383.232,334757.03162
1757761680.0,241.97,241.97,241.87,241.9,3232.743,781999.64729,445.0,632.854,153086.76001
1757761740.0,241.91,241.91,241.76,241.78,2789.384,674575.63173,764.0,309.611,74867.22975
1757761800.0,241.79,241.89,241.78,241.89,1475.922,356877.54111,878.0,625.797,151325.85837
1757761860.0,241.88,241.89,241.74,241.74,890.478,215309.33794,503.0,274.485,66364.53625
1757761920.0,241.75,241.75,241.51,241.55,4170.995,1007691.82996,1386.0,1115.555,269500.23684
1757761980.0,241.55,241.58,241.5,241.55,3211.72,775775.66146,1040.0,1352.886,326782.19764
1757762040.0,241.55,241.56,241.29,241.53,14297.387,3451994.74804,1716.0,2067.915,499248.24932
1757762100.0,241.53,241.53,241.26,241.32,4096.667,989016.84381,1544.0,1407.463,339803.60708
1757762160.0,241.31,241.52,241.28,241.47,3017.26,728400.70931,1418.0,1135.077,274023.86751
1757762220.0,241.47,241.7,241.47,241.68,1469.839,355126.99845,969.0,1137.888,274926.95017
1757762280.0,241.68,241.7,241.59,241.62,1693.708,409281.28251,762.0,521.533,126037.16061
1757762340.0,241.62,241.63,241.53,241.56,2821.144,681486.6642,575.0,524.863,126787.53006
1757762400.0,241.57,241.67,241.56,241.66,1268.534,306494.42421,575.0,1081.868,261394.49955
1757762460.0,241.66,241.8,241.66,241.79,910.267,220034.86779,721.0,611.633,147845.27613
1757762520.0,241.8,242.04,241.8,242.03,2475.834,599021.66367,945.0,2262.321,547360.18305
1757762580.0,242.04,242.08,241.82,241.9,1743.658,421840.32534,1401.0,428.5,103664.85525
1757762640.0,241.89,241.96,241.88,241.89,1496.045,361916.02493,806.0,239.992,58063.52066
1757762700.0,241.89,242.15,241.88,242.1,2296.05,555707.66328,1331.0,1460.936,353576.62662
1757762760.0,242.1,242.11,241.93,241.93,1298.01,314139.9318,594.0,380.328,92062.96707
1757762820.0,241.94,241.95,241.91,241.92,827.725,200253.73207,336.0,269.556,65216.18124
1757762880.0,241.91,241.96,241.81,241.95,1500.8,363020.6062,869.0,1069.096,258598.05665
1757762940.0,241.96,242.03,241.93,241.96,1400.09,338793.14008,661.0,705.364,170679.97784
1757763000.0,241.97,242.01,241.96,241.97,533.301,129048.09432,337.0,211.185,51103.90148
1757763060.0,241.96,242.05,241.93,241.93,874.06,211501.4825,687.0,517.519,125230.68505
1757763120.0,241.94,241.94,241.8,241.89,1556.979,376579.93067,739.0,605.283,146392.82501
1757763180.0,241.89,242.02,241.88,242.01,1503.432,363784.74818,858.0,1293.375,312953.77722
1757763240.0,242.02,242.05,241.98,242.01,887.809,214859.78022,582.0,481.331,116485.76057
1757763300.0,242.0,242.05,242.0,242.04,721.66,174668.24745,451.0,460.072,111355.14373
1757763360.0,242.05,242.29,242.04,242.29,1451.886,351592.21747,913.0,1203.56,291465.82643
1757763420.0,242.28,242.36,242.24,242.35,2212.623,536166.84158,819.0,1806.19,437679.38058
1757763480.0,242.36,242.36,242.28,242.28,868.165,210386.84211,334.0,193.036,46777.49125
1757763540.0,242.29,242.38,242.28,242.38,1525.921,369795.8549,557.0,1356.894,328832.39031
1757763600.0,242.38,242.48,242.38,242.43,2465.916,597752.41043,692.0,2040.723,494682.91445
1757763660.0,242.44,242.45,242.35,242.45,2715.13,658196.88327,598.0,2496.478,605192.13534
1757763720.0,242.45,242.48,242.42,242.44,1057.7,256434.06289,560.0,781.762,189532.97708
1757763780.0,242.44,242.44,242.35,242.38,699.596,169577.29542,403.0,275.47,66773.58352
1757763840.0,242.37,242.5,242.37,242.43,1112.283,269655.09528,780.0,896.671,217381.22602
1757763900.0,242.44,242.44,242.14,242.18,2735.881,662811.77929,1031.0,520.188,125988.56466
1757763960.0,242.19,242.23,242.1,242.2,1754.796,424992.31287,924.0,402.865,97562.62606
1757764020.0,242.2,242.25,242.15,242.22,1179.59,285684.02882,666.0,831.891,201468.26824
1757764080.0,242.22,242.22,242.06,242.08,3249.048,786613.20957,824.0,435.446,105428.82896
1757764140.0,242.09,242.09,241.96,242.03,6908.758,1672038.68522,1275.0,1461.271,353628.05584
1757764200.0,242.02,242.11,241.96,242.03,4753.125,1150355.83137,1163.0,1035.707,250661.51021
1757764260.0,242.03,242.04,241.89,241.89,1541.871,373085.70473,550.0,179.244,43369.80155
1757764320.0,241.88,241.94,241.86,241.93,805.967,194958.73999,405.0,462.925,111983.46151
1757764380.0,241.94,241.94,241.87,241.87,680.223,164565.45931,325.0,222.787,53900.67534
1757764440.0,241.86,242.05,241.86,242.03,6989.136,1691129.69327,831.0,6698.194,1620737.63822
1757764500.0,242.04,242.2,241.99,242.0,9521.264,2305021.53913,984.0,5641.218,1365875.10775
1757764560.0,242.01,242.01,241.95,241.99,1316.531,318569.00234,462.0,801.895,194038.43735
1757764620.0,242.0,242.05,241.89,241.96,2372.046,573988.51314,761.0,1750.943,423706.93059
1757764680.0,241.96,241.96,241.88,241.88,1557.487,376771.64436,291.0,504.467,122028.98183
1757764740.0,241.89,241.94,241.87,241.93,1813.367,438653.87575,435.0,1320.723,319488.08727
1757764800.0,241.93,241.94,241.49,241.56,5835.381,1410066.56074,1738.0,499.113,120597.74525
1757764860.0,241.57,241.6,241.46,241.46,1984.823,479417.53786,1150.0,417.524,100844.47246
1757764920.0,241.47,241.56,241.47,241.49,1155.02,278966.85358,650.0,239.153,57761.20459
1757764980.0,241.49,241.54,241.45,241.45,955.123,230652.29409,627.0,222.787,53802.5994
1757765040.0,241.45,241.49,241.31,241.4,6115.919,1476336.21379,940.0,1012.076,244362.62537
1757765100.0,241.4,241.6,241.39,241.54,4112.315,993033.26092,965.0,2421.91,584882.91474
1757765160.0,241.54,241.54,241.43,241.47,1448.733,349827.10457,728.0,414.202,100017.27033
1757765220.0,241.47,241.63,241.47,241.6,449.176,108514.0657,488.0,198.318,47905.90055
1757765280.0,241.6,241.69,241.59,241.62,805.708,194684.71688,629.0,416.034,100529.42546
1757765340.0,241.63,241.74,241.63,241.71,960.453,232150.95183,429.0,683.302,165162.22755
1757765400.0,241.71,241.71,241.61,241.61,1142.158,276027.70984,398.0,926.98,224024.12137
1757765460.0,241.62,241.68,241.57,241.62,779.977,188456.25088,587.0,527.789,127525.90135
1757765520.0,241.63,241.76,241.63,241.68,955.212,230890.61517,825.0,380.432,91948.86153
1757765580.0,241.68,241.75,241.68,241.69,575.81,139190.78207,704.0,297.93,72019.25964
1757765640.0,241.7,241.8,241.69,241.8,6143.629,1485199.60102,695.0,6064.036,1465959.73629
1757765700.0,241.79,241.92,241.79,241.91,1114.046,269461.16089,699.0,807.769,195383.7397
1757765760.0,241.92,241.97,241.86,241.96,2172.823,525668.07649,948.0,1216.749,294358.49359
1757765820.0,241.96,242.02,241.96,241.98,1559.031,377264.547,560.0,1314.904,318186.55256
1757765880.0,241.99,242.08,241.94,241.97,1522.664,368469.52201,924.0,412.294,99778.95545
1757765940.0,241.96,242.17,241.96,242.16,902.47,218427.92762,758.0,728.916,176428.27677
1757766000.0,242.17,242.19,241.97,241.98,1193.543,288928.71913,871.0,181.435,43919.14103
1757766060.0,241.98,241.99,241.93,241.94,657.845,159172.63275,314.0,94.25,22805.16042
1757766120.0,241.94,242.04,241.93,241.97,861.949,208561.67586,715.0,443.757,107368.87813
1757766180.0,241.97,242.09,241.97,242.09,459.432,111199.10892,736.0,184.574,44673.55413
1757766240.0,242.09,242.1,242.05,242.08,287.602,69620.13607,278.0,163.034,39466.07703
1757766300.0,242.08,242.08,242.0,242.06,400.484,96938.03822,420.0,94.136,22784.92235
1757766360.0,242.05,242.1,242.03,242.04,1118.787,270829.24352,916.0,226.309,54782.33075
1757766420.0,242.03,242.1,242.01,242.05,1172.326,283763.11574,771.0,283.424,68603.74951
1757766480.0,242.04,242.1,242.04,242.09,532.023,128783.32452,292.0,479.386,116041.33375
1757766540.0,242.09,242.17,242.07,242.08,1357.559,328714.08721,700.0,920.888,222981.14028
1757766600.0,242.08,242.11,242.04,242.11,638.372,154537.82319,483.0,450.016,108942.61767
1757766660.0,242.11,242.27,242.11,242.22,1368.014,331359.57753,970.0,873.898,211678.46249
1757766720.0,242.22,242.36,242.22,242.36,1280.166,310226.78063,535.0,896.199,217191.25228
1757766780.0,242.36,242.39,242.31,242.36,886.751,214908.99162,427.0,383.592,92967.3371
1757766840.0,242.35,242.36,242.17,242.2,1467.872,355544.05939,687.0,649.098,157219.23254
1757766900.0,242.21,242.39,242.2,242.32,1094.45,265230.88813,756.0,534.8,129593.61947
1757766960.0,242.32,242.38,242.32,242.38,287.935,69775.08858,347.0,135.403,32812.6238
1757767020.0,242.39,242.4,242.22,242.28,5072.976,1229339.14124,1363.0,2914.131,706204.54722
1757767080.0,242.27,242.28,242.19,242.25,518.618,125625.52417,628.0,117.761,28527.43291
1757767140.0,242.25,242.36,242.25,242.27,518.119,125548.7393,765.0,314.633,76241.77205
1757767200.0,242.27,242.33,242.26,242.31,918.97,222652.89044,715.0,700.151,169636.14585
1757767260.0,242.31,242.37,242.25,242.37,831.872,201571.74556,958.0,573.509,138970.60117
1757767320.0,242.37,242.46,242.35,242.36,1645.438,398887.52711,685.0,1155.169,280053.29155
1757767380.0,242.36,242.36,242.27,242.34,720.266,174539.2007,737.0,450.225,109100.51576
1757767440.0,242.35,242.36,242.34,242.36,446.451,108197.93788,170.0,251.128,60861.73254
1757767500.0,242.35,242.42,242.25,242.25,2184.831,529494.29903,1015.0,677.619,164243.39153
1757767560.0,242.26,242.43,242.25,242.42,992.377,240523.88113,1015.0,621.819,150717.32222
1757767620.0,242.42,242.44,242.38,242.44,487.944,118288.52196,574.0,268.102,64994.51845
1757767680.0,242.44,242.47,242.35,242.46,1496.567,362802.74566,1187.0,1144.42,277443.63795
1757767740.0,242.46,242.49,242.45,242.48,1133.24,274783.60046,634.0,616.696,149532.9397
1757767800.0,242.49,242.55,242.39,242.39,1653.913,401091.25348,842.0,646.211,156719.94144
1757767860.0,242.39,242.45,242.38,242.44,794.831,192688.86382,616.0,732.31,177532.1746
1757767920.0,242.44,242.5,242.43,242.5,636.565,154345.96271,389.0,519.669,126005.67703
1757767980.0,242.49,242.51,242.45,242.51,971.335,235535.60084,440.0,464.032,112519.97578
1757768040.0,242.51,242.52,242.5,242.51,490.887,119043.42556,353.0,309.637,75090.07269
1757768100.0,242.52,242.53,242.51,242.53,666.214,161569.13979,225.0,375.689,91112.74975
1757768160.0,242.53,242.54,242.51,242.51,315.812,76593.58751,290.0,142.307,34514.18284
1757768220.0,242.51,242.51,242.36,242.38,1441.912,349581.26831,705.0,235.208,57020.57068
1757768280.0,242.39,242.4,242.37,242.4,580.397,140677.29381,229.0,314.328,76187.84016
1757768340.0,242.4,242.45,242.39,242.44,735.255,178230.75304,373.0,548.26,132901.40689
1757768400.0,242.45,242.45,242.3,242.3,1193.802,289321.53581,741.0,220.322,53395.30733
1757768460.0,242.29,242.31,242.26,242.31,574.919,139297.45319,387.0,300.806,72884.76916
1757768520.0,242.31,242.31,242.02,242.08,2048.687,496124.07873,1207.0,1094.103,264958.75182
1757768580.0,242.07,242.22,242.07,242.16,680.258,164728.89075,930.0,527.079,127635.21682
1757768640.0,242.16,242.26,242.16,242.19,647.279,156779.34313,678.0,516.541,125111.04102
1757768700.0,242.18,242.19,242.09,242.14,1462.984,354218.63486,943.0,943.919,228543.7684
1757768760.0,242.13,242.22,242.06,242.13,1505.736,364578.78077,1523.0,722.819,174997.51595
1757768820.0,242.13,242.25,242.04,242.04,576.986,139706.46104,974.0,238.169,57677.84457
1757768880.0,242.05,242.06,241.98,241.98,1442.853,349203.60115,779.0,283.022,68500.71998
1757768940.0,241.99,242.14,241.96,242.14,1687.105,408345.14779,882.0,278.913,67513.3521
1757769000.0,242.14,242.19,242.1,242.1,867.204,210020.36116,709.0,505.229,122361.14055
1757769060.0,242.1,242.32,242.1,242.32,921.118,223135.93308,857.0,583.734,141420.80907
1757769120.0,242.32,242.46,242.32,242.46,560.37,135835.15129,402.0,481.058,116610.73693
1757769180.0,242.46,242.48,242.45,242.46,693.533,168160.26314,270.0,169.968,41212.14136
1757769240.0,242.46,242.58,242.41,242.57,4489.429,1088716.94332,826.0,4188.037,1015634.82788
1757769300.0,242.57,242.59,242.35,242.39,1442.143,349653.22924,1081.0,461.307,111861.30789
1757769360.0,242.4,242.51,242.38,242.43,814.453,197450.73303,767.0,348.602,84516.15406
1757769420.0,242.43,242.51,242.4,242.51,898.757,217898.9244,781.0,593.223,143821.34502
1757769480.0,242.51,242.52,242.38,242.38,924.323,224140.22842,992.0,217.47,52732.93092
1757769540.0,242.39,242.47,242.35,242.37,641.532,155504.20375,701.0,188.071,45590.23679
1757769600.0,242.38,242.59,242.37,242.38,6524.64,1582165.22696,1293.0,1123.476,272431.48574
1757769660.0,242.38,242.41,242.31,242.36,1304.284,316108.80467,721.0,401.776,97366.67377
1757769720.0,242.35,242.46,242.35,242.39,448.937,108811.35632,500.0,212.798,51577.08331
1757769780.0,242.39,242.52,242.38,242.51,878.596,213009.23613,645.0,414.283,100434.43041
1757769840.0,242.51,242.76,242.51,242.71,2068.823,501978.76783,1118.0,1199.889,291152.0075
1757769900.0,242.71,242.9,242.7,242.86,9248.552,2245526.53594,1312.0,8295.731,2014174.08667
1757769960.0,242.86,243.09,242.83,243.06,3596.975,874054.29718,1400.0,2927.592,711385.70097
1757770020.0,243.05,243.09,242.94,243.05,2053.538,499017.20465,899.0,1046.629,254331.66503
1757770080.0,243.05,243.05,242.91,242.93,1145.978,278404.0033,847.0,575.654,139841.00688
1757770140.0,242.93,243.0,242.8,242.8,656.259,159432.79137,814.0,272.032,66085.3903
1757770200.0,242.8,242.81,242.54,242.54,1121.248,272123.60876,763.0,292.997,71104.49121
1757770260.0,242.55,242.55,242.38,242.38,1721.245,417376.14174,661.0,65.746,15942.27035
1757770320.0,242.39,242.39,241.99,242.09,2054.923,497641.62284,1446.0,474.915,114954.83528
1757770380.0,242.09,242.15,241.69,241.7,5451.624,1319008.91706,1894.0,1096.616,265398.58301
1757770440.0,241.7,241.86,241.65,241.68,2588.942,625877.34451,1553.0,1038.406,251049.16592
1757770500.0,241.68,241.77,241.57,241.57,6757.558,1633083.30623,1650.0,789.393,190774.94421
1757770560.0,241.57,241.69,241.5,241.63,2630.068,635389.25661,1304.0,925.089,223495.42562
1757770620.0,241.62,241.82,241.62,241.74,2050.953,495779.014,1420.0,579.95,140183.64547
1757770680.0,241.74,241.84,241.74,241.75,673.119,162746.82028,893.0,260.45,62973.51917
1757770740.0,241.74,241.94,241.74,241.89,834.969,201976.84076,944.0,287.758,69604.86497
1757770800.0,241.89,241.9,241.74,241.76,798.453,193049.12362,738.0,481.727,116464.36693
1757770860.0,241.77,241.88,241.76,241.84,1443.719,349116.04003,803.0,993.889,240344.43698
1757770920.0,241.84,241.87,241.72,241.73,1121.201,271107.7199,649.0,234.21,56644.52086
1757770980.0,241.73,241.73,241.56,241.56,1132.456,273648.94065,563.0,706.387,170696.66919
1757771040.0,241.57,241.69,241.56,241.69,453.259,109529.63972,508.0,368.255,88988.15957
1757771100.0,241.69,241.84,241.68,241.69,1879.178,454288.84114,1450.0,1043.617,252303.62719
1757771160.0,241.69,241.7,241.47,241.47,2537.596,612899.46957,681.0,258.243,62380.16768
1757771220.0,241.47,241.49,240.9,240.91,13042.71,3145251.13091,2898.0,1627.287,392500.82178
1757771280.0,240.91,241.2,240.91,240.97,6408.246,1544576.80259,2084.0,1929.071,464907.99842
1757771340.0,240.97,240.98,240.68,240.84,24439.877,5883664.71922,2783.0,16706.828,4021474.61381
1757771400.0,240.84,240.88,239.51,239.51,20082.226,4822926.07925,8050.0,2567.131,616098.04463
1757771460.0,239.52,239.76,238.1,238.25,49147.431,11743061.14734,17110.0,17215.38,4114359.66684
1757771520.0,238.21,239.32,237.93,239.11,31305.394,7468754.58321,12218.0,13988.336,3337613.96402
1757771580.0,239.11,239.72,239.1,239.61,9416.688,2255251.49461,5827.0,4884.23,1169698.8381
1757771640.0,239.6,239.9,239.55,239.69,4645.148,1113546.95825,3709.0,2250.381,539433.35458
1757771700.0,239.69,240.09,239.65,240.05,7203.146,1728385.74755,4163.0,5610.99,1346353.71314
1757771760.0,240.05,240.09,239.72,239.9,8934.703,2143413.97196,4391.0,2680.569,643020.12551
1757771820.0,239.91,240.27,239.86,240.11,4354.428,1045447.96857,2302.0,3029.132,727215.85237
1757771880.0,240.11,240.49,240.07,240.27,7139.522,1715223.87294,3238.0,3981.549,956580.28067
1757771940.0,240.26,240.53,239.99,240.06,8673.231,2083773.8135,3040.0,5872.662,1410717.83888
1757772000.0,240.06,240.11,239.69,239.69,7512.515,1802828.5083,3739.0,3078.257,738719.80105
1757772060.0,239.7,239.7,238.59,238.76,14052.188,3359540.61075,9622.0,3594.862,859083.99863
1757772120.0,238.77,239.15,238.7,238.78,10377.187,2479978.37353,7442.0,6019.334,1438469.72142
1757772180.0,238.78,239.26,238.66,239.26,8215.232,1963211.02693,5269.0,3887.407,928919.65537
1757772240.0,239.25,239.61,239.23,239.55,7455.152,1784619.265,4010.0,3998.519,957185.28524
1757772300.0,239.55,239.55,238.84,239.04,8239.755,1969748.58961,4426.0,2187.598,522899.96256
1757772360.0,239.05,239.25,239.0,239.22,9140.745,2185589.15083,3605.0,3969.003,948977.78278
1757772420.0,239.21,239.46,239.18,239.42,3669.526,878229.37676,2758.0,1873.549,448405.28223
1757772480.0,239.43,239.81,239.43,239.76,4301.431,1030683.05693,2347.0,3098.043,742364.38253
1757772540.0,239.77,239.88,239.65,239.84,2886.714,692215.58969,1990.0,1197.144,287064.74102
1757772600.0,239.85,240.01,239.79,240.0,2240.059,537507.55843,1630.0,1734.253,416161.16852
1757772660.0,240.0,240.05,239.67,239.77,5861.425,1405982.83146,2292.0,2349.662,563622.52383
1757772720.0,239.78,239.78,239.63,239.63,6151.544,1474435.7073,1767.0,1834.084,439605.90763
1757772780.0,239.64,239.65,239.23,239.37,4441.253,1063306.31922,2270.0,960.398,230013.94065
1757772840.0,239.37,239.61,239.34,239.59,4694.665,1124241.89968,1892.0,2713.809,649928.22451
1757772900.0,239.59,239.89,239.43,239.89,2727.12,653395.19298,2038.0,1618.664,387852.13136
1757772960.0,239.89,240.3,239.89,240.23,9653.913,2317272.29274,3092.0,6721.583,1613335.81745
1757773020.0,240.23,240.35,240.03,240.06,1804.721,433612.20791,1975.0,946.689,227483.78246
1757773080.0,240.06,240.38,240.01,240.25,3316.666,796753.04448,2364.0,1482.604,356198.48241
1757773140.0,240.25,240.49,240.16,240.42,5853.122,1406646.96055,2716.0,3126.738,751418.19438
1757773200.0,240.43,240.43,240.19,240.36,6116.781,1470232.14321,2275.0,1860.504,447160.14096
1757773260.0,240.35,240.36,240.11,240.12,2616.495,628532.99558,1541.0,1401.448,336609.57438
1757773320.0,240.11,240.53,240.03,240.34,3219.667,773537.67809,2325.0,2010.779,483062.05653
1757773380.0,240.34,240.53,240.33,240.47,2280.91,548492.29297,933.0,1709.136,411007.02493
1757773440.0,240.47,240.58,240.47,240.55,3220.782,774766.03198,923.0,2369.386,569956.77687
1757773500.0,240.56,240.63,240.48,240.48,2734.815,657908.0292,1510.0,1145.579,275586.59635
1757773560.0,240.48,240.57,240.43,240.53,1902.604,457590.63122,1514.0,845.301,203296.52337
1757773620.0,240.54,240.69,240.53,240.68,3602.231,866768.97997,1509.0,1548.923,372704.72994
1757773680.0,240.68,240.94,240.6,240.93,6077.718,1463027.25373,2182.0,4708.137,1133389.35571
1757773740.0,240.93,241.08,240.88,240.93,5110.2,1231518.42985,2417.0,3900.142,939917.00586
1757773800.0,240.92,240.99,240.91,240.91,736.495,177444.60061,709.0,201.686,48592.84336
1757773860.0,240.92,240.92,240.38,240.54,3552.889,854767.89094,2205.0,1162.022,279510.95684
1757773920.0,240.55,240.55,239.97,240.15,4843.582,1163119.06528,2259.0,854.936,205302.94054
1757773980.0,240.16,240.31,239.97,240.0,5813.372,1396234.71191,2250.0,2741.582,658508.54473
1757774040.0,240.0,240.04,239.85,239.89,2803.118,672599.19244,1305.0,1081.945,259630.61212
1757774100.0,239.89,240.29,239.89,240.23,3612.96,867384.2171,2120.0,1951.995,468601.12731
1757774160.0,240.23,240.26,239.86,239.94,1495.595,358977.17189,1832.0,357.829,85896.61906
1757774220.0,239.94,240.14,239.86,239.86,1161.253,278668.74659,1583.0,348.51,83647.08301
1757774280.0,239.86,239.91,239.59,239.6,2538.348,608572.25368,1389.0,829.058,198822.60217
1757774340.0,239.61,239.76,239.6,239.76,1080.84,259071.2107,820.0,433.958,104017.46785
1757774400.0,239.76,240.08,239.76,239.99,3389.424,813279.77772,1353.0,2175.063,521888.21382
1757774460.0,239.99,240.01,239.85,239.86,2032.989,487750.91506,1339.0,336.421,80711.42354
1757774520.0,239.86,239.93,239.86,239.91,2226.486,534113.02262,542.0,1150.271,275937.89449
1757774580.0,239.91,239.93,239.77,239.92,2530.415,606879.29198,959.0,854.09,204841.23095
1757774640.0,239.93,240.05,239.92,239.99,1850.566,444103.01612,950.0,1190.476,285674.13432
1757774700.0,240.0,240.09,239.95,240.08,1789.572,429508.57261,1134.0,746.163,179098.56394
1757774760.0,240.08,240.33,240.07,240.23,3217.886,773027.72245,2006.0,1821.552,437602.95628
1757774820.0,240.23,240.5,240.17,240.23,3925.705,943396.21564,1859.0,2437.009,585702.96655
1757774880.0,240.24,240.24,239.81,239.82,6226.55,1493979.58082,1856.0,1550.439,372072.98389
1757774940.0,239.82,240.05,239.81,240.02,1334.429,320195.62589,1452.0,484.651,116297.56564
1757775000.0,240.03,240.35,240.01,240.35,1421.119,341322.93163,1161.0,848.714,203862.70317
1757775060.0,240.34,240.39,240.26,240.3,624.416,150075.30733,662.0,237.265,57026.28869
1757775120.0,240.3,240.36,240.14,240.15,1497.685,359783.32013,819.0,270.7,65047.07533
1757775180.0,240.15,240.34,240.14,240.32,951.808,228695.35908,595.0,243.394,58476.19253
1757775240.0,240.33,240.38,240.24,240.36,1056.209,253821.12085,799.0,314.791,75647.68767
1757775300.0,240.36,240.37,240.22,240.36,1047.735,251793.34337,716.0,278.629,66958.40592
1757775360.0,240.36,240.62,240.36,240.57,849.312,204258.36721,855.0,677.701,162983.69986
1757775420.0,240.58,240.63,240.37,240.38,878.586,211322.68707,1009.0,328.986,79119.28598
1757775480.0,240.38,240.45,240.3,240.38,1725.021,414674.72137,816.0,205.554,49410.95199
1757775540.0,240.37,240.48,240.34,240.35,1499.229,360429.31095,659.0,1025.306,246486.73094
1757775600.0,240.35,240.44,240.26,240.26,1802.006,433107.17359,1396.0,853.069,205041.416
1757775660.0,240.27,240.4,240.22,240.29,1403.939,337352.07532,1114.0,717.847,172486.52075
1757775720.0,240.3,240.62,240.3,240.61,2067.264,497280.41746,1286.0,1456.582,350387.7975
1757775780.0,240.61,240.74,240.58,240.64,2145.157,516281.38006,897.0,1535.653,369605.40814
1757775840.0,240.64,240.67,240.38,240.43,1636.231,393648.89522,1382.0,449.976,108239.789
1757775900.0,240.43,240.75,240.43,240.71,1967.401,473483.15944,1201.0,1708.212,411107.58579
1757775960.0,240.7,240.8,240.69,240.75,2336.699,562571.8594,1057.0,1866.702,449414.01574
1757776020.0,240.75,240.83,240.68,240.7,2495.278,600783.14121,1192.0,1347.61,324476.17831
1757776080.0,240.71,240.79,240.65,240.74,1202.946,289586.33549,949.0,487.636,117388.57872
1757776140.0,240.73,240.73,240.54,240.55,1016.834,244694.40119,926.0,426.594,102664.71976
1757776200.0,240.54,240.6,240.43,240.45,1585.504,381350.41938,1060.0,568.099,136630.38881
1757776260.0,240.45,240.7,240.44,240.5,1599.522,384793.17301,1757.0,890.05,214103.2347
1757776320.0,240.5,240.62,240.49,240.59,1852.238,445558.62888,1327.0,1253.691,301567.35519
1757776380.0,240.6,240.76,240.39,240.6,4261.092,1024816.9733,2395.0,1380.18,332000.94437
1757776440.0,240.59,240.79,240.58,240.62,2378.872,572545.08867,1803.0,1302.188,313399.28584
1757776500.0,240.62,240.79,240.51,240.71,1257.563,302664.31592,1300.0,853.179,205321.77969
1757776560.0,240.7,240.81,240.69,240.71,1316.858,317036.26257,1279.0,582.699,140287.18731
1757776620.0,240.71,240.73,240.55,240.59,1414.069,340295.81784,1162.0,549.74,132286.31622
1757776680.0,240.6,240.73,240.6,240.73,1388.312,334123.32479,1018.0,985.615,237218.76405
1757776740.0,240.73,240.86,240.68,240.82,1395.064,335863.08871,983.0,1129.573,271949.84712
1757776800.0,240.82,240.83,240.71,240.77,1847.795,444932.46566,1041.0,1053.219,253618.28463
1757776860.0,240.76,240.84,240.69,240.81,1077.664,259478.99063,1038.0,622.285,149836.02308
1757776920.0,240.82,240.85,240.39,240.43,3455.543,831263.18443,1699.0,757.921,182331.99113
1757776980.0,240.42,240.5,240.23,240.3,1292.56,310638.99136,1168.0,430.945,103576.6065
1757777040.0,240.31,240.35,240.26,240.32,1086.222,261040.90614,832.0,476.851,114594.95003
1757777100.0,240.33,240.33,240.18,240.19,1113.796,267581.77662,1025.0,321.451,77229.73472
1757777160.0,240.18,240.41,240.15,240.15,1548.979,372176.89465,1270.0,647.658,155608.48353
1757777220.0,240.14,240.48,240.14,240.41,2978.52,715848.74981,1359.0,2218.956,533257.30909
1757777280.0,240.4,240.41,239.92,240.05,2862.44,687411.01296,1773.0,957.156,229966.76863
1757777340.0,240.04,240.2,240.04,240.19,1321.49,317350.83165,964.0,390.091,93676.80118
1757777400.0,240.2,240.26,239.72,239.81,2966.56,711717.96898,3607.0,1230.129,295133.55786
1757777460.0,239.81,239.81,238.78,238.94,12335.308,2951409.83437,6866.0,1808.123,432550.72003
1757777520.0,238.94,239.31,238.74,239.29,8265.841,1975053.09662,5352.0,3824.699,913924.59942
1757777580.0,239.29,239.52,239.09,239.3,3241.624,775810.21902,2912.0,1927.784,461438.50603
1757777640.0,239.31,239.46,239.07,239.26,3900.252,932956.26938,2169.0,578.288,138372.09088
1757777700.0,239.26,239.53,239.17,239.32,2631.978,629818.86388,2018.0,1076.554,257671.25994
1757777760.0,239.32,239.32,238.92,239.03,3518.614,841225.49825,2629.0,561.637,134291.37533
1757777820.0,239.03,239.04,238.74,238.8,2271.384,542551.77427,1938.0,791.332,189009.86161
1757777880.0,238.81,238.87,238.77,238.81,1166.538,278587.5176,906.0,397.374,94898.09928
1757777940.0,238.82,239.06,238.82,238.96,2835.738,677713.76777,1434.0,815.925,194995.407
1757778000.0,238.96,239.3,238.95,239.11,1777.574,424986.77445,1841.0,583.397,139483.51766
1757778060.0,239.11,239.14,238.76,238.95,3554.541,849201.45846,2182.0,1795.875,429024.14664
1757778120.0,238.95,238.99,238.5,238.65,4706.422,1123247.28089,2860.0,771.438,184059.07949
1757778180.0,238.65,239.02,238.57,239.0,2437.621,582191.809,2192.0,1127.147,269190.75506
1757778240.0,239.0,239.07,238.82,239.07,2315.066,553271.29422,1312.0,561.967,134302.48268
1757778300.0,239.06,239.39,239.06,239.36,1662.796,397751.02325,917.0,1006.273,240710.75751
1757778360.0,239.36,239.59,239.24,239.45,5232.347,1252768.15545,2412.0,2494.659,597294.36895
1757778420.0,239.45,239.53,239.17,239.31,970.202,232237.87007,1365.0,417.43,99944.53403
1757778480.0,239.32,239.42,239.13,239.19,1690.973,404469.57671,2060.0,1248.369,298590.55425
1757778540.0,239.18,239.19,238.94,239.1,2261.484,540585.90376,1628.0,363.923,86987.62489
1757778600.0,239.1,239.39,239.06,239.18,2990.413,715450.87025,2034.0,428.952,102610.44942
1757778660.0,239.18,239.47,239.18,239.34,2312.471,553400.24415,1413.0,857.32,205147.50934
1757778720.0,239.34,239.37,239.2,239.34,961.867,230186.36895,1307.0,203.684,48743.24456
1757778780.0,239.34,239.49,239.31,239.38,1454.11,348047.44433,1170.0,500.053,119692.88218
1757778840.0,239.37,239.37,239.06,239.18,4009.916,958993.50772,1597.0,575.365,137608.63045
1757778900.0,239.18,239.34,239.13,239.25,1348.994,322737.30867,1055.0,663.102,158629.90996
1757778960.0,239.25,239.3,239.11,239.12,1124.668,269056.48798,887.0,221.081,52881.36156
1757779020.0,239.11,239.14,238.91,239.01,2246.186,536816.11416,1061.0,513.257,122666.55654
1757779080.0,239.01,239.3,239.0,239.3,639.874,153010.00265,1023.0,359.515,85969.45464
1757779140.0,239.29,239.44,239.17,239.43,1726.656,413149.49847,1203.0,1103.845,264122.54164
1757779200.0,239.43,239.48,239.16,239.24,2089.091,499981.01779,1785.0,364.353,87188.23742
1757779260.0,239.25,239.35,239.16,239.34,967.629,231512.6045,1237.0,634.35,151773.74154
1757779320.0,239.35,239.48,239.28,239.48,2089.032,500176.42535,1223.0,1678.38,401873.7234
1757779380.0,239.47,239.62,239.34,239.58,10650.332,2550641.52113,1847.0,9870.966,2363979.48037
1757779440.0,239.58,239.69,239.14,239.36,4291.375,1027259.55473,1953.0,1424.589,341051.50575
1757779500.0,239.36,239.53,239.21,239.33,4901.401,1173322.23145,1980.0,925.482,221495.46194
1757779560.0,239.33,239.56,239.32,239.51,1239.223,296728.89914,1126.0,515.694,123482.52227
1757779620.0,239.51,239.52,238.95,238.96,1723.087,412041.19928,1827.0,564.558,134955.97723
1757779680.0,238.96,238.97,238.26,238.49,7973.647,1901528.67254,5660.0,1587.056,378442.29145
1757779740.0,238.49,238.81,238.49,238.79,1829.84,436780.17107,1875.0,914.687,218307.5111
1757779800.0,238.79,238.89,238.43,238.81,1472.316,351398.33251,2635.0,434.809,103787.81358
1757779860.0,238.81,238.86,238.16,238.22,3847.457,916928.58038,3746.0,915.213,218103.16113
1757779920.0,238.23,238.35,238.16,238.35,2490.292,593274.9538,1618.0,966.466,230259.14682
1757779980.0,238.35,238.92,238.34,238.82,4667.946,1113959.01061,2553.0,3357.107,801047.10081
1757780040.0,238.82,238.92,238.65,238.84,2946.038,703507.45158,1741.0,909.481,217173.35239
1757780100.0,238.84,238.84,238.55,238.76,2205.74,526426.57856,2134.0,777.589,185557.99785
1757780160.0,238.76,238.77,238.4,238.42,2426.35,578744.68866,2346.0,610.306,145583.48552
1757780220.0,238.42,238.45,238.09,238.39,4420.167,1053020.72828,2186.0,1811.51,431613.54472
1757780280.0,238.38,238.44,238.2,238.26,1706.282,406667.76169,1911.0,525.294,125204.79832
1757780340.0,238.27,238.5,238.2,238.44,1737.559,414112.4039,1626.0,605.29,144272.36119
1757780400.0,238.44,238.75,238.4,238.57,2573.234,613963.33516,2212.0,1756.682,419157.96732
1757780460.0,238.56,238.58,238.13,238.19,4856.124,1157273.59885,2812.0,1590.926,379047.97591
1757780520.0,238.19,238.44,238.14,238.37,2399.267,571735.5361,1939.0,493.616,117625.21679
1757780580.0,238.37,238.64,238.36,238.52,1353.084,322708.7448,1495.0,494.953,118038.78895
1757780640.0,238.51,238.8,238.33,238.79,2949.458,703503.84082,1939.0,2335.203,557064.35718
1757780700.0,238.8,239.0,238.68,238.75,2192.318,523710.93695,1882.0,1522.976,363845.3522
1757780760.0,238.76,238.98,238.51,238.51,1912.527,456708.52967,1800.0,710.909,169803.11019
1757780820.0,238.51,238.74,238.43,238.73,1420.765,338962.56986,2523.0,658.201,157052.36574
1757780880.0,238.73,238.87,238.73,238.8,1104.609,263815.07091,1166.0,647.797,154711.10751
1757780940.0,238.81,238.9,238.77,238.78,2859.502,682949.35868,1246.0,922.823,220408.51304
1757781000.0,238.77,239.08,238.74,238.98,2475.637,591573.73683,1826.0,1992.992,476226.72606
1757781060.0,238.98,239.09,238.94,239.06,601.172,143709.46032,762.0,254.485,60833.51756
1757781120.0,239.06,239.06,238.84,238.84,959.949,229379.96836,1750.0,216.887,51819.35149
1757781180.0,238.83,238.88,238.73,238.73,4511.119,1077288.44337,1606.0,982.307,234600.25731
1757781240.0,238.73,239.04,238.7,239.02,773.821,184863.90725,1085.0,435.594,104060.14734
1757781300.0,239.02,239.06,238.85,239.06,489.62,117011.4408,1034.0,245.459,58664.28544
1757781360.0,239.06,239.32,239.06,239.11,2453.476,586788.975,1292.0,2045.838,489286.4723
1757781420.0,239.12,239.25,239.08,239.17,1722.248,411941.24878,1370.0,1413.526,338109.68789
1757781480.0,239.17,239.32,239.07,239.24,928.045,221970.65827,1307.0,392.224,93820.3473
1757781540.0,239.24,239.24,238.97,239.01,1240.473,296540.15148,1084.0,554.563,132566.38671
1757781600.0,239.01,239.09,238.61,238.65,919.755,219661.75421,1003.0,183.539,43833.7048
1757781660.0,238.65,238.79,238.38,238.41,2031.405,484789.92336,1564.0,1174.684,280390.40777
1757781720.0,238.42,238.44,238.12,238.27,10388.524,2475376.79363,1761.0,765.053,182312.21226
1757781780.0,238.27,238.4,237.42,238.08,27473.858,6533954.20261,8268.0,8929.851,2122920.77284
1757781840.0,238.08,238.5,237.97,238.49,4005.753,954325.52178,4174.0,2470.272,588551.51058
1757781900.0,238.5,238.71,238.36,238.41,2821.286,672986.93684,2905.0,692.592,165229.86002
1757781960.0,238.41,238.41,238.11,238.24,2547.86,606951.50432,2625.0,912.495,217368.27838
1757782020.0,238.24,238.29,237.64,237.65,4055.361,964918.80497,3424.0,1054.047,250825.25404
1757782080.0,237.64,238.16,237.58,238.08,4482.365,1066477.53172,4854.0,3087.284,734611.32413
1757782140.0,238.09,238.21,237.85,237.92,3284.837,781815.39903,2965.0,657.109,156397.31831
1757782200.0,237.92,238.29,237.92,238.28,2343.194,558033.58897,2526.0,1444.616,344041.57756
1757782260.0,238.28,238.44,238.11,238.16,2407.59,573772.02706,2278.0,918.847,218982.7038
1757782320.0,238.17,238.37,238.04,238.37,1632.643,388882.30878,2086.0,646.618,154032.84627
1757782380.0,238.37,238.41,238.2,238.26,3694.445,880584.59892,2033.0,2100.552,500705.15031
1757782440.0,238.25,238.39,237.94,237.94,1752.232,417313.85843,1438.0,546.987,130282.35142
1757782500.0,237.95,238.06,237.74,237.87,2446.817,582150.44144,2021.0,782.554,186167.7583
1757782560.0,237.86,237.94,237.62,237.93,3915.49,930888.71778,2378.0,1029.563,244803.76312
1757782620.0,237.94,238.0,237.79,237.82,2513.116,597896.50933,1741.0,1092.79,259954.24578
1757782680.0,237.82,237.85,237.68,237.69,1709.177,406394.33688,1699.0,727.519,172975.65468
1757782740.0,237.69,237.79,237.33,237.52,4055.15,963029.02452,3022.0,1179.56,280152.8257
1757782800.0,237.53,237.74,237.33,237.33,10068.65,2391661.85544,7197.0,4700.18,1116502.29239
1757782860.0,237.33,237.37,236.33,236.45,30814.092,7298802.10956,13749.0,8558.799,2026781.36557
1757782920.0,236.44,236.52,235.73,236.48,26944.392,6360725.68505,10842.0,8872.199,2094006.2969
1757782980.0,236.49,237.1,236.37,237.01,5835.822,1382086.50093,5406.0,3974.144,941195.10019
1757783040.0,237.01,237.15,236.73,237.11,2177.467,515934.53367,3153.0,1315.536,311711.01216
1757783100.0,237.11,237.47,236.92,237.43,3972.786,942518.11797,3196.0,2750.59,652491.47159
1757783160.0,237.43,237.53,237.0,237.02,2097.454,497621.83691,2942.0,1063.938,252444.61575
1757783220.0,237.03,237.09,236.81,236.99,3587.559,850191.91813,2493.0,1169.924,277262.0661
1757783280.0,236.99,237.05,236.36,236.48,3606.79,853440.74407,3031.0,890.405,210612.2414
1757783340.0,236.49,236.56,236.24,236.26,2429.101,574192.03364,2959.0,1030.276,243551.3548
1757783400.0,236.26,236.54,236.26,236.5,3041.709,719038.89761,3156.0,1766.872,417699.35797
1757783460.0,236.5,236.91,236.5,236.91,3417.387,808764.2043,3025.0,2147.184,508138.03133
1757783520.0,236.9,236.95,236.66,236.72,2313.122,547619.23986,2341.0,399.409,94575.88587
1757783580.0,236.72,236.98,236.72,236.77,2285.545,541449.9591,1763.0,449.619,106507.03147
1757783640.0,236.76,236.76,235.95,236.2,14296.445,3378476.80806,8576.0,5981.223,1413385.46344
1757783700.0,236.2,236.77,236.18,236.7,3306.256,782091.91898,4806.0,1762.519,416889.77491
1757783760.0,236.71,236.99,236.67,236.93,2781.959,658930.33784,2381.0,1105.274,261788.11352
1757783820.0,236.92,236.97,236.7,236.71,2066.546,489392.57644,3061.0,1058.788,250726.62002
1757783880.0,236.71,236.77,236.27,236.33,6005.663,1420246.97486,2855.0,1235.419,292110.4562
1757783940.0,236.33,236.6,236.14,236.6,4001.813,945761.4286,2196.0,1727.795,408398.47183
1757784000.0,236.6,236.89,236.59,236.89,1962.161,464527.86227,1466.0,1596.556,377975.71672
1757784060.0,236.89,237.19,236.85,237.12,4833.056,1145692.62232,2799.0,2850.951,675690.43667
1757784120.0,237.11,237.28,237.06,237.28,1388.819,329408.36847,1252.0,624.039,148030.24715
1757784180.0,237.27,237.4,237.1,237.36,1851.866,439433.25013,1861.0,1350.031,320374.57015
1757784240.0,237.36,237.41,237.16,237.34,4196.231,995677.61632,2014.0,3109.723,737862.66087
1757784300.0,237.33,237.37,237.11,237.2,2073.584,491995.99079,1225.0,1704.458,404426.31817
1757784360.0,237.19,237.36,237.19,237.35,1603.976,380553.50082,1235.0,1287.073,305361.12022
1757784420.0,237.35,237.44,237.31,237.33,1194.556,283559.83372,866.0,770.998,183023.16493
1757784480.0,237.33,237.49,237.24,237.28,2166.035,514179.44369,1350.0,1168.491,277422.90098
1757784540.0,237.29,237.29,237.08,237.1,1884.37,446921.414,939.0,302.277,71688.21674
1757784600.0,237.1,237.31,236.93,237.3,1632.232,387014.94006,1728.0,938.679,222592.13467
1757784660.0,237.31,237.55,237.27,237.52,2485.076,590070.08863,1912.0,1500.152,356189.10513
1757784720.0,237.53,237.57,237.27,237.53,3810.063,904728.06206,1880.0,787.362,186974.10751
1757784780.0,237.53,237.75,237.51,237.66,2409.963,572710.68485,1836.0,1897.142,450837.51201
1757784840.0,237.67,237.77,237.63,237.63,972.63,231189.37834,1113.0,564.92,134281.23492
1757784900.0,237.63,237.63,237.41,237.63,2755.827,654561.68523,1506.0,1109.313,263472.10551
1757784960.0,237.63,237.75,237.6,237.73,871.504,207127.00842,805.0,522.805,124248.80266
1757785020.0,237.73,237.74,237.45,237.52,1174.602,279111.40895,953.0,352.971,83876.64509
1757785080.0,237.51,237.59,237.5,237.57,832.813,197820.1984,899.0,464.055,110230.29847
1757785140.0,237.57,237.64,237.53,237.56,901.084,214086.68192,856.0,251.986,59870.28497
1757785200.0,237.56,237.73,237.51,237.71,1114.837,264915.36855,1493.0,491.626,116823.97151
1757785260.0,237.7,237.79,237.67,237.79,753.348,179086.66224,512.0,401.242,95393.86035
1757785320.0,237.79,237.85,237.78,237.84,452.792,107683.22967,441.0,331.103,78744.22183
1757785380.0,237.84,237.89,237.78,237.8,1437.056,341821.76695,772.0,881.423,209658.85112
1757785440.0,237.81,237.86,237.74,237.81,3760.878,894318.10403,937.0,3474.666,826253.0415
1757785500.0,237.81,237.86,237.63,237.65,915.195,217626.66202,951.0,720.694,171386.75532
1757785560.0,237.66,237.81,237.65,237.81,563.259,133898.46121,794.0,438.669,104283.0617
1757785620.0,237.81,238.11,237.81,238.09,2955.672,703336.6106,1530.0,2625.927,624870.91717
1757785680.0,238.08,238.17,238.05,238.16,2812.64,669739.89016,926.0,1435.039,341727.31943
1757785740.0,238.17,238.32,238.16,238.32,3000.602,714896.92178,1075.0,2078.311,495140.59774
1757785800.0,238.33,238.38,238.27,238.38,1090.644,259923.39864,659.0,419.153,99895.58029
1757785860.0,238.38,238.41,238.18,238.18,1463.642,348788.80737,855.0,632.31,150679.22782
1757785920.0,238.19,238.27,238.13,238.19,2278.489,542732.21626,1065.0,1444.916,344144.19414
1757785980.0,238.2,238.3,238.19,238.27,679.833,161984.94096,499.0,502.76,119792.97382
1757786040.0,238.28,238.28,238.08,238.1,1477.892,351977.12211,699.0,400.689,95445.79561
1757786100.0,238.11,238.11,237.93,238.01,1391.494,331190.76544,973.0,343.21,81684.18954
1757786160.0,238.0,238.05,237.91,237.93,1568.188,373213.01857,1136.0,973.817,231768.16796
1757786220.0,237.93,238.1,237.88,237.99,500.846,119195.01196,897.0,186.728,44443.68975
1757786280.0,237.98,237.98,237.81,237.9,2582.732,614379.77056,743.0,2264.19,538609.4
1757786340.0,237.89,237.93,237.8,237.8,475.87,113195.81703,493.0,212.358,50513.70693
1757786400.0,237.8,237.87,237.71,237.73,952.355,226455.58371,843.0,506.149,120352.87906
1757786460.0,237.74,237.74,237.5,237.54,999.007,237367.0162,1264.0,331.651,78789.47174
1757786520.0,237.54,237.88,237.52,237.88,1153.457,274126.93029,1235.0,934.115,221986.46534
1757786580.0,237.88,237.97,237.73,237.96,463.012,110123.53956,1160.0,262.874,62524.10474
1757786640.0,237.96,237.97,237.59,237.73,420.62,99986.36693,1099.0,179.976,42771.06127
1757786700.0,237.73,237.73,237.45,237.47,1129.133,268204.54028,1244.0,431.314,102438.09684
1757786760.0,237.47,237.59,237.41,237.49,2587.398,614389.7838,1137.0,280.199,66544.73507
1757786820.0,237.49,237.57,237.15,237.15,2587.11,613935.61405,1858.0,983.818,233445.62881
1757786880.0,237.16,237.36,237.15,237.34,1914.766,454270.16369,1467.0,1399.543,332011.85105
1757786940.0,237.34,237.65,237.34,237.65,424.159,100728.30608,1099.0,376.564,89427.81311
1757787000.0,237.65,237.82,237.6,237.82,1042.621,247841.59234,1048.0,756.18,179750.55368
1757787060.0,237.82,237.9,237.78,237.83,1094.762,260388.04478,989.0,869.581,206826.34793
1757787120.0,237.82,237.9,237.64,237.9,286.159,68040.70363,1104.0,146.002,34718.28884
1757787180.0,237.89,238.0,237.89,238.0,457.497,108849.41401,420.0,286.613,68191.96948
1757787240.0,238.0,238.14,237.99,238.1,2077.18,494567.31758,1025.0,891.705,212295.47887
1757787300.0,238.09,238.19,238.0,238.06,1084.082,258141.15206,920.0,800.252,190555.69859
1757787360.0,238.06,238.08,237.98,238.05,255.646,60853.31936,696.0,150.457,35813.10409
1757787420.0,238.04,238.12,237.99,238.07,913.26,217431.33457,710.0,397.565,94650.96278
1757787480.0,238.07,238.07,238.05,238.05,10.824,2576.83086,48.0,0.0,0.0
